doctor_id,first_name,last_name,age,email,specialty,years_of_experience,patient_id
11302,Aurilia,Mailey,66,amailey0@blogspot.com,Cardiology,7,619486079
11303,Selina,Gyer,70,sgyer1@alibaba.com,Dermatology,6,892708688
11304,Hanni,Byfield,44,hbyfield2@mozilla.com,Neurology,31,22195242
11305,Marjorie,Stollenberg,34,mstollenberg3@marriott.com,Cardiology,39,668808523
11306,Kerrill,Slite,36,kslite4@smh.com.au,Gastroenterology,26,467612663
11307,Romonda,Severs,63,rsevers5@macromedia.com,Dermatology,21,61715603
11308,Anissa,Kalvin,37,akalvin6@wiley.com,Dermatology,26,412618858
11309,Darrelle,Bafford,55,dbafford7@shutterfly.com,Psychiatry,19,947226484
11310,Delainey,Vyvyan,25,dvyvyan8@ucla.edu,Cardiology,19,801335117
11311,Marjy,Devericks,25,mdevericks9@latimes.com,Neurology,19,737229538
11312,Camellia,Privett,46,cprivetta@wunderground.com,Dermatology,28,636959196
11313,Darlleen,Bahde,38,dbahdeb@lulu.com,Neurology,7,299616270
11314,Weider,Seers,27,wseersc@dyndns.org,Neurology,1,998132204
11315,Giulio,Keme,41,gkemed@craigslist.org,Neurology,38,676991253
11316,Felicio,Cloutt,61,fcloutte@amazon.co.uk,Oncology,26,535659829
11317,Carmina,Randales,25,crandalesf@illinois.edu,Neurology,5,997566304
11318,Leland,Ledekker,38,lledekkerg@kickstarter.com,Psychiatry,4,518353983
11319,Toddie,Sorey,46,tsoreyh@wunderground.com,Pediatrics,40,973884491
11320,Nolly,Lenden,47,nlendeni@elegantthemes.com,Cardiology,17,19218704
11321,Olva,Fennelly,44,ofennellyj@sakura.ne.jp,Cardiology,21,270549175
11322,Montgomery,McGill,30,mmcgillk@dell.com,Cardiology,21,209923864
11323,Chrystel,Kleinholz,60,ckleinholzl@soundcloud.com,Psychiatry,7,137555123
11324,Morten,Pindar,48,mpindarm@mail.ru,Neurology,11,140977191
11325,Staci,Filochov,42,sfilochovn@intel.com,Surgery,27,636359507
11326,Cassy,Redman,25,credmano@odnoklassniki.ru,Surgery,9,70148713
11327,Federico,Bardill,36,fbardillp@europa.eu,Cardiology,26,383354783
11328,Beverlee,Barnhart,36,bbarnhartq@usnews.com,Dermatology,35,704120718
11329,Normie,Whickman,30,nwhickmanr@smh.com.au,Neurology,25,268909923
11330,Derward,Hallgath,69,dhallgaths@tumblr.com,Cardiology,27,451085417
11331,Cherlyn,Gaskins,27,cgaskinst@fc2.com,Gastroenterology,12,175968229
11332,Wallis,MacLeod,56,wmacleodu@noaa.gov,Neurology,10,610584136
11333,Laina,McCrum,36,lmccrumv@columbia.edu,Psychiatry,33,561344897
11334,Massimiliano,Moston,62,mmostonw@gravatar.com,Oncology,4,998726632
11335,Kris,Gasticke,66,kgastickex@stanford.edu,Gastroenterology,16,337089339
11336,Lon,Cokely,39,lcokelyy@merriam-webster.com,Oncology,18,706231568
11337,Jeremias,Giovannini,48,jgiovanniniz@answers.com,Neurology,37,918665870
11338,Zeb,Bartalini,41,zbartalini10@cargocollective.com,Gastroenterology,39,705611321
11339,Saw,Johnys,44,sjohnys11@mapy.cz,Psychiatry,21,270932787
11340,Dorris,Ferminger,67,dferminger12@uol.com.br,Cardiology,16,223978219
11341,Allsun,Broughton,67,abroughton13@berkeley.edu,Neurology,11,149248170
11342,Bert,Chivers,66,bchivers14@icq.com,Neurology,27,265070821
11343,Saunders,Rolfi,67,srolfi15@ted.com,Pediatrics,14,545441107
11344,Othello,MacCrann,66,omaccrann16@google.com.hk,Oncology,10,485141889
11345,Darcey,Caneo,25,dcaneo17@imageshack.us,Psychiatry,17,763165452
11346,Bradly,Dive,50,bdive18@alibaba.com,Oncology,26,685725493
11347,Lynn,Dale,57,ldale19@uol.com.br,Gastroenterology,26,182844664
11348,Chandal,Proswell,42,cproswell1a@ftc.gov,Gastroenterology,33,916677356
11349,Aurora,Scholte,67,ascholte1b@newyorker.com,Psychiatry,15,357367853
11350,Uta,Killock,50,ukillock1c@cnn.com,Surgery,13,622392191
11351,Tobie,Spatoni,35,tspatoni1d@myspace.com,Psychiatry,12,43273828
11352,Jermain,Jammet,33,jjammet1e@yelp.com,Gastroenterology,14,86155929
11353,Jarret,Pitchford,36,jpitchford1f@360.cn,Dermatology,27,507055576
11354,Henka,Blasetti,68,hblasetti1g@ft.com,Cardiology,1,307893801
11355,Vernice,Eim,30,veim1h@mlb.com,Dermatology,3,663957156
11356,Norrie,Cottage,29,ncottage1i@earthlink.net,Oncology,32,714333176
11357,Salomon,Buxsy,45,sbuxsy1j@g.co,Neurology,24,400106479
11358,Arnold,Stannion,46,astannion1k@reverbnation.com,Pediatrics,14,995096308
11359,Juline,Figgins,32,jfiggins1l@google.de,Oncology,15,798502775
11360,Moyra,Beckham,41,mbeckham1m@edublogs.org,Gastroenterology,18,419853502
11361,Devin,McKinnell,51,dmckinnell1n@wordpress.org,Oncology,5,451414638
11362,Arlene,Canceller,69,acanceller1o@dailymail.co.uk,Gastroenterology,6,568952270
11363,Darin,Arunowicz,33,darunowicz1p@4shared.com,Oncology,31,493466447
11364,Marcellina,Heckner,56,mheckner1q@ow.ly,Gastroenterology,11,141915822
11365,Ellynn,McGillivray,25,emcgillivray1r@a8.net,Neurology,17,244505818
11366,Flin,Brodeau,52,fbrodeau1s@instagram.com,Dermatology,39,497746884
11367,Marj,Sertin,59,msertin1t@jugem.jp,Pediatrics,6,602220202
11368,Antoine,MacMorland,49,amacmorland1u@economist.com,Dermatology,5,428589723
11369,Bonnie,Ashmore,45,bashmore1v@globo.com,Pediatrics,19,281852462
11370,Howey,Chastang,44,hchastang1w@godaddy.com,Dermatology,3,819361042
11371,Rivi,Redgrave,46,rredgrave1x@spiegel.de,Oncology,23,893389209
11372,Leann,Ruf,30,lruf1y@hao123.com,Pediatrics,14,84494254
11373,Lilla,Beagrie,47,lbeagrie1z@house.gov,Dermatology,32,533454936
11374,Prentice,Virgin,66,pvirgin20@foxnews.com,Cardiology,16,819542153
11375,Clayborne,Pancost,62,cpancost21@hhs.gov,Dermatology,10,428101685
11376,Kippie,Kirtley,69,kkirtley22@columbia.edu,Dermatology,26,237724864
11377,Noby,Maitland,32,nmaitland23@blogspot.com,Pediatrics,26,807574651
11378,Terrel,Blenkharn,35,tblenkharn24@cnbc.com,Surgery,11,356217138
11379,Bertram,Fancourt,55,bfancourt25@guardian.co.uk,Surgery,25,264503896
11380,Margette,Grigorkin,47,mgrigorkin26@fotki.com,Oncology,33,332749365
11381,Cornall,Robiou,27,crobiou27@nationalgeographic.com,Dermatology,22,110885783
11382,Noble,Kidson,31,nkidson28@wikia.com,Pediatrics,4,435852138
11383,Anthia,Nicely,64,anicely29@altervista.org,Pediatrics,28,23289163
11384,Caren,Ivankov,28,civankov2a@sourceforge.net,Dermatology,31,210758845
11385,Eartha,Lawrinson,44,elawrinson2b@webmd.com,Pediatrics,26,420377926
11386,Rod,Reedick,26,rreedick2c@aboutads.info,Pediatrics,28,71883115
11387,Harold,Coulthurst,48,hcoulthurst2d@who.int,Surgery,36,519021437
11388,Sanson,Overbury,65,soverbury2e@sciencedaily.com,Surgery,23,819499806
11389,Durand,Domenici,38,ddomenici2f@live.com,Pediatrics,17,357174398
11390,Sheila,Carriage,52,scarriage2g@github.com,Pediatrics,3,118718403
11391,Bamby,Cheyne,68,bcheyne2h@xinhuanet.com,Pediatrics,31,682730119
11392,Carny,Bottby,32,cbottby2i@mac.com,Oncology,24,779692843
11393,Marlo,Lascell,53,mlascell2j@cmu.edu,Pediatrics,10,966561466
11394,Hobey,Copson,61,hcopson2k@comcast.net,Gastroenterology,26,428639568
11395,Lennard,Hollyman,30,lhollyman2l@chronoengine.com,Cardiology,39,872993792
11396,Christine,Clemson,64,cclemson2m@baidu.com,Psychiatry,20,211820509
11397,Myra,Aldcorn,40,maldcorn2n@oracle.com,Surgery,40,973051723
11398,Efren,Ketchaside,64,eketchaside2o@macromedia.com,Psychiatry,18,402541488
11399,Warner,Broseke,57,wbroseke2p@free.fr,Psychiatry,18,812263271
11400,Klement,Pavelin,39,kpavelin2q@fc2.com,Dermatology,28,486519720
11401,Berna,Collumbine,42,bcollumbine2r@live.com,Neurology,25,263114127
11402,Cassandry,Forge,29,cforge2s@cpanel.net,Cardiology,8,363429428
11403,Odilia,Loxley,35,oloxley2t@wiley.com,Psychiatry,34,980267652
11404,Sheila-kathryn,Jaray,69,sjaray2u@constantcontact.com,Cardiology,32,625704501
11405,Uri,Timbs,27,utimbs2v@dailymotion.com,Cardiology,31,27052530
11406,Cathryn,Godon,52,cgodon2w@salon.com,Gastroenterology,36,580152369
11407,Kelcey,Scobbie,70,kscobbie2x@github.com,Psychiatry,40,665158476
11408,Erl,Blackaller,42,eblackaller2y@edublogs.org,Oncology,9,868965426
11409,Grady,Bartholat,49,gbartholat2z@google.nl,Dermatology,19,170168746
11410,Giulietta,Pennings,58,gpennings30@google.com,Dermatology,8,850786317
11411,Eada,Sumpter,47,esumpter31@nationalgeographic.com,Gastroenterology,15,986935235
11412,Kendre,Swatridge,29,kswatridge32@comsenz.com,Psychiatry,22,330037848
11413,Alonso,Tillyer,45,atillyer33@mapy.cz,Neurology,14,863907370
11414,Britta,Cabrera,36,bcabrera34@timesonline.co.uk,Psychiatry,9,637676207
11415,Charmaine,Menichino,48,cmenichino35@engadget.com,Gastroenterology,26,355755490
11416,Care,Keningham,58,ckeningham36@illinois.edu,Oncology,19,758980115
11417,Flem,Shillabear,40,fshillabear37@netvibes.com,Psychiatry,11,927568245
11418,Claudell,Boules,36,cboules38@rakuten.co.jp,Oncology,11,556553122
11419,Mellicent,Retchford,37,mretchford39@unc.edu,Surgery,3,265104769
11420,Linnea,Gilpin,67,lgilpin3a@instagram.com,Dermatology,19,495145350
11421,Ian,Keilloh,56,ikeilloh3b@google.co.uk,Surgery,7,542987340
11422,Drona,Gourley,62,dgourley3c@feedburner.com,Dermatology,7,343416509
11423,Jacqueline,Ledwith,62,jledwith3d@deliciousdays.com,Oncology,34,879419974
11424,Barth,Noir,54,bnoir3e@a8.net,Surgery,16,465471842
11425,Ilario,Roggers,69,iroggers3f@mediafire.com,Oncology,21,394561574
11426,Brucie,Beagles,66,bbeagles3g@sbwire.com,Surgery,18,678980314
11427,Nyssa,Sciacovelli,54,nsciacovelli3h@flavors.me,Psychiatry,2,628975390
11428,Robena,Paulig,38,rpaulig3i@csmonitor.com,Cardiology,19,786632343
11429,Giraud,Shirtcliffe,64,gshirtcliffe3j@ycombinator.com,Surgery,31,780389679
11430,Waylon,Accombe,63,waccombe3k@hatena.ne.jp,Psychiatry,14,894988093
11431,Winn,Walklot,67,wwalklot3l@ifeng.com,Pediatrics,25,85912857
11432,Patty,Betjes,34,pbetjes3m@uiuc.edu,Surgery,31,464105653
11433,Laurens,Jesty,29,ljesty3n@vk.com,Dermatology,37,501240471
11434,Raimundo,Vasser,56,rvasser3o@nature.com,Dermatology,34,736976614
11435,Aurie,Saffell,31,asaffell3p@tinypic.com,Dermatology,28,189195112
11436,Mandel,Sapseed,28,msapseed3q@wisc.edu,Surgery,28,970400818
11437,Karee,Fry,25,kfry3r@sun.com,Oncology,5,328916208
11438,Archy,Dudson,41,adudson3s@wp.com,Psychiatry,13,725137844
11439,Teodorico,Mattiuzzi,67,tmattiuzzi3t@nature.com,Psychiatry,3,878816364
11440,Pete,Wonfor,33,pwonfor3u@prlog.org,Psychiatry,4,645873334
11441,Gail,Hessel,62,ghessel3v@latimes.com,Oncology,4,647910025
11442,Floris,Braid,29,fbraid3w@dailymail.co.uk,Oncology,21,807001272
11443,Byrle,Rimer,49,brimer3x@sogou.com,Dermatology,4,345537363
11444,Anselma,Amphlett,60,aamphlett3y@ucoz.com,Dermatology,7,972176057
11445,Ira,Smeal,49,ismeal3z@craigslist.org,Dermatology,18,923473238
11446,Katheryn,Zoephel,47,kzoephel40@fc2.com,Psychiatry,6,923137516
11447,Raynard,Celiz,32,rceliz41@apple.com,Cardiology,28,297181670
11448,Matt,Wicher,53,mwicher42@admin.ch,Psychiatry,9,830274531
11449,Silvanus,Woodman,35,swoodman43@biblegateway.com,Cardiology,27,967019844
11450,Engelbert,Crosoer,68,ecrosoer44@salon.com,Pediatrics,37,454949492
11451,Claudia,Hariot,60,chariot45@symantec.com,Neurology,33,317356374
11452,Carmen,Pygott,45,cpygott46@hexun.com,Neurology,1,98693118
11453,Skye,Inchboard,44,sinchboard47@instagram.com,Surgery,25,859007943
11454,Debra,Aitkenhead,56,daitkenhead48@free.fr,Gastroenterology,13,936928571
11455,Orin,Sidebotton,47,osidebotton49@adobe.com,Psychiatry,27,205802252
11456,Tanner,O'Nolan,44,tonolan4a@dedecms.com,Pediatrics,7,491186752
11457,Crystie,Brahm,38,cbrahm4b@wikimedia.org,Psychiatry,40,223671959
11458,Sigismund,Walker,59,swalker4c@amazon.co.uk,Psychiatry,40,574472765
11459,Russell,Benois,70,rbenois4d@go.com,Oncology,31,952307752
11460,Carree,Stockell,67,cstockell4e@goo.gl,Neurology,10,147194170
11461,Homere,Troman,37,htroman4f@dedecms.com,Oncology,14,854815299
11462,Far,Dopson,30,fdopson4g@elegantthemes.com,Cardiology,6,440602340
11463,Stevie,Aleso,30,saleso4h@oakley.com,Neurology,17,442514024
11464,Zack,Balloch,67,zballoch4i@cnet.com,Cardiology,11,367039032
11465,Yetty,Glawsop,30,yglawsop4j@amazon.de,Cardiology,35,221469783
11466,Gunter,Crossingham,26,gcrossingham4k@cargocollective.com,Gastroenterology,35,984167189
11467,Romeo,Freestone,46,rfreestone4l@woothemes.com,Neurology,30,787798578
11468,Anetta,Pool,56,apool4m@themeforest.net,Cardiology,5,142845775
11469,Eddie,Turnock,49,eturnock4n@biglobe.ne.jp,Gastroenterology,3,821563403
11470,Kalila,Guiraud,66,kguiraud4o@4shared.com,Neurology,33,113428938
11471,Birdie,Pepperill,55,bpepperill4p@vkontakte.ru,Pediatrics,23,278052903
11472,Armstrong,Brewers,60,abrewers4q@shutterfly.com,Dermatology,17,27219464
11473,Ketty,Morrant,69,kmorrant4r@purevolume.com,Dermatology,17,629539270
11474,Ludovika,Willcocks,28,lwillcocks4s@nps.gov,Dermatology,3,522766694
11475,Terra,Szimoni,36,tszimoni4t@jigsy.com,Surgery,24,704278225
11476,Fin,Peasee,40,fpeasee4u@omniture.com,Pediatrics,18,809434019
11477,Vern,Kindread,66,vkindread4v@time.com,Psychiatry,35,285355146
11478,Lowell,Kale,48,lkale4w@seesaa.net,Pediatrics,22,448795592
11479,Mavra,Applewhaite,57,mapplewhaite4x@whitehouse.gov,Neurology,14,330412646
11480,Shirley,Togher,69,stogher4y@over-blog.com,Pediatrics,39,936759440
11481,Desmond,Herculson,69,dherculson4z@icq.com,Psychiatry,34,617333642
11482,Jed,Darwent,47,jdarwent50@ocn.ne.jp,Oncology,8,149020403
11483,Jarret,Hurdidge,49,jhurdidge51@oaic.gov.au,Cardiology,15,589910221
11484,Helaine,Sleney,58,hsleney52@aol.com,Cardiology,26,518193599
11485,Jemie,MacPeice,70,jmacpeice53@prweb.com,Dermatology,36,242159553
11486,Ninetta,Garrioch,70,ngarrioch54@exblog.jp,Cardiology,32,134715238
11487,Baryram,Castagno,34,bcastagno55@desdev.cn,Cardiology,5,715650420
11488,Ginelle,Kopps,58,gkopps56@samsung.com,Surgery,20,914591828
11489,Elwin,Franklen,67,efranklen57@cam.ac.uk,Psychiatry,33,972153413
11490,Suzanne,Swainson,52,sswainson58@smugmug.com,Oncology,24,125269602
11491,Sheelagh,Norwell,26,snorwell59@odnoklassniki.ru,Neurology,32,719924698
11492,Alejoa,Kike,55,akike5a@drupal.org,Pediatrics,1,886564882
11493,Helenka,Cubbino,25,hcubbino5b@paginegialle.it,Psychiatry,23,91001578
11494,Parnell,Hulland,70,phulland5c@jigsy.com,Dermatology,32,772603404
11495,Franklin,Itscowicz,25,fitscowicz5d@printfriendly.com,Oncology,28,877066317
11496,Karim,Moulster,36,kmoulster5e@ibm.com,Dermatology,9,898517197
11497,Ricki,Haddow,27,rhaddow5f@topsy.com,Psychiatry,10,753891596
11498,Delmor,Pavlitschek,60,dpavlitschek5g@nps.gov,Neurology,26,62856092
11499,Cary,Stouther,70,cstouther5h@mozilla.com,Gastroenterology,8,986432212
11500,Amelita,Draycott,55,adraycott5i@blinklist.com,Dermatology,16,525470834
11501,Alvinia,Kinsella,29,akinsella5j@spotify.com,Surgery,26,700240328
11502,Cayla,Buckthorp,54,cbuckthorp5k@twitpic.com,Cardiology,3,320432402
11503,Kizzie,Frediani,56,kfrediani5l@pen.io,Dermatology,32,837749245
11504,Natalee,Wane,49,nwane5m@walmart.com,Pediatrics,2,559388733
11505,Clare,Swale,40,cswale5n@state.gov,Gastroenterology,29,231392472
11506,Bordy,Ondrus,57,bondrus5o@blogs.com,Neurology,40,821884164
11507,Aldridge,Toupe,43,atoupe5p@comcast.net,Gastroenterology,13,264174687
11508,Opaline,Smaile,34,osmaile5q@1und1.de,Neurology,24,84704238
11509,Toby,Snozzwell,32,tsnozzwell5r@de.vu,Oncology,13,666716175
11510,Philip,York,45,pyork5s@elegantthemes.com,Oncology,18,779941389
11511,Zacharie,Tompkins,61,ztompkins5t@nytimes.com,Surgery,23,316875241
11512,Josias,Plunkett,64,jplunkett5u@fotki.com,Pediatrics,40,145036888
11513,Barclay,Simms,29,bsimms5v@cloudflare.com,Gastroenterology,13,86604517
11514,Sallie,Aldham,41,saldham5w@ameblo.jp,Gastroenterology,36,848344783
11515,Zsa zsa,Millam,44,zmillam5x@reverbnation.com,Dermatology,31,565377768
11516,Lyssa,Jarrold,62,ljarrold5y@1und1.de,Dermatology,37,816548704
11517,Malvin,Bartholat,32,mbartholat5z@walmart.com,Cardiology,37,227010807
11518,Kingsly,Beevers,56,kbeevers60@engadget.com,Psychiatry,4,742041410
11519,Fransisco,Klezmski,30,fklezmski61@vistaprint.com,Dermatology,24,354636790
11520,Marcelia,Rainbow,36,mrainbow62@unc.edu,Gastroenterology,5,364779149
11521,Nicolis,Oatley,31,noatley63@go.com,Oncology,7,967051114
11522,Catha,Sofe,62,csofe64@utexas.edu,Cardiology,32,739531310
11523,Ellene,Avrahm,61,eavrahm65@webmd.com,Pediatrics,30,231170029
11524,Melody,Janczewski,30,mjanczewski66@google.ru,Psychiatry,21,415092686
11525,Betti,Blann,58,bblann67@reverbnation.com,Psychiatry,6,685766483
11526,Carmella,Prestie,44,cprestie68@t-online.de,Oncology,3,892466058
11527,Wade,Hefner,50,whefner69@hp.com,Surgery,37,667805562
11528,Flint,Macvain,51,fmacvain6a@vinaora.com,Neurology,15,345421752
11529,Dorian,Novotni,65,dnovotni6b@seattletimes.com,Psychiatry,31,197677169
11530,Jake,Cornwall,64,jcornwall6c@redcross.org,Dermatology,27,530103186
11531,Blanca,Bremmer,52,bbremmer6d@freewebs.com,Oncology,25,844561658
11532,Daffy,Ackwood,58,dackwood6e@slashdot.org,Oncology,32,316841341
11533,Sven,Leblanc,28,sleblanc6f@ucoz.ru,Pediatrics,37,322114020
11534,Jamison,Storms,56,jstorms6g@loc.gov,Cardiology,18,631285783
11535,Ibrahim,Rylstone,28,irylstone6h@hao123.com,Cardiology,1,747193545
11536,Tessa,Shyres,38,tshyres6i@google.com.hk,Pediatrics,14,857842158
11537,Alicia,Jellings,47,ajellings6j@springer.com,Psychiatry,26,847421326
11538,Dorise,Bantham,38,dbantham6k@marriott.com,Oncology,18,422046345
11539,Rudolfo,McElree,45,rmcelree6l@europa.eu,Dermatology,16,62674061
11540,Annabelle,Kyme,69,akyme6m@ft.com,Surgery,1,601918930
11541,Chiquia,Fairholme,29,cfairholme6n@blogs.com,Pediatrics,12,173607718
11542,Helaine,Egginton,34,hegginton6o@narod.ru,Pediatrics,34,785973041
11543,Frederich,Tyrone,61,ftyrone6p@sbwire.com,Gastroenterology,36,291078712
11544,Pia,Belamy,34,pbelamy6q@google.ru,Pediatrics,27,425269856
11545,Marvin,Drayn,29,mdrayn6r@bbc.co.uk,Dermatology,32,226934857
11546,Gaultiero,Simoneschi,41,gsimoneschi6s@earthlink.net,Surgery,9,120223760
11547,Manda,Thomtson,54,mthomtson6t@adobe.com,Psychiatry,30,448283482
11548,Robin,Buesnel,60,rbuesnel6u@upenn.edu,Oncology,33,170598357
11549,Reeba,Littleover,54,rlittleover6v@163.com,Gastroenterology,40,421045209
11550,Vern,Davern,67,vdavern6w@ameblo.jp,Psychiatry,22,607681595
11551,Noach,Smartman,60,nsmartman6x@google.ru,Pediatrics,6,889722477
11552,Bertrand,Stratten,67,bstratten6y@addthis.com,Cardiology,15,203000145
11553,Nikolos,Snalum,52,nsnalum6z@newyorker.com,Pediatrics,14,62505395
11554,Royce,MacMeekan,56,rmacmeekan70@symantec.com,Gastroenterology,21,814755149
11555,Simonette,Slowley,56,sslowley71@japanpost.jp,Psychiatry,16,981089876
11556,Ignatius,Klammt,69,iklammt72@gnu.org,Psychiatry,30,333845615
11557,Ripley,Benjefield,35,rbenjefield73@newyorker.com,Gastroenterology,16,553237679
11558,Elysha,Finan,52,efinan74@domainmarket.com,Pediatrics,17,204913870
11559,Fredia,Blitzer,54,fblitzer75@cbsnews.com,Gastroenterology,39,206636350
11560,Liva,Gimber,52,lgimber76@behance.net,Neurology,31,790878684
11561,Neysa,Kingwell,64,nkingwell77@ted.com,Cardiology,27,975972568
11562,Kingston,Brailey,56,kbrailey78@yandex.ru,Cardiology,6,225299968
11563,Man,Milmo,27,mmilmo79@com.com,Neurology,24,290533830
11564,Michele,Huggens,48,mhuggens7a@netlog.com,Gastroenterology,7,426101339
11565,Aguistin,Richie,70,arichie7b@google.fr,Oncology,29,399388732
11566,Lonee,Cordeux,38,lcordeux7c@barnesandnoble.com,Cardiology,3,450658408
11567,Rosabelle,Crookshanks,29,rcrookshanks7d@columbia.edu,Pediatrics,28,225825384
11568,Jorge,Livett,69,jlivett7e@weather.com,Pediatrics,39,88420477
11569,Adriano,Eivers,53,aeivers7f@cbsnews.com,Gastroenterology,8,915669969
11570,Pierre,Billam,56,pbillam7g@gravatar.com,Gastroenterology,16,298778071
11571,Bran,Carlyon,49,bcarlyon7h@ezinearticles.com,Pediatrics,7,296897508
11572,Cate,Baptista,25,cbaptista7i@economist.com,Surgery,23,669017571
11573,Horatius,Twinn,59,htwinn7j@seattletimes.com,Pediatrics,25,641421685
11574,Correy,Hryncewicz,45,chryncewicz7k@redcross.org,Surgery,1,952728246
11575,Tiffanie,Pennino,62,tpennino7l@eventbrite.com,Dermatology,27,73649927
11576,Amandie,Iskov,59,aiskov7m@mediafire.com,Cardiology,13,671507928
11577,Cyrillus,Spillett,66,cspillett7n@nytimes.com,Psychiatry,23,286025845
11578,Toddie,Yukhnini,52,tyukhnini7o@rambler.ru,Dermatology,28,304922871
11579,Toinette,Mallett,67,tmallett7p@trellian.com,Cardiology,31,582980783
11580,Welsh,Akerman,57,wakerman7q@wordpress.com,Neurology,19,288518803
11581,Michale,Rikel,58,mrikel7r@epa.gov,Neurology,39,484167075
11582,Matthew,Kretschmer,64,mkretschmer7s@ftc.gov,Pediatrics,27,772005956
11583,Sallee,MacPaike,50,smacpaike7t@tumblr.com,Surgery,37,264582659
11584,Ernesta,Fealey,61,efealey7u@salon.com,Pediatrics,9,592112447
11585,Rowen,Walhedd,37,rwalhedd7v@nydailynews.com,Dermatology,28,894373636
11586,Alley,Sydall,55,asydall7w@g.co,Surgery,24,497715155
11587,Mair,Padefield,33,mpadefield7x@va.gov,Gastroenterology,22,438624573
11588,Theodora,Rosengarten,45,trosengarten7y@utexas.edu,Oncology,6,345715688
11589,Kassie,Kittiman,53,kkittiman7z@arstechnica.com,Neurology,33,132559883
11590,Shandie,Thewlis,49,sthewlis80@hao123.com,Cardiology,21,967079673
11591,Belinda,Lackeye,68,blackeye81@diigo.com,Surgery,1,477166121
11592,Ronnica,Rudman,39,rrudman82@ucsd.edu,Psychiatry,19,182844422
11593,Mariel,Darton,38,mdarton83@domainmarket.com,Dermatology,5,547880674
11594,Kassi,Caustick,44,kcaustick84@shareasale.com,Surgery,4,995701962
11595,Law,Stormonth,45,lstormonth85@cdbaby.com,Cardiology,11,741359872
11596,Cathe,Wilprecht,66,cwilprecht86@hc360.com,Surgery,35,20314008
11597,Ashlee,Daniele,68,adaniele87@amazon.de,Pediatrics,17,646819878
11598,Mozes,Ashlin,27,mashlin88@histats.com,Gastroenterology,12,886992264
11599,Kaitlynn,Kelk,70,kkelk89@ihg.com,Gastroenterology,28,798580686
11600,Nana,Bloore,70,nbloore8a@wordpress.org,Pediatrics,4,137845579
11601,Langsdon,Vasilmanov,64,lvasilmanov8b@home.pl,Pediatrics,6,844857052
11602,Terencio,Cuardall,55,tcuardall8c@boston.com,Dermatology,12,561739729
11603,Brietta,Yarnell,50,byarnell8d@istockphoto.com,Oncology,26,589802751
11604,Ruthanne,Gerrans,69,rgerrans8e@photobucket.com,Neurology,8,938341356
11605,Margery,Konneke,54,mkonneke8f@networkadvertising.org,Pediatrics,29,412252964
11606,Robbert,Plampeyn,54,rplampeyn8g@about.com,Oncology,21,688954037
11607,Lacy,Fewell,36,lfewell8h@fotki.com,Gastroenterology,12,195133202
11608,Harris,Scargill,25,hscargill8i@dailymail.co.uk,Gastroenterology,5,993194584
11609,Erika,McCutcheon,40,emccutcheon8j@imgur.com,Gastroenterology,9,751677696
11610,Nancy,Wraighte,65,nwraighte8k@epa.gov,Neurology,4,629097045
11611,Brady,Renish,63,brenish8l@opensource.org,Pediatrics,28,734762728
11612,Irwinn,Mothersdale,44,imothersdale8m@twitter.com,Neurology,16,184662655
11613,Nesta,Arnett,63,narnett8n@cam.ac.uk,Neurology,40,636811037
11614,Filippo,Enriques,59,fenriques8o@tinyurl.com,Surgery,24,633502640
11615,Perrine,Keemar,38,pkeemar8p@amazon.com,Oncology,28,539492226
11616,Lenci,Coppard,49,lcoppard8q@ask.com,Surgery,16,359353686
11617,Rycca,Wilprecht,27,rwilprecht8r@nifty.com,Dermatology,33,804688279
11618,Maxwell,Clerc,33,mclerc8s@chron.com,Dermatology,4,510708767
11619,Lovell,Cregan,47,lcregan8t@nifty.com,Oncology,14,667148888
11620,Hort,Maisey,68,hmaisey8u@dyndns.org,Neurology,35,439725005
11621,Archy,Kroon,44,akroon8v@blogs.com,Neurology,11,366580016
11622,Dill,Corona,33,dcorona8w@sun.com,Cardiology,29,832436540
11623,Annabal,McDougald,48,amcdougald8x@weibo.com,Oncology,32,118189821
11624,Cybill,Bozier,67,cbozier8y@engadget.com,Gastroenterology,3,142386290
11625,Susanetta,Rooson,54,srooson8z@zimbio.com,Pediatrics,39,10890207
11626,Kimmy,Mityashin,28,kmityashin90@hatena.ne.jp,Oncology,29,364075393
11627,Ingemar,Outright,53,ioutright91@freewebs.com,Oncology,26,841358317
11628,Randal,Butner,59,rbutner92@gmpg.org,Psychiatry,20,830073825
11629,Terencio,Moring,60,tmoring93@alexa.com,Surgery,30,616964315
11630,Napoleon,Caseborne,66,ncaseborne94@histats.com,Cardiology,25,289140264
11631,Normie,Fullom,70,nfullom95@upenn.edu,Neurology,5,564585080
11632,Lu,Giabucci,32,lgiabucci96@gizmodo.com,Surgery,10,425903349
11633,Amelia,Cockshot,27,acockshot97@dell.com,Oncology,25,79773476
11634,Rob,Bird,32,rbird98@smh.com.au,Pediatrics,28,177646991
11635,Leila,Storry,44,lstorry99@exblog.jp,Dermatology,23,846745304
11636,Mersey,Lanfear,59,mlanfear9a@ucsd.edu,Neurology,39,988770075
11637,Ronalda,Emps,64,remps9b@apple.com,Surgery,29,791742898
11638,Quillan,Scroggs,32,qscroggs9c@ca.gov,Surgery,23,529288405
11639,Garrard,Tyrer,34,gtyrer9d@google.com,Surgery,11,314273459
11640,Addie,Labdon,37,alabdon9e@wired.com,Psychiatry,27,797445830
11641,Claire,Jonathon,47,cjonathon9f@ibm.com,Psychiatry,6,453787601
11642,Mikel,Reed,39,mreed9g@nbcnews.com,Pediatrics,34,388503082
11643,Sammy,Konertz,49,skonertz9h@ebay.co.uk,Gastroenterology,33,640029536
11644,Camille,Breakey,33,cbreakey9i@stumbleupon.com,Neurology,25,735342884
11645,Olenolin,Coch,53,ococh9j@sourceforge.net,Oncology,7,585713445
11646,Domingo,Giacomi,40,dgiacomi9k@photobucket.com,Psychiatry,12,393558923
11647,Geraldine,Jeakins,61,gjeakins9l@psu.edu,Surgery,16,757255325
11648,Goldie,Forrester,29,gforrester9m@rambler.ru,Gastroenterology,8,308646340
11649,Abdel,Cobbin,41,acobbin9n@nba.com,Dermatology,9,687945795
11650,Holden,Le Brun,41,hlebrun9o@un.org,Surgery,1,623031103
11651,Kerry,Abelson,37,kabelson9p@disqus.com,Neurology,36,876250646
11652,Napoleon,Croutear,29,ncroutear9q@redcross.org,Psychiatry,18,344454710
11653,Mickey,Klauer,37,mklauer9r@desdev.cn,Surgery,10,995352285
11654,Vinny,Despenser,64,vdespenser9s@yandex.ru,Surgery,27,973927366
11655,Salem,Weyman,34,sweyman9t@discovery.com,Oncology,7,218742481
11656,Haily,McCool,56,hmccool9u@blog.com,Pediatrics,34,517790823
11657,Brnaba,Timberlake,41,btimberlake9v@spotify.com,Oncology,11,964797340
11658,Dulcie,Farrance,53,dfarrance9w@bbb.org,Gastroenterology,24,575157065
11659,Levy,Beloe,29,lbeloe9x@skype.com,Cardiology,24,468469624
11660,Lucias,Hiner,26,lhiner9y@sfgate.com,Pediatrics,27,883643157
11661,Ingar,Poynor,54,ipoynor9z@census.gov,Surgery,1,704435054
11662,Cherida,Kemble,27,ckemblea0@zdnet.com,Pediatrics,38,948301490
11663,Obie,Lanaway,44,olanawaya1@twitpic.com,Cardiology,35,992901019
11664,Georgette,Magwood,38,gmagwooda2@about.com,Pediatrics,5,462510418
11665,Ilaire,Joscelyne,48,ijoscelynea3@bloglines.com,Surgery,27,386514075
11666,Dag,Giorgio,60,dgiorgioa4@mashable.com,Dermatology,14,1590456
11667,Sarina,Harsum,32,sharsuma5@arstechnica.com,Pediatrics,32,54935676
11668,Nero,Mignot,47,nmignota6@sohu.com,Dermatology,1,161105413
11669,Adoree,Gong,60,agonga7@wikia.com,Cardiology,37,146106230
11670,Patricia,Vassel,36,pvassela8@mac.com,Dermatology,20,681225657
11671,Gwenora,Bohills,65,gbohillsa9@ucla.edu,Oncology,23,390007509
11672,Stevana,Calverd,63,scalverdaa@chicagotribune.com,Neurology,33,648341355
11673,Royall,Ivery,25,riveryab@alibaba.com,Pediatrics,1,179766140
11674,Carlotta,Ifill,41,cifillac@g.co,Neurology,21,143586442
11675,Gerladina,Clayal,50,gclayalad@twitpic.com,Neurology,35,976032998
11676,Mechelle,Cardno,42,mcardnoae@cafepress.com,Pediatrics,34,118190694
11677,Fionna,Cribbott,26,fcribbottaf@g.co,Neurology,7,576286948
11678,Bart,Lawes,39,blawesag@free.fr,Neurology,7,235592819
11679,Luce,O'Dowling,65,lodowlingah@google.de,Neurology,7,190580163
11680,Vivienne,McIlmorow,27,vmcilmorowai@clickbank.net,Neurology,30,595786856
11681,Savina,Hafford,48,shaffordaj@github.com,Oncology,31,604700309
11682,Yettie,Kidder,58,ykidderak@devhub.com,Gastroenterology,6,902219821
11683,Felizio,Hensmans,28,fhensmansal@boston.com,Neurology,35,188976169
11684,Hasheem,Tamsett,29,htamsettam@elegantthemes.com,Gastroenterology,2,369442227
11685,Nicolette,Flewett,35,nflewettan@shutterfly.com,Dermatology,4,18906918
11686,Laurie,McLanachan,32,lmclanachanao@cnbc.com,Pediatrics,11,35693825
11687,Glenden,Baggalley,47,gbaggalleyap@tiny.cc,Dermatology,26,362364938
11688,Delores,Jewers,61,djewersaq@ucoz.com,Cardiology,36,973178479
11689,Scarlett,Pignon,34,spignonar@irs.gov,Oncology,11,421353640
11690,Ofella,Wigin,61,owiginas@tumblr.com,Gastroenterology,38,665583477
11691,Estele,Thorpe,65,ethorpeat@ehow.com,Pediatrics,24,672042085
11692,Hasheem,Scamwell,65,hscamwellau@ovh.net,Neurology,14,208512165
11693,Jammie,Pitkeathly,50,jpitkeathlyav@umn.edu,Pediatrics,13,696254421
11694,Amelita,Trudgian,58,atrudgianaw@skyrock.com,Neurology,22,785024059
11695,Joete,MacShirrie,38,jmacshirrieax@hhs.gov,Pediatrics,37,104852602
11696,Eydie,Dallon,36,edallonay@dedecms.com,Pediatrics,4,169056437
11697,Christian,Drawmer,39,cdrawmeraz@chicagotribune.com,Dermatology,10,353612846
11698,Sephira,Capel,35,scapelb0@scribd.com,Gastroenterology,29,623874543
11699,Eolande,Pennigar,45,epennigarb1@blogger.com,Surgery,9,174674776
11700,Alina,De Few,63,adefewb2@webnode.com,Oncology,39,207832878
11701,Elfrieda,Guwer,53,eguwerb3@scientificamerican.com,Neurology,17,248029357
11702,Cristiano,Drinan,25,cdrinanb4@meetup.com,Surgery,1,358243418
11703,Pren,Carrabott,36,pcarrabottb5@nydailynews.com,Psychiatry,4,90632849
11704,Elbert,Muller,48,emullerb6@wired.com,Cardiology,10,998686365
11705,Albertine,O'Criane,30,aocrianeb7@reference.com,Dermatology,38,819078814
11706,Gene,Headington,34,gheadingtonb8@elpais.com,Psychiatry,32,412893753
11707,Kipp,Brigginshaw,33,kbrigginshawb9@indiatimes.com,Neurology,25,32778867
11708,Kaycee,Germain,53,kgermainba@fda.gov,Cardiology,9,930710192
11709,Vinny,Landis,68,vlandisbb@ihg.com,Neurology,26,645199470
11710,Dinny,Dreng,63,ddrengbc@weebly.com,Gastroenterology,33,396282953
11711,Leela,Burrill,70,lburrillbd@vimeo.com,Surgery,25,537457424
11712,Faydra,Gethouse,30,fgethousebe@arizona.edu,Cardiology,32,202267689
11713,Tamra,Matiasek,62,tmatiasekbf@jiathis.com,Cardiology,29,696593451
11714,Rex,Stryde,48,rstrydebg@free.fr,Oncology,37,173354845
11715,Hanan,Scoyne,32,hscoynebh@mit.edu,Dermatology,12,195955527
11716,Oswald,Swait,39,oswaitbi@microsoft.com,Surgery,31,467823139
11717,Doralin,Nisot,55,dnisotbj@hc360.com,Dermatology,18,446009214
11718,Gaultiero,Neylon,35,gneylonbk@goo.gl,Pediatrics,7,404831768
11719,Dee dee,Marven,39,dmarvenbl@youku.com,Cardiology,25,582248667
11720,Nanny,Berrisford,28,nberrisfordbm@intel.com,Oncology,32,362633029
11721,Damara,Ludmann,53,dludmannbn@slideshare.net,Psychiatry,32,260717309
11722,Onofredo,Filipov,36,ofilipovbo@a8.net,Gastroenterology,39,630281586
11723,Lewes,Gillie,47,lgilliebp@nih.gov,Dermatology,3,895975590
11724,Roze,Calderbank,33,rcalderbankbq@seattletimes.com,Dermatology,37,816280609
11725,Kiri,Blakeden,42,kblakedenbr@about.com,Cardiology,34,239527640
11726,Hirsch,Mather,46,hmatherbs@omniture.com,Neurology,33,362959196
11727,Dorothy,Bishell,44,dbishellbt@archive.org,Cardiology,6,524081774
11728,Jillayne,Johnikin,69,jjohnikinbu@noaa.gov,Neurology,17,982501745
11729,Flossi,Pengilly,52,fpengillybv@storify.com,Cardiology,16,786322265
11730,Terri,Mousdall,45,tmousdallbw@360.cn,Pediatrics,19,469585889
11731,Tybie,McCullock,41,tmccullockbx@patch.com,Pediatrics,10,787573949
11732,Wally,Yallowley,30,wyallowleyby@tripod.com,Dermatology,20,346855516
11733,Normy,Boatright,54,nboatrightbz@reference.com,Surgery,12,313267691
11734,Alysa,Stickles,67,asticklesc0@wix.com,Psychiatry,34,621609609
11735,Lottie,Mottershead,34,lmottersheadc1@answers.com,Dermatology,38,650036716
11736,Bonny,Sjollema,52,bsjollemac2@washingtonpost.com,Psychiatry,19,85032150
11737,Rivy,Tisun,39,rtisunc3@harvard.edu,Dermatology,21,749112003
11738,Selie,Dwelling,66,sdwellingc4@myspace.com,Oncology,27,667496237
11739,Alysa,Madigan,32,amadiganc5@home.pl,Oncology,31,498148613
11740,Nelle,McMechan,64,nmcmechanc6@eventbrite.com,Oncology,23,648972547
11741,Jennilee,Fortman,61,jfortmanc7@tuttocitta.it,Cardiology,35,804337980
11742,Ingar,Hosby,37,ihosbyc8@china.com.cn,Dermatology,14,509309578
11743,Leanor,Alsford,31,lalsfordc9@ca.gov,Neurology,4,235463303
11744,Jacenta,Morsey,50,jmorseyca@wiley.com,Psychiatry,25,27255569
11745,Anabelle,Laxon,35,alaxoncb@slashdot.org,Gastroenterology,4,532706040
11746,Tobye,Wicklen,45,twicklencc@indiatimes.com,Surgery,26,692001184
11747,Kass,Dight,30,kdightcd@moonfruit.com,Cardiology,20,142758365
11748,Reinold,How,68,rhowce@ox.ac.uk,Neurology,4,82048598
11749,Roarke,Sibly,66,rsiblycf@cloudflare.com,Psychiatry,8,174628396
11750,Griff,Schimek,70,gschimekcg@people.com.cn,Oncology,3,560384589
11751,Sawyere,Axelbee,61,saxelbeech@samsung.com,Cardiology,10,624936117
11752,Nikolos,Brabben,52,nbrabbenci@reuters.com,Cardiology,11,398885724
11753,Prudi,Boswell,48,pboswellcj@gmpg.org,Dermatology,5,54328749
11754,Chancey,Gouny,41,cgounyck@tinypic.com,Oncology,35,992634308
11755,Alli,Mattityahou,63,amattityahoucl@newsvine.com,Surgery,39,793003815
11756,Yorgos,Ranstead,47,yransteadcm@elegantthemes.com,Cardiology,24,495787877
11757,Teador,Dahill,34,tdahillcn@answers.com,Surgery,32,267743189
11758,Justin,Keysall,62,jkeysallco@dedecms.com,Psychiatry,5,55659397
11759,Grant,Ebbs,56,gebbscp@google.ca,Pediatrics,15,122404338
11760,Drona,Valentin,42,dvalentincq@yellowpages.com,Cardiology,10,77165315
11761,Margeaux,Normabell,37,mnormabellcr@wikispaces.com,Oncology,6,275412918
11762,Ernesto,Andrus,36,eandruscs@drupal.org,Cardiology,10,828460468
11763,Emelda,Rings,68,eringsct@wiley.com,Dermatology,3,556879037
11764,Marcia,Gable,58,mgablecu@facebook.com,Dermatology,33,514125439
11765,Sybille,Maton,48,smatoncv@a8.net,Surgery,27,727065332
11766,Steve,Dendle,57,sdendlecw@discovery.com,Gastroenterology,9,422709967
11767,Agustin,Chilton,31,achiltoncx@hostgator.com,Gastroenterology,29,355411103
11768,Shandy,Cattle,62,scattlecy@jiathis.com,Gastroenterology,22,722061898
11769,Byran,De Antoni,59,bdeantonicz@scientificamerican.com,Oncology,5,834934164
11770,Carie,Cissen,59,ccissend0@aol.com,Neurology,39,399411276
11771,Stephani,McIlory,34,smciloryd1@oracle.com,Pediatrics,5,711641592
11772,Tanya,Harbard,53,tharbardd2@wiley.com,Neurology,30,828018247
11773,Timoteo,McCritchie,25,tmccritchied3@fema.gov,Cardiology,39,220892804
11774,Henrietta,Lynnitt,56,hlynnittd4@wiley.com,Oncology,16,927887398
11775,Nola,Clurow,48,nclurowd5@google.com.au,Gastroenterology,12,196667880
11776,Denny,Haryngton,42,dharyngtond6@cbslocal.com,Psychiatry,12,606450439
11777,Tomaso,Greggs,43,tgreggsd7@gmpg.org,Cardiology,12,425822956
11778,Catlaina,Trainer,50,ctrainerd8@ustream.tv,Surgery,5,204069482
11779,Candida,Bennoe,41,cbennoed9@vinaora.com,Oncology,23,783006925
11780,Nikolai,Iggulden,56,nigguldenda@umn.edu,Psychiatry,11,663380934
11781,Berton,Llop,43,bllopdb@homestead.com,Surgery,37,370327248
11782,Wilfred,Pilsbury,34,wpilsburydc@wunderground.com,Oncology,14,751139588
11783,Noll,Glasspoole,65,nglasspooledd@tripod.com,Dermatology,21,71234680
11784,Ignazio,Macken,53,imackende@artisteer.com,Pediatrics,20,158221518
11785,Gris,Carlesso,45,gcarlessodf@wunderground.com,Gastroenterology,7,610043626
11786,Cesare,Hinzer,48,chinzerdg@businessweek.com,Gastroenterology,18,302026565
11787,Yovonnda,Calcott,56,ycalcottdh@bravesites.com,Neurology,27,614049323
11788,Laurianne,Andras,39,landrasdi@blinklist.com,Gastroenterology,24,146173247
11789,Chandler,Ovanesian,65,covanesiandj@reverbnation.com,Pediatrics,22,447848844
11790,Ximenes,Harnetty,47,xharnettydk@friendfeed.com,Oncology,18,962204244
11791,Erskine,Juliano,62,ejulianodl@woothemes.com,Neurology,27,58847187
11792,Toma,Hlavac,29,thlavacdm@tiny.cc,Dermatology,3,727571485
11793,Hanny,Ducket,55,hducketdn@squarespace.com,Neurology,11,387562934
11794,Edie,Jenyns,42,ejenynsdo@friendfeed.com,Surgery,23,578778803
11795,Lukas,Gerring,51,lgerringdp@drupal.org,Neurology,20,852057075
11796,Lind,MacKilroe,57,lmackilroedq@last.fm,Surgery,10,841305837
11797,Hillel,Trimnell,69,htrimnelldr@tiny.cc,Dermatology,33,163440809
11798,Daisey,Boulds,68,dbouldsds@tiny.cc,Gastroenterology,3,234840191
11799,Evita,Joutapaitis,54,ejoutapaitisdt@ebay.co.uk,Surgery,38,628295878
11800,Patsy,Limeburner,35,plimeburnerdu@ask.com,Dermatology,27,293277773
11801,Stevy,Dinwoodie,69,sdinwoodiedv@nifty.com,Pediatrics,33,380391051
11802,Pete,Tordiffe,67,ptordiffedw@ifeng.com,Cardiology,28,822119060
11803,Myrtia,Borrel,30,mborreldx@microsoft.com,Neurology,16,216341589
11804,Georgie,Postlewhite,34,gpostlewhitedy@columbia.edu,Neurology,39,341005835
11805,Oswald,Viel,32,ovieldz@taobao.com,Oncology,35,723143458
11806,Scotti,Banbridge,35,sbanbridgee0@surveymonkey.com,Cardiology,38,871416790
11807,Rivalee,Chinnery,56,rchinnerye1@ifeng.com,Neurology,16,975198286
11808,Moyra,Feake,70,mfeakee2@edublogs.org,Gastroenterology,22,180585272
11809,Alexei,Beyn,66,abeyne3@answers.com,Surgery,23,552127421
11810,Donall,Blowfelde,64,dblowfeldee4@4shared.com,Neurology,10,53267561
11811,Hansiain,Guilliland,41,hguillilande5@usda.gov,Oncology,8,488000191
11812,Benny,Harly,58,bharlye6@ezinearticles.com,Cardiology,15,172196320
11813,Wilow,Zuan,50,wzuane7@moonfruit.com,Oncology,14,394991105
11814,Bastien,Bass,25,bbasse8@google.pl,Oncology,20,673388522
11815,Natalie,Cusworth,63,ncusworthe9@unesco.org,Pediatrics,21,524560183
11816,Kerstin,Hostan,52,khostanea@irs.gov,Oncology,40,454773624
11817,Cyrille,De Avenell,57,cdeavenelleb@samsung.com,Cardiology,18,237338496
11818,York,Ivshin,45,yivshinec@stanford.edu,Dermatology,35,558371102
11819,Mata,Leyton,68,mleytoned@seesaa.net,Psychiatry,24,174952221
11820,Petr,L'Episcopio,45,plepiscopioee@elegantthemes.com,Pediatrics,16,958673895
11821,Leroy,Tabbitt,35,ltabbittef@vk.com,Dermatology,39,15872130
11822,Dougy,Spurdon,34,dspurdoneg@deliciousdays.com,Oncology,1,100833952
11823,Gae,L'Archer,40,glarchereh@columbia.edu,Dermatology,26,443049773
11824,Philomena,Dobbie,69,pdobbieei@rambler.ru,Oncology,9,373128023
11825,Mic,Spier,43,mspierej@wix.com,Psychiatry,14,583820076
11826,Paulita,McEntagart,26,pmcentagartek@shop-pro.jp,Gastroenterology,12,16645202
11827,Ruddy,Djurkovic,47,rdjurkovicel@weibo.com,Pediatrics,36,358659356
11828,Jabez,Castles,70,jcastlesem@amazon.co.uk,Neurology,16,767925392
11829,Ev,McCaughey,36,emccaugheyen@sitemeter.com,Neurology,12,442239244
11830,Charisse,Ovenden,25,covendeneo@1688.com,Neurology,30,360962395
11831,Joeann,Branton,44,jbrantonep@jimdo.com,Gastroenterology,23,969926022
11832,Gerta,Skae,31,gskaeeq@nature.com,Gastroenterology,3,760783680
11833,Giffard,Laughtisse,46,glaughtisseer@zimbio.com,Gastroenterology,33,426150282
11834,Hube,Fleckney,56,hfleckneyes@indiatimes.com,Dermatology,2,245156077
11835,Sonnnie,Salters,32,ssalterset@ask.com,Dermatology,36,845135006
11836,Bonni,Dearth,30,bdeartheu@jugem.jp,Psychiatry,22,95439846
11837,Joane,Valencia,29,jvalenciaev@qq.com,Dermatology,22,491504279
11838,Vidovik,Matieu,28,vmatieuew@statcounter.com,Dermatology,11,561522838
11839,Conny,Dell Casa,50,cdellcasaex@hhs.gov,Dermatology,34,63383900
11840,Brigitta,Oselton,27,boseltoney@mit.edu,Pediatrics,21,726967084
11841,Zeb,Turford,29,zturfordez@hhs.gov,Cardiology,21,951806645
11842,Arte,Pabst,70,apabstf0@netvibes.com,Surgery,34,56796787
11843,Clemmy,Lowder,31,clowderf1@smugmug.com,Psychiatry,37,592008114
11844,Mattias,Gervaise,48,mgervaisef2@github.io,Psychiatry,35,737894934
11845,Chip,Risborough,26,crisboroughf3@infoseek.co.jp,Gastroenterology,26,642803844
11846,Noreen,Kleynermans,46,nkleynermansf4@merriam-webster.com,Dermatology,39,750433834
11847,Lazarus,Scimoni,43,lscimonif5@businesswire.com,Dermatology,19,627864350
11848,Panchito,Gateshill,30,pgateshillf6@mediafire.com,Neurology,15,222715264
11849,Kelwin,Devigne,34,kdevignef7@sun.com,Dermatology,7,649394034
11850,Arv,Babinski,68,ababinskif8@princeton.edu,Neurology,23,591904943
11851,Patty,Iley,55,pileyf9@senate.gov,Surgery,17,810238921
11852,Elene,Neiland,64,eneilandfa@tripadvisor.com,Cardiology,38,666059384
11853,Jacquenetta,Lambrechts,70,jlambrechtsfb@springer.com,Neurology,40,381282331
11854,Tedd,Blakes,51,tblakesfc@mysql.com,Dermatology,7,924528870
11855,Steffen,Batch,55,sbatchfd@weebly.com,Psychiatry,33,86059531
11856,Sarajane,Kitchen,27,skitchenfe@fc2.com,Pediatrics,36,407769727
11857,Rouvin,Camili,32,rcamiliff@ning.com,Neurology,18,282326788
11858,Jimmy,Duggan,30,jdugganfg@unblog.fr,Cardiology,26,186918018
11859,Ardra,Hulles,41,ahullesfh@cbc.ca,Psychiatry,34,890414331
11860,Ignacio,Barrowclough,60,ibarrowcloughfi@google.com.au,Dermatology,17,708402744
11861,Vlad,Haxell,52,vhaxellfj@cisco.com,Dermatology,28,447124052
11862,Jourdain,Gehring,40,jgehringfk@harvard.edu,Cardiology,39,418087409
11863,Jesselyn,Leverich,52,jleverichfl@weibo.com,Pediatrics,16,196178628
11864,Llywellyn,Dolby,66,ldolbyfm@unesco.org,Pediatrics,12,627492498
11865,Byrle,Villar,40,bvillarfn@wikispaces.com,Psychiatry,4,134474461
11866,Lennard,Hydes,53,lhydesfo@google.pl,Pediatrics,20,853201296
11867,Siusan,Sadler,47,ssadlerfp@pbs.org,Dermatology,6,474252687
11868,Daria,Drinkhall,56,ddrinkhallfq@yale.edu,Pediatrics,26,137137630
11869,Nora,Hagergham,38,nhagerghamfr@upenn.edu,Cardiology,37,661910972
11870,Conroy,Ashleigh,63,cashleighfs@deliciousdays.com,Psychiatry,20,536786017
11871,Ajay,Cleverly,48,acleverlyft@geocities.com,Surgery,12,778253730
11872,Shurlock,O'Siaghail,69,sosiaghailfu@spotify.com,Dermatology,23,518505968
11873,Elbertine,Rigbye,50,erigbyefv@sun.com,Cardiology,13,707411426
11874,Forbes,Easdon,51,feasdonfw@cisco.com,Cardiology,18,249741020
11875,Vinny,Guitton,54,vguittonfx@rakuten.co.jp,Dermatology,2,783018434
11876,Christoffer,Bearcock,53,cbearcockfy@istockphoto.com,Dermatology,16,349597755
11877,Dian,Lothean,58,dlotheanfz@surveymonkey.com,Dermatology,31,582503638
11878,Ollie,Ebi,39,oebig0@theguardian.com,Gastroenterology,32,759950584
11879,Clemente,Pidgley,65,cpidgleyg1@archive.org,Oncology,10,625735054
11880,Lonnie,Sottell,37,lsottellg2@engadget.com,Gastroenterology,31,570818174
11881,Aksel,Arend,61,aarendg3@skype.com,Surgery,31,902124954
11882,David,Allflatt,32,dallflattg4@360.cn,Surgery,2,245274251
11883,Carissa,Cancott,41,ccancottg5@ca.gov,Gastroenterology,17,478632290
11884,Carissa,Quarles,53,cquarlesg6@ft.com,Pediatrics,24,500039825
11885,Skippie,Hackley,43,shackleyg7@flavors.me,Pediatrics,29,338587764
11886,Heindrick,Shireff,32,hshireffg8@sogou.com,Psychiatry,11,751396983
11887,Irwinn,Turvey,47,iturveyg9@tuttocitta.it,Surgery,15,50742910
11888,Jemmy,O'Sirin,63,josiringa@zimbio.com,Gastroenterology,27,165462262
11889,Claybourne,Tetley,52,ctetleygb@ucla.edu,Gastroenterology,12,863180058
11890,Margarita,Klesl,28,mkleslgc@washingtonpost.com,Neurology,4,102052438
11891,Hyatt,Courtney,59,hcourtneygd@liveinternet.ru,Dermatology,1,871619181
11892,Corilla,Daw,33,cdawge@clickbank.net,Neurology,29,423531147
11893,Waldo,Paolino,43,wpaolinogf@cloudflare.com,Psychiatry,24,187843865
11894,Heath,Sharpless,37,hsharplessgg@stumbleupon.com,Pediatrics,25,667342061
11895,Shepard,Hennemann,52,shennemanngh@jimdo.com,Surgery,30,140472123
11896,Kyle,Danielian,64,kdanieliangi@telegraph.co.uk,Pediatrics,36,966654090
11897,Mavis,Pirson,70,mpirsongj@ucoz.ru,Cardiology,31,196472497
11898,Derrik,Le Page,45,dlepagegk@gov.uk,Gastroenterology,22,353386211
11899,Kikelia,Hutcheon,35,khutcheongl@miitbeian.gov.cn,Neurology,18,980884320
11900,Jehu,Angrock,56,jangrockgm@baidu.com,Psychiatry,34,846986230
11901,Kliment,Alldridge,56,kalldridgegn@hc360.com,Cardiology,6,376436306
11902,Terrance,Croneen,26,tcroneengo@harvard.edu,Cardiology,15,942341893
11903,Aeriel,Kinloch,38,akinlochgp@cdc.gov,Surgery,6,521982124
11904,Clio,Mitchall,53,cmitchallgq@amazon.co.jp,Neurology,13,927918713
11905,Dal,Steele,44,dsteelegr@latimes.com,Surgery,37,781909731
11906,Danna,Collinge,29,dcollingegs@amazon.com,Oncology,33,547279741
11907,Catlee,Ollerhad,37,collerhadgt@vinaora.com,Pediatrics,5,215793399
11908,Robyn,Bence,40,rbencegu@zimbio.com,Neurology,1,486924060
11909,Raddy,Ferreli,53,rferreligv@yandex.ru,Neurology,11,148654152
11910,Burty,Tome,41,btomegw@boston.com,Oncology,31,197898918
11911,Elissa,Antat,29,eantatgx@tiny.cc,Neurology,25,160534729
11912,Adelle,Dunbobbin,69,adunbobbingy@sohu.com,Neurology,27,653097176
11913,Maryanne,O'Codihie,42,mocodihiegz@kickstarter.com,Gastroenterology,31,121001453
11914,Dasi,Ticehurst,52,dticehursth0@seesaa.net,Cardiology,7,606965170
11915,Conrade,Odby,66,codbyh1@slashdot.org,Pediatrics,19,637796172
11916,Jackson,Flobert,66,jfloberth2@usgs.gov,Psychiatry,34,435260700
11917,Taffy,Cottie,37,tcottieh3@delicious.com,Psychiatry,19,706180084
11918,Jon,Gonzalvo,57,jgonzalvoh4@ucoz.com,Gastroenterology,34,623294770
11919,Eddie,Torbeck,26,etorbeckh5@time.com,Surgery,22,660125232
11920,Rozina,Perocci,51,rperoccih6@symantec.com,Surgery,11,768934003
11921,Cordy,Hynes,30,chynesh7@va.gov,Neurology,6,350104204
11922,Beck,Northleigh,49,bnorthleighh8@google.es,Surgery,25,484172695
11923,Floria,Frogley,58,ffrogleyh9@zimbio.com,Surgery,30,883839913
11924,Thomasa,Eltringham,54,teltringhamha@businessinsider.com,Cardiology,6,488400609
11925,Jessey,Meriet,32,jmeriethb@opera.com,Cardiology,2,625023306
11926,Editha,Cleall,42,ecleallhc@php.net,Psychiatry,18,829378323
11927,Rowan,Mityushkin,50,rmityushkinhd@fema.gov,Neurology,24,738299771
11928,Freddie,Gourley,39,fgourleyhe@rakuten.co.jp,Surgery,16,76270626
11929,Gordy,Bausmann,60,gbausmannhf@reddit.com,Cardiology,3,881194918
11930,Rani,Harford,25,rharfordhg@nydailynews.com,Pediatrics,19,890556032
11931,Shelley,Seage,27,sseagehh@economist.com,Neurology,23,655152320
11932,Marrilee,Farris,53,mfarrishi@trellian.com,Neurology,22,734169746
11933,Melisandra,Harget,48,mhargethj@weibo.com,Cardiology,36,37776151
11934,Victor,Horribine,65,vhorribinehk@about.com,Oncology,15,929970592
11935,Barth,Dougan,51,bdouganhl@homestead.com,Oncology,37,946192834
11936,Torey,Enevold,69,tenevoldhm@bravesites.com,Dermatology,11,880451231
11937,Elliot,Albrighton,51,ealbrightonhn@example.com,Surgery,3,415234328
11938,Barclay,Laviss,64,blavissho@timesonline.co.uk,Neurology,2,666654684
11939,Tobie,Castille,51,tcastillehp@hud.gov,Dermatology,16,583467087
11940,Bevvy,Codrington,69,bcodringtonhq@intel.com,Cardiology,29,527249909
11941,Natalina,Braycotton,31,nbraycottonhr@wordpress.org,Gastroenterology,12,14394039
11942,Bibi,Thripp,31,bthripphs@bigcartel.com,Dermatology,18,218900712
11943,Isak,Raccio,70,iraccioht@hostgator.com,Oncology,13,300141645
11944,Kass,Norwell,41,knorwellhu@facebook.com,Gastroenterology,26,630381666
11945,Vinita,Sucre,47,vsucrehv@biglobe.ne.jp,Pediatrics,19,786152038
11946,Madlin,Surphliss,68,msurphlisshw@surveymonkey.com,Surgery,3,858357322
11947,Fannie,Wolfers,59,fwolfershx@biglobe.ne.jp,Cardiology,38,22415356
11948,Kimble,Cloughton,44,kcloughtonhy@sakura.ne.jp,Psychiatry,36,366151155
11949,Melisandra,Losselyong,31,mlosselyonghz@washingtonpost.com,Psychiatry,35,954313360
11950,Ora,Lavis,29,olavisi0@woothemes.com,Pediatrics,11,386026887
11951,Nedda,Plomer,25,nplomeri1@cbsnews.com,Oncology,24,324923515
11952,Gertie,Peirson,41,gpeirsoni2@archive.org,Cardiology,13,943575883
11953,Stewart,Tranfield,56,stranfieldi3@netscape.com,Cardiology,36,883167311
11954,Dallon,Handley,26,dhandleyi4@uiuc.edu,Gastroenterology,23,731826895
11955,Darsey,Towler,38,dtowleri5@deliciousdays.com,Cardiology,5,703959081
11956,Ervin,Attenborough,27,eattenboroughi6@goo.gl,Dermatology,19,744223687
11957,Felipa,Pitcaithley,51,fpitcaithleyi7@over-blog.com,Surgery,37,612258223
11958,Saxon,Ledwith,39,sledwithi8@mysql.com,Psychiatry,16,709888692
11959,Shaine,Nangle,56,snanglei9@sciencedirect.com,Cardiology,3,669229183
11960,Roch,Woolger,32,rwoolgeria@ezinearticles.com,Cardiology,34,858823891
11961,Randi,Kenningham,38,rkenninghamib@google.com.au,Psychiatry,10,654723307
11962,Olag,Paraman,31,oparamanic@1688.com,Oncology,22,63960445
11963,Raviv,Odney,37,rodneyid@businesswire.com,Oncology,17,42843440
11964,Welby,Hamper,27,whamperie@yolasite.com,Psychiatry,16,819407643
11965,Shell,Kemston,64,skemstonif@chronoengine.com,Surgery,27,25927147
11966,Mitch,Chaston,33,mchastonig@diigo.com,Cardiology,2,353202695
11967,Romona,Matskiv,32,rmatskivih@networksolutions.com,Neurology,31,747592361
11968,Rutledge,Cavanagh,49,rcavanaghii@sphinn.com,Neurology,3,627415781
11969,Luca,Longthorne,59,llongthorneij@de.vu,Oncology,10,18573610
11970,Kristofor,Lawford,65,klawfordik@dmoz.org,Pediatrics,37,39917989
11971,Issi,Bradtke,39,ibradtkeil@feedburner.com,Oncology,6,878378933
11972,Liuka,Parrin,38,lparrinim@google.fr,Cardiology,4,879106274
11973,Bunni,Frodsam,31,bfrodsamin@sakura.ne.jp,Pediatrics,40,454491716
11974,Sheppard,Sandiford,53,ssandifordio@princeton.edu,Surgery,35,483478758
11975,Malena,Klagges,49,mklaggesip@microsoft.com,Psychiatry,29,572319515
11976,Harlan,Bader,33,hbaderiq@earthlink.net,Pediatrics,23,366575206
11977,Rica,Antonik,58,rantonikir@senate.gov,Pediatrics,38,846657317
11978,Melisande,L'Hommee,54,mlhommeeis@topsy.com,Cardiology,25,25021711
11979,Dev,Ivanchin,52,divanchinit@slashdot.org,Cardiology,35,74695298
11980,Olin,Guynemer,28,oguynemeriu@china.com.cn,Oncology,19,147212329
11981,Lacey,Lait,32,llaitiv@google.co.uk,Neurology,40,811639771
11982,Josefa,Thomsen,66,jthomseniw@constantcontact.com,Psychiatry,31,331010101
11983,Elsie,Coady,59,ecoadyix@indiatimes.com,Cardiology,7,2297959
11984,Myra,McGeffen,39,mmcgeffeniy@cornell.edu,Gastroenterology,12,934262350
11985,Axe,Tysall,47,atysalliz@parallels.com,Neurology,6,290461967
11986,Ellswerth,Baldrey,68,ebaldreyj0@purevolume.com,Surgery,36,900240510
11987,Sasha,Giannassi,42,sgiannassij1@un.org,Dermatology,14,973387827
11988,Shurlocke,Weightman,50,sweightmanj2@netscape.com,Surgery,1,681948800
11989,Vance,Cantwell,63,vcantwellj3@vinaora.com,Pediatrics,4,178145847
11990,Locke,MacFayden,32,lmacfaydenj4@marketwatch.com,Neurology,6,187208422
11991,Abramo,Bartosinski,59,abartosinskij5@lycos.com,Surgery,8,341300963
11992,Estevan,Riden,57,eridenj6@apache.org,Surgery,8,56390042
11993,Kane,Canceller,61,kcancellerj7@sfgate.com,Pediatrics,19,590508251
11994,Baillie,Rowswell,56,browswellj8@goo.gl,Neurology,29,935388170
11995,Arline,Tight,29,atightj9@ustream.tv,Oncology,2,969405591
11996,Cirilo,Peddie,60,cpeddieja@csmonitor.com,Dermatology,31,381131738
11997,Demetris,Geram,33,dgeramjb@wunderground.com,Oncology,9,592055135
11998,Bailey,Rushman,60,brushmanjc@netlog.com,Surgery,6,599939092
11999,Neal,Cazereau,56,ncazereaujd@wisc.edu,Oncology,18,207667394
12000,Cassius,Luscombe,49,cluscombeje@chronoengine.com,Neurology,5,447750689
12001,Clayton,Vannoni,32,cvannonijf@auda.org.au,Surgery,31,429411258
12002,Rocky,Officer,39,rofficerjg@sourceforge.net,Oncology,14,797862327
12003,Pyotr,Caistor,59,pcaistorjh@wikipedia.org,Gastroenterology,7,479407967
12004,Rochette,Daymont,57,rdaymontji@163.com,Psychiatry,24,210876543
12005,Hiram,Durrington,54,hdurringtonjj@bluehost.com,Dermatology,34,604515794
12006,Jecho,Carik,69,jcarikjk@ca.gov,Pediatrics,10,989879335
12007,Angel,Farrey,68,afarreyjl@salon.com,Gastroenterology,5,220735964
12008,Clerkclaude,Vynall,41,cvynalljm@myspace.com,Gastroenterology,8,808413564
12009,Jenny,Axelbey,62,jaxelbeyjn@dedecms.com,Dermatology,6,829467866
12010,Siward,Wilby,67,swilbyjo@cmu.edu,Gastroenterology,30,188513616
12011,Feodor,Pitone,40,fpitonejp@delicious.com,Pediatrics,32,901854803
12012,Durant,Meeking,56,dmeekingjq@netscape.com,Gastroenterology,36,491919538
12013,Rochell,Almey,70,ralmeyjr@vk.com,Neurology,32,659724148
12014,Rene,Durrett,58,rdurrettjs@xrea.com,Surgery,16,145389062
12015,Nick,Graine,41,ngrainejt@g.co,Surgery,24,776243688
12016,Salvador,Pettyfar,25,spettyfarju@google.com.au,Dermatology,21,184592138
12017,Val,Chishull,32,vchishulljv@nps.gov,Oncology,33,621004408
12018,Patten,Fortman,44,pfortmanjw@miitbeian.gov.cn,Neurology,33,252815187
12019,Lavena,Spry,35,lspryjx@cnet.com,Gastroenterology,14,545455312
12020,Pate,Bolte,54,pboltejy@miitbeian.gov.cn,Cardiology,33,523320726
12021,Andres,Toone,64,atoonejz@apache.org,Surgery,38,598563519
12022,Clive,Brixey,33,cbrixeyk0@blogger.com,Oncology,29,937545077
12023,Maxwell,Beak,29,mbeakk1@naver.com,Pediatrics,30,99096823
12024,Imojean,Foister,62,ifoisterk2@epa.gov,Gastroenterology,38,436995951
12025,Becky,Rumsby,45,brumsbyk3@amazonaws.com,Pediatrics,11,42423535
12026,Domini,Katte,59,dkattek4@hud.gov,Oncology,8,806821599
12027,Bennie,Bernuzzi,27,bbernuzzik5@cbc.ca,Psychiatry,36,428044745
12028,Vachel,Brandassi,26,vbrandassik6@apple.com,Pediatrics,23,585156219
12029,Tatiania,Doornbos,29,tdoornbosk7@goo.gl,Surgery,18,960806565
12030,Mick,Doble,62,mdoblek8@nbcnews.com,Pediatrics,30,376111879
12031,Ernst,Lathleiff,33,elathleiffk9@army.mil,Pediatrics,11,246164908
12032,Missie,Dutchburn,48,mdutchburnka@tmall.com,Psychiatry,17,208177476
12033,Neel,Milesap,62,nmilesapkb@godaddy.com,Dermatology,16,35575624
12034,Beitris,Capron,70,bcapronkc@who.int,Pediatrics,30,255011495
12035,Marni,Hagland,42,mhaglandkd@miibeian.gov.cn,Oncology,5,204613429
12036,Marje,Ranaghan,57,mranaghanke@surveymonkey.com,Cardiology,28,3920046
12037,Rowen,Sabatini,56,rsabatinikf@accuweather.com,Pediatrics,7,730244038
12038,Sigvard,Carme,60,scarmekg@phoca.cz,Surgery,39,907809267
12039,Rubie,Melmoth,52,rmelmothkh@scribd.com,Neurology,31,328484013
12040,Josy,Fendley,49,jfendleyki@digg.com,Oncology,9,154597673
12041,Mora,Casier,70,mcasierkj@etsy.com,Psychiatry,2,697094684
12042,Francyne,Tolchar,65,ftolcharkk@statcounter.com,Cardiology,22,929063617
12043,Justina,Pawling,29,jpawlingkl@hc360.com,Neurology,11,603095791
12044,Georgia,Grainger,33,ggraingerkm@newyorker.com,Cardiology,34,333820060
12045,Alec,Blackmore,51,ablackmorekn@ftc.gov,Dermatology,1,682607507
12046,Averill,MacNamee,38,amacnameeko@techcrunch.com,Surgery,10,994855858
12047,Krystle,Corah,53,kcorahkp@indiatimes.com,Cardiology,17,592374001
12048,Druci,Dottrell,25,ddottrellkq@irs.gov,Pediatrics,22,273416192
12049,Nikolia,Danielsen,44,ndanielsenkr@xinhuanet.com,Dermatology,25,364249880
12050,Lenci,Wadeling,39,lwadelingks@sina.com.cn,Psychiatry,17,273661298
12051,Russell,Yate,48,ryatekt@nationalgeographic.com,Cardiology,5,65371072
12052,Ariadne,Drinkwater,29,adrinkwaterku@skype.com,Dermatology,14,180138867
12053,Alejoa,Kenway,27,akenwaykv@163.com,Surgery,6,155537626
12054,Stefan,Mews,68,smewskw@cyberchimps.com,Dermatology,21,506688784
12055,Elva,McCambridge,32,emccambridgekx@infoseek.co.jp,Cardiology,27,71090443
12056,Lorelei,Camm,27,lcammky@zimbio.com,Cardiology,21,394352457
12057,Omero,Brotherton,30,obrothertonkz@smh.com.au,Cardiology,35,581906070
12058,Allyn,Spencley,68,aspencleyl0@wordpress.org,Surgery,40,719019779
12059,Eunice,Stebbing,68,estebbingl1@technorati.com,Oncology,5,649261849
12060,Isador,O'Regan,37,ioreganl2@hugedomains.com,Oncology,16,333221560
12061,Hillie,Kordovani,28,hkordovanil3@un.org,Neurology,13,372813190
12062,Tiffie,Hoyer,58,thoyerl4@umn.edu,Cardiology,29,85007457
12063,Danica,Dutson,50,ddutsonl5@deliciousdays.com,Psychiatry,22,388072192
12064,Koralle,Harbron,25,kharbronl6@si.edu,Cardiology,9,502880069
12065,Allis,Sollom,66,asolloml7@sfgate.com,Gastroenterology,14,403168081
12066,Frannie,Colqueran,53,fcolqueranl8@apple.com,Neurology,36,444020272
12067,Odelia,Atyea,31,oatyeal9@plala.or.jp,Dermatology,40,643925198
12068,Nev,Eslemont,31,neslemontla@discovery.com,Neurology,29,395843428
12069,Jacklin,Shilladay,37,jshilladaylb@cloudflare.com,Gastroenterology,21,567334355
12070,Caspar,Poore,29,cpoorelc@goodreads.com,Dermatology,29,388051628
12071,Ivy,Munslow,43,imunslowld@hubpages.com,Cardiology,13,390924633
12072,Virginie,Purdey,45,vpurdeyle@webs.com,Surgery,1,416720452
12073,Amy,MacSkeaghan,54,amacskeaghanlf@go.com,Oncology,14,797659316
12074,Francine,Radbourne,70,fradbournelg@miibeian.gov.cn,Gastroenterology,18,752517319
12075,Isa,Alenichicov,55,ialenichicovlh@desdev.cn,Oncology,1,47866943
12076,Pepillo,Lambrick,52,plambrickli@fc2.com,Neurology,28,877265404
12077,Aylmer,Giannini,53,agianninilj@jiathis.com,Oncology,2,228493718
12078,Gretta,Streetfield,40,gstreetfieldlk@utexas.edu,Gastroenterology,40,806283022
12079,Inigo,Ellerbeck,66,iellerbeckll@vistaprint.com,Pediatrics,31,939205933
12080,Madalena,Flukes,34,mflukeslm@unicef.org,Oncology,10,257708969
12081,Inglebert,Digweed,66,idigweedln@fda.gov,Pediatrics,19,883510909
12082,Rebecka,Hatch,57,rhatchlo@hexun.com,Cardiology,16,472481729
12083,Reiko,Pauel,27,rpauellp@apple.com,Gastroenterology,3,780975441
12084,Edith,Moscone,56,emosconelq@nydailynews.com,Cardiology,28,873684294
12085,Krissy,Oakland,38,koaklandlr@dion.ne.jp,Psychiatry,39,318485506
12086,Sandor,McKechnie,59,smckechniels@canalblog.com,Psychiatry,18,970283344
12087,Antonetta,Showt,29,ashowtlt@go.com,Dermatology,39,813290433
12088,Jen,Hinkley,62,jhinkleylu@springer.com,Dermatology,36,684321934
12089,Bran,Chilcott,33,bchilcottlv@upenn.edu,Dermatology,20,396824525
12090,Rafaellle,Gallatly,45,rgallatlylw@arstechnica.com,Dermatology,25,747195788
12091,Regina,Jemmison,36,rjemmisonlx@yelp.com,Cardiology,24,738184994
12092,Pancho,Essel,69,pesselly@seattletimes.com,Surgery,21,306449774
12093,Bord,Tampion,67,btampionlz@opera.com,Cardiology,21,31093536
12094,Sophi,Towne,33,stownem0@home.pl,Cardiology,14,443159557
12095,Liz,Mitchelmore,37,lmitchelmorem1@weebly.com,Psychiatry,36,505834958
12096,Martica,Grogono,28,mgrogonom2@theguardian.com,Dermatology,39,732127954
12097,Rolando,Gotthard.sf,29,rgotthardsfm3@buzzfeed.com,Psychiatry,24,203291276
12098,Gallagher,Sudell,61,gsudellm4@sbwire.com,Gastroenterology,30,699496459
12099,Marv,Iannelli,34,miannellim5@ucoz.ru,Pediatrics,6,384857728
12100,Joya,Halsey,28,jhalseym6@blog.com,Dermatology,29,820763212
12101,Maridel,Cholonin,28,mcholoninm7@xinhuanet.com,Surgery,36,632031678
12102,Alicia,Maass,34,amaassm8@netvibes.com,Oncology,16,45145366
12103,Caresa,Parsonage,35,cparsonagem9@newsvine.com,Surgery,17,404231713
12104,Shelbi,Parramore,44,sparramorema@reuters.com,Oncology,30,769193118
12105,Aleda,Dongall,31,adongallmb@archive.org,Surgery,1,858031186
12106,Aveline,Riddich,62,ariddichmc@examiner.com,Oncology,25,666404959
12107,Clevie,Goade,32,cgoademd@facebook.com,Surgery,19,995167361
12108,Ray,Kaesmans,56,rkaesmansme@paypal.com,Oncology,36,969806601
12109,Katha,Troni,33,ktronimf@exblog.jp,Surgery,28,161179524
12110,Dun,Beed,64,dbeedmg@cbslocal.com,Neurology,30,587742970
12111,Jasmina,Pudan,28,jpudanmh@ask.com,Oncology,22,312156718
12112,Shela,Annes,61,sannesmi@senate.gov,Pediatrics,10,800183744
12113,Debi,Tarver,67,dtarvermj@google.ru,Pediatrics,19,582841888
12114,Jennifer,Probetts,60,jprobettsmk@vimeo.com,Gastroenterology,30,5567131
12115,Karilynn,Croll,69,kcrollml@t-online.de,Psychiatry,17,505693890
12116,Therese,Emerine,40,temerinemm@typepad.com,Cardiology,40,791250786
12117,Enid,Flag,29,eflagmn@ycombinator.com,Surgery,1,130571109
12118,Heriberto,Hoggan,35,hhogganmo@domainmarket.com,Gastroenterology,8,875417523
12119,Gay,Bigadike,30,gbigadikemp@biblegateway.com,Cardiology,22,842734890
12120,Nathanial,Ianson,36,niansonmq@myspace.com,Surgery,23,533119949
12121,Marget,Ducarne,66,mducarnemr@wikispaces.com,Oncology,37,240344681
12122,William,Rosbottom,28,wrosbottomms@163.com,Gastroenterology,26,966324907
12123,Eleonore,Arnaudot,58,earnaudotmt@si.edu,Psychiatry,38,267175698
12124,Rosalie,Hellin,64,rhellinmu@ted.com,Psychiatry,15,789751037
12125,Shepperd,Murrill,39,smurrillmv@google.es,Gastroenterology,12,864220310
12126,Anette,Siddell,47,asiddellmw@tinyurl.com,Gastroenterology,32,734341774
12127,Riccardo,Robson,59,rrobsonmx@un.org,Gastroenterology,29,864719756
12128,Gweneth,Wiltshier,31,gwiltshiermy@exblog.jp,Gastroenterology,5,697049992
12129,Adriena,Wisdish,48,awisdishmz@washington.edu,Surgery,12,187125560
12130,Heywood,Trunks,46,htrunksn0@angelfire.com,Neurology,35,28045487
12131,Gabriell,Maliffe,46,gmaliffen1@biglobe.ne.jp,Psychiatry,22,558447165
12132,Jessalin,Emmanueli,34,jemmanuelin2@geocities.com,Cardiology,34,908185378
12133,Sonnie,Castellone,28,scastellonen3@hp.com,Surgery,10,495424841
12134,Melva,Lownie,65,mlownien4@delicious.com,Surgery,28,752047936
12135,Saul,Nashe,29,snashen5@blogtalkradio.com,Pediatrics,27,313519494
12136,Wilma,Prando,29,wprandon6@t.co,Oncology,3,520593545
12137,Constantine,Sacaze,27,csacazen7@blogtalkradio.com,Neurology,2,110191095
12138,Torey,Noon,35,tnoonn8@imageshack.us,Psychiatry,2,676935066
12139,Raynard,Bisco,64,rbiscon9@feedburner.com,Dermatology,39,61612635
12140,Vinita,Elderton,50,veldertonna@omniture.com,Neurology,32,760052236
12141,Velma,Dungey,43,vdungeynb@clickbank.net,Pediatrics,28,758646284
12142,Elita,Pilger,52,epilgernc@wikipedia.org,Pediatrics,25,223365582
12143,Dav,Philippson,36,dphilippsonnd@hibu.com,Pediatrics,15,715222613
12144,Alayne,Tighe,55,atighene@merriam-webster.com,Surgery,37,974261172
12145,Albertina,Geddes,42,ageddesnf@nasa.gov,Pediatrics,39,455378373
12146,Bernetta,Cavalier,45,bcavalierng@themeforest.net,Pediatrics,22,993573279
12147,Enrico,Carlow,69,ecarlownh@fema.gov,Gastroenterology,40,429524030
12148,Mel,Champion,51,mchampionni@thetimes.co.uk,Oncology,31,503292829
12149,Patton,Ferrarotti,48,pferrarottinj@i2i.jp,Psychiatry,31,526234604
12150,Constantina,Serraillier,50,cserrailliernk@marriott.com,Dermatology,17,389263482
12151,Joshua,Dawnay,64,jdawnaynl@patch.com,Cardiology,33,423750746
12152,Clementina,Norton,37,cnortonnm@dropbox.com,Oncology,9,167149706
12153,Sunny,Formigli,64,sformiglinn@virginia.edu,Psychiatry,28,725148885
12154,Ninetta,Birtwisle,61,nbirtwisleno@buzzfeed.com,Gastroenterology,23,271367290
12155,Bunni,Summerlee,35,bsummerleenp@disqus.com,Surgery,18,360920760
12156,Demetrius,Woffenden,45,dwoffendennq@mac.com,Surgery,9,351155334
12157,Kelsey,Stowte,46,kstowtenr@facebook.com,Dermatology,20,398053484
12158,Kelci,Brewse,61,kbrewsens@flickr.com,Pediatrics,8,446219873
12159,Di,Coulston,34,dcoulstonnt@umn.edu,Gastroenterology,34,610671700
12160,Tally,Maryska,67,tmaryskanu@tinyurl.com,Psychiatry,4,62402667
12161,Lorraine,Swainsbury,25,lswainsburynv@slideshare.net,Surgery,12,476321216
12162,Gene,Sparrowe,54,gsparrowenw@google.nl,Oncology,23,680145556
12163,Emili,Jahnisch,25,ejahnischnx@oracle.com,Gastroenterology,12,636520697
12164,Christian,Chastanet,47,cchastanetny@slashdot.org,Cardiology,35,829420116
12165,Justinian,Speirs,48,jspeirsnz@mlb.com,Cardiology,31,505455481
12166,Willey,Sitwell,25,wsitwello0@posterous.com,Neurology,35,348420494
12167,Hieronymus,Yedy,57,hyedyo1@yahoo.com,Cardiology,18,677253395
12168,Tandi,Sargeaunt,69,tsargeaunto2@narod.ru,Oncology,3,835227317
12169,Ganny,Hallede,47,ghalledeo3@netvibes.com,Dermatology,34,338410930
12170,Sisile,Burgot,63,sburgoto4@ebay.com,Gastroenterology,34,82516801
12171,Joella,Kays,29,jkayso5@dyndns.org,Psychiatry,8,490636288
12172,Raphaela,MacPeake,49,rmacpeakeo6@wikispaces.com,Oncology,16,830911448
12173,Nathalia,Clougher,25,ncloughero7@sciencedirect.com,Dermatology,14,307020250
12174,Marley,Shucksmith,67,mshucksmitho8@umich.edu,Neurology,25,653344568
12175,Georgena,Meaden,26,gmeadeno9@furl.net,Oncology,10,803974891
12176,Mitch,Pybus,32,mpybusoa@bbc.co.uk,Dermatology,4,319052571
12177,Rainer,Enbury,65,renburyob@time.com,Pediatrics,39,456625759
12178,Winifield,Fronczak,47,wfronczakoc@jigsy.com,Dermatology,24,286802785
12179,Kimbell,Dudden,29,kduddenod@mysql.com,Dermatology,12,160595895
12180,Carrol,Vasnev,43,cvasnevoe@telegraph.co.uk,Dermatology,14,394950834
12181,Oates,Altree,33,oaltreeof@goo.gl,Surgery,13,664878310
12182,Tawsha,Chimes,42,tchimesog@weebly.com,Psychiatry,40,411640905
12183,Vinita,Moorey,27,vmooreyoh@youku.com,Surgery,16,766949552
12184,Fraze,Gianneschi,31,fgianneschioi@forbes.com,Neurology,3,136525515
12185,Lilias,Grew,26,lgrewoj@github.io,Pediatrics,7,629360169
12186,Valida,Coote,42,vcooteok@1und1.de,Surgery,5,978079253
12187,Dallas,Ferreira,45,dferreiraol@amazon.de,Psychiatry,4,740012748
12188,Darla,Mewton,70,dmewtonom@elegantthemes.com,Gastroenterology,28,634565899
12189,Taddeo,Tunny,60,ttunnyon@tuttocitta.it,Oncology,10,170169666
12190,Ketti,Davidowsky,36,kdavidowskyoo@rambler.ru,Cardiology,20,575653879
12191,Leighton,Cortes,36,lcortesop@wufoo.com,Dermatology,7,613797911
12192,Rayshell,Ebbutt,33,rebbuttoq@ehow.com,Oncology,14,805570965
12193,Jade,Gerred,59,jgerredor@is.gd,Surgery,17,533980153
12194,Joellyn,Rollitt,57,jrollittos@google.es,Surgery,7,410895481
12195,Nadeen,Bravington,54,nbravingtonot@printfriendly.com,Gastroenterology,22,172199378
12196,Taddeo,Hamsley,30,thamsleyou@hugedomains.com,Neurology,34,42603162
12197,Jaime,Tooher,65,jtooherov@istockphoto.com,Dermatology,32,457685546
12198,August,McIlriach,65,amcilriachow@sitemeter.com,Cardiology,8,737188999
12199,Fern,Hartshorne,37,fhartshorneox@hubpages.com,Gastroenterology,32,941996225
12200,Siward,Dearan,59,sdearanoy@toplist.cz,Surgery,20,334830018
12201,Linell,Tuckett,63,ltuckettoz@quantcast.com,Oncology,5,827834808
12202,Adrianna,Robinette,43,arobinettep0@cafepress.com,Oncology,7,82428620
12203,Delbert,Heading,52,dheadingp1@pen.io,Surgery,39,920397895
12204,Shena,Gogay,53,sgogayp2@tripadvisor.com,Neurology,10,598094261
12205,Gavan,Rigney,52,grigneyp3@uiuc.edu,Psychiatry,38,710298268
12206,Whit,Morey,54,wmoreyp4@quantcast.com,Neurology,7,544336421
12207,Letitia,Dubock,59,ldubockp5@rakuten.co.jp,Neurology,8,701693862
12208,Ursula,O'Nolan,25,uonolanp6@epa.gov,Gastroenterology,26,617236500
12209,Corby,Pavia,30,cpaviap7@patch.com,Gastroenterology,24,426606480
12210,Silvia,Fricke,70,sfrickep8@sina.com.cn,Oncology,17,954134662
12211,Amanda,Errey,30,aerreyp9@themeforest.net,Psychiatry,7,970865766
12212,Babbette,Rubroe,26,brubroepa@dmoz.org,Cardiology,23,483638406
12213,Shena,Selvester,65,sselvesterpb@usda.gov,Psychiatry,18,705580317
12214,Jane,Bestiman,70,jbestimanpc@newyorker.com,Oncology,33,799059055
12215,Birgitta,Darwen,28,bdarwenpd@wsj.com,Cardiology,39,17338453
12216,Gabi,Bilfoot,62,gbilfootpe@dion.ne.jp,Dermatology,16,377306027
12217,Gerhardt,Kaveney,36,gkaveneypf@skype.com,Dermatology,13,588625438
12218,Oren,Goodbarr,42,ogoodbarrpg@gizmodo.com,Neurology,37,858545236
12219,Jerald,Clue,63,jclueph@diigo.com,Psychiatry,17,207627194
12220,Vasilis,Ledwidge,30,vledwidgepi@berkeley.edu,Psychiatry,21,886836391
12221,Roxy,Popland,51,rpoplandpj@ucoz.ru,Neurology,24,357098270
12222,Jasmin,Dutton,33,jduttonpk@google.nl,Cardiology,15,749114152
12223,Adele,Gosland,41,agoslandpl@kickstarter.com,Pediatrics,19,642128006
12224,Mignon,Hannant,69,mhannantpm@webmd.com,Gastroenterology,31,54104016
12225,Yule,De Vaux,50,ydevauxpn@newyorker.com,Surgery,33,65340054
12226,Albrecht,Murname,25,amurnamepo@weather.com,Neurology,26,127514732
12227,Adamo,Wane,46,awanepp@addthis.com,Dermatology,10,603227507
12228,Nancie,Ierland,37,nierlandpq@infoseek.co.jp,Oncology,29,793312476
12229,Gert,Veall,36,gveallpr@umich.edu,Cardiology,33,926837897
12230,Estevan,Juggins,59,ejugginsps@ifeng.com,Oncology,10,651066349
12231,Tan,Vigers,32,tvigerspt@naver.com,Pediatrics,13,738850041
12232,Kalie,Snowdon,61,ksnowdonpu@theglobeandmail.com,Gastroenterology,12,905531458
12233,Avis,Cana,68,acanapv@list-manage.com,Neurology,6,202945400
12234,Ermanno,McSaul,29,emcsaulpw@omniture.com,Neurology,34,948692529
12235,Suzanna,Weed,69,sweedpx@cbsnews.com,Neurology,13,954112687
12236,Star,Baynom,46,sbaynompy@utexas.edu,Cardiology,11,353318290
12237,Mace,Hame,49,mhamepz@infoseek.co.jp,Neurology,8,38612144
12238,Jemie,Astling,55,jastlingq0@tamu.edu,Oncology,9,878198207
12239,Rainer,Mawford,51,rmawfordq1@oakley.com,Cardiology,20,30260222
12240,Bale,Ianitti,66,bianittiq2@ftc.gov,Psychiatry,21,416034690
12241,Amanda,Voss,58,avossq3@stumbleupon.com,Surgery,17,865213684
12242,Gustaf,Greeves,59,ggreevesq4@friendfeed.com,Surgery,29,693441454
12243,Ardelle,Upton,35,auptonq5@163.com,Oncology,27,595184482
12244,Cheryl,Pemble,29,cpembleq6@360.cn,Oncology,27,36541113
12245,Melloney,Searston,46,msearstonq7@cnn.com,Pediatrics,9,267413981
12246,Craig,Zeal,44,czealq8@un.org,Dermatology,27,118145479
12247,Noemi,Quartermain,40,nquartermainq9@state.tx.us,Neurology,1,56538788
12248,Burke,Duffield,63,bduffieldqa@acquirethisname.com,Dermatology,29,631870869
12249,Tait,Darton,64,tdartonqb@fc2.com,Psychiatry,22,627832947
12250,Odella,Rootes,32,orootesqc@noaa.gov,Pediatrics,28,963998441
12251,Maribel,Moreno,50,mmorenoqd@bigcartel.com,Dermatology,24,783858327
12252,Michel,Viccary,60,mviccaryqe@mashable.com,Dermatology,20,787822005
12253,Mikkel,Venard,43,mvenardqf@hhs.gov,Dermatology,30,751031194
12254,Briana,Grzelak,46,bgrzelakqg@biglobe.ne.jp,Cardiology,32,655100135
12255,Tye,Mansfield,53,tmansfieldqh@hostgator.com,Gastroenterology,6,668110119
12256,Dollie,Hinchcliffe,49,dhinchcliffeqi@apache.org,Neurology,11,686409607
12257,Emelen,Hazael,25,ehazaelqj@hao123.com,Cardiology,32,759161476
12258,Ilse,Bordman,53,ibordmanqk@marketwatch.com,Psychiatry,21,569000498
12259,Bil,Zolini,40,bzoliniql@un.org,Gastroenterology,40,53392125
12260,Brendis,Halley,50,bhalleyqm@narod.ru,Neurology,22,355821067
12261,Katina,Huglin,43,khuglinqn@unicef.org,Gastroenterology,16,190058585
12262,Monty,Crevy,37,mcrevyqo@w3.org,Pediatrics,28,795916875
12263,Lorne,Dalton,44,ldaltonqp@discovery.com,Psychiatry,34,904946044
12264,Dodi,Guerro,63,dguerroqq@1und1.de,Gastroenterology,22,750457543
12265,Ekaterina,Menlove,56,emenloveqr@printfriendly.com,Oncology,20,911206717
12266,Ruthy,Ream,40,rreamqs@economist.com,Oncology,18,978085718
12267,Forrest,Wrench,42,fwrenchqt@illinois.edu,Psychiatry,37,772647129
12268,Shelden,McQuin,38,smcquinqu@google.com,Neurology,23,644204092
12269,Jania,Deathridge,63,jdeathridgeqv@house.gov,Pediatrics,27,927165195
12270,Tarrance,Franciotti,54,tfranciottiqw@artisteer.com,Cardiology,12,418668646
12271,Ilka,Barthelme,61,ibarthelmeqx@scribd.com,Surgery,3,400366873
12272,Eustacia,Verick,37,everickqy@tiny.cc,Neurology,12,604383105
12273,Niel,Halfhyde,51,nhalfhydeqz@jugem.jp,Dermatology,37,786646728
12274,Gerrie,Prendeville,30,gprendeviller0@spiegel.de,Surgery,24,747988027
12275,Lorianne,Yarr,51,lyarrr1@mac.com,Oncology,21,515946802
12276,Gaelan,Gossage,26,ggossager2@gizmodo.com,Surgery,29,421660732
12277,Katrine,Welford,57,kwelfordr3@mtv.com,Neurology,39,123224346
12278,Nestor,Heindrick,58,nheindrickr4@bloomberg.com,Cardiology,27,298641329
12279,Hedda,Juggings,36,hjuggingsr5@dailymail.co.uk,Gastroenterology,37,544608506
12280,Robena,Simoncello,34,rsimoncellor6@state.gov,Psychiatry,11,305845556
12281,Harbert,Chattock,45,hchattockr7@cargocollective.com,Surgery,39,635180616
12282,Troy,Billborough,36,tbillboroughr8@tuttocitta.it,Gastroenterology,7,254289496
12283,Web,Scipsey,44,wscipseyr9@angelfire.com,Pediatrics,2,744132499
12284,Gerty,Henderson,53,ghendersonra@smh.com.au,Oncology,13,838486941
12285,Angelo,Grgic,28,agrgicrb@photobucket.com,Oncology,9,14003406
12286,Mariana,Brill,40,mbrillrc@desdev.cn,Surgery,26,2232128
12287,Joachim,Firbank,38,jfirbankrd@nba.com,Oncology,20,937385430
12288,Kevon,Cranmor,52,kcranmorre@dailymotion.com,Cardiology,33,568706422
12289,Sam,Tressler,36,stresslerrf@dot.gov,Cardiology,30,872187881
12290,Nonie,Pill,59,npillrg@xing.com,Neurology,22,216523313
12291,Rubi,Duiged,49,rduigedrh@scientificamerican.com,Neurology,8,84624609
12292,Maynord,Minichillo,70,mminichillori@w3.org,Neurology,40,335106388
12293,Bald,Rackley,57,brackleyrj@thetimes.co.uk,Surgery,19,878716595
12294,Rafe,Laslett,53,rlaslettrk@disqus.com,Dermatology,18,666832461
12295,Hurleigh,Griffith,51,hgriffithrl@goo.ne.jp,Dermatology,22,710642619
12296,Liza,Mearns,32,lmearnsrm@theglobeandmail.com,Dermatology,1,831776062
12297,Shaine,Turmell,52,sturmellrn@slate.com,Psychiatry,37,786222900
12298,Tann,Rooms,41,troomsro@webeden.co.uk,Pediatrics,35,515400834
12299,Bryna,Arrowsmith,32,barrowsmithrp@jimdo.com,Neurology,1,952690846
12300,Wendye,Eyckelbeck,58,weyckelbeckrq@ehow.com,Psychiatry,9,841533027
12301,Cleon,Gwin,39,cgwinrr@smugmug.com,Pediatrics,23,654504908
