patient_id,first_name,last_name,date_of_birth,gender,address,contact_number
619486079,Jerrome,Keppie,8/17/2020,Male,2 Delaware Plaza,4336373923
892708688,Malina,Asser,5/11/2000,Female,9219 Cascade Road,3498640532
22195242,Lanie,Enos,4/26/2010,Female,5508 6th Way,4175843293
668808523,Homer,Greveson,11/28/2017,Male,6735 Basil Avenue,8828046926
467612663,Wilden,Pavey,7/25/2005,Male,7786 Sachs Pass,2852843070
61715603,Lexine,Abramov,4/29/2003,Female,33881 Eagle Crest Center,9294552501
412618858,Goddart,Rosso,8/23/2015,Male,1 Rigney Road,3844416249
947226484,Maurizio,Janiszewski,3/28/2012,Male,6429 Daystar Plaza,2746557963
801335117,Briana,Billington,3/13/2013,Female,55198 Thierer Road,7403525070
737229538,Aubrey,McCurley,6/15/2002,Male,5275 Almo Terrace,2053784366
636959196,Aguie,Thickett,9/2/2015,Male,06 Gale Pass,9328468222
299616270,Denis,Coburn,4/24/2004,Male,1 Annamark Court,8101812757
998132204,Roch,Sommerville,6/29/2015,Non-binary,9373 Stone Corner Court,8309430415
676991253,Euell,MacVaugh,1/22/2019,Male,4 John Wall Street,5875157557
535659829,Lois,Haggish,1/28/2007,Female,623 Anthes Lane,9447087689
997566304,Brandon,O' Clovan,9/1/2019,Male,180 Eagle Crest Park,3146047655
518353983,Jeremias,Olifard,3/14/2018,Male,824 Sugar Trail,7855007954
973884491,Karalynn,Pentecost,9/21/2005,Female,55 Victoria Place,5354615429
19218704,Elmo,Trammel,6/3/2017,Male,2 Kipling Parkway,4321763293
270549175,Magdaia,Orritt,4/21/2008,Female,1903 Barby Road,5576802690
209923864,Janette,Croydon,12/6/2000,Female,3 Moulton Avenue,7107328939
137555123,Levon,Cressar,8/19/2018,Male,51 Karstens Road,3311877174
140977191,Adina,Cancellor,6/12/2017,Female,1 Westend Pass,8613167379
636359507,Sterling,Hanington,11/10/2000,Male,41427 1st Alley,5578949204
70148713,Cristiano,Patrickson,12/8/2016,Male,6209 Mariners Cove Center,3686294969
383354783,Opal,Raymen,10/26/2017,Female,4 Bay Hill,6997541116
704120718,Marchall,Coners,11/21/2011,Male,936 Washington Crossing,5762295455
268909923,Reine,Cuell,2/12/2020,Female,00 Columbus Plaza,4099981676
451085417,Brnaba,Shann,1/8/2017,Male,129 Melvin Pass,7404921853
175968229,Kenn,O'Doherty,11/8/2003,Male,129 Pierstorff Circle,6105472379
610584136,Ollie,Eakle,11/21/2020,Female,2614 Petterle Way,1184177490
561344897,Larisa,Vinker,10/29/2010,Female,1 Hauk Way,2395431916
998726632,Celestia,Prinn,12/15/1999,Female,99 Brickson Park Park,8919583736
337089339,Lani,Vassay,2/6/2013,Female,369 Fieldstone Terrace,9961223641
706231568,Yoko,Lidden,2/21/2012,Female,603 Summit Parkway,5413658535
918665870,Tracy,Matevosian,10/30/2004,Male,814 Bultman Drive,5641894868
705611321,Fionna,Chastanet,10/28/2020,Female,81579 Grasskamp Point,5259002785
270932787,Rasla,Bernardeschi,9/6/2002,Polygender,15202 Sundown Street,6531814910
223978219,Karlie,Domke,8/31/2015,Female,5975 Warrior Trail,1866932672
149248170,Honor,Danielovitch,8/29/2014,Genderqueer,199 Westridge Circle,8998008640
265070821,Silvan,Rittmeier,11/21/2005,Male,1 John Wall Circle,7283024833
545441107,Harland,Durham,5/8/2001,Male,4307 Packers Hill,7141248346
485141889,Allayne,Needham,6/11/2021,Male,61 Mallard Plaza,2477613860
763165452,Kary,Hillburn,7/4/2007,Female,9797 Debs Road,3429589757
685725493,Marie-jeanne,Hourstan,9/5/2001,Female,8 Anderson Street,8143871030
182844664,Lita,Dominka,8/18/2009,Non-binary,60 Ilene Parkway,6238679865
916677356,Dennet,Looker,1/9/2004,Male,608 Dwight Point,6672752370
357367853,Karilynn,McSpirron,1/24/2019,Female,1 Killdeer Avenue,7761008646
622392191,Jandy,Paule,7/24/2002,Female,686 Raven Circle,9896023753
43273828,Chrysler,Scrymgeour,5/17/2009,Female,81 Doe Crossing Point,1856618240
86155929,Bruno,Bohje,2/20/2013,Male,94 Hoepker Avenue,4188926371
507055576,Rainer,Martinyuk,11/15/2002,Male,747 Milwaukee Park,6982181245
307893801,Goddard,Mounsie,4/16/2002,Male,40 Straubel Lane,8804256140
663957156,Rebecca,Beaze,12/8/2019,Female,3884 Springview Court,9211346787
714333176,Brandyn,Lorans,6/24/2013,Male,162 Hoard Avenue,6426003538
400106479,Hy,Stellman,8/12/2019,Male,1761 Gale Crossing,4894456146
995096308,Lorne,Trowl,9/23/2018,Male,86 Sloan Center,9002086978
798502775,Karia,Matczak,2/20/2015,Female,85052 Dayton Crossing,6509381188
419853502,Chastity,Smy,10/7/2006,Female,9527 Talmadge Lane,5002847694
451414638,Karly,Dwelley,6/11/2012,Female,5 Butterfield Drive,7289448533
568952270,Everett,Webermann,3/17/2018,Male,81 Truax Parkway,1134078852
493466447,Anthea,Garrold,12/22/2007,Female,12828 Arkansas Way,1848979888
141915822,Katleen,McMenemy,11/29/2008,Female,7 Old Shore Parkway,2592325181
244505818,Nell,Bristoe,6/30/1999,Female,9096 Meadow Vale Drive,5569432672
497746884,Sylas,Emblen,9/26/2005,Male,64 Mandrake Parkway,3586522115
602220202,Roch,Eadington,3/31/2011,Female,5325 Little Fleur Trail,3446183366
428589723,Gerald,Gavin,4/28/2021,Male,71074 Cottonwood Point,2925280679
281852462,Feliza,Murdie,3/13/2005,Female,336 Artisan Trail,3197103296
819361042,Any,Hancox,8/6/2015,Non-binary,51 Glacier Hill Circle,1912336836
893389209,Chrissie,Brimley,8/7/2007,Female,4888 Nelson Terrace,3723372821
84494254,Aviva,Zukerman,12/15/2006,Female,450 Warbler Park,8882483384
533454936,Kim,Sirett,8/5/2005,Female,0265 Alpine Alley,4156885677
819542153,Micaela,Muff,9/13/2007,Female,6 Merry Pass,5424549285
428101685,Perceval,Camidge,1/3/2004,Male,0053 Loomis Place,2836089570
237724864,Pearl,Haseman,4/23/2017,Female,09719 Manufacturers Junction,8874627475
807574651,Cristiano,Philippard,4/18/2013,Male,49751 Dottie Road,8669407886
356217138,Reta,Vedikhov,6/5/2020,Bigender,316 Quincy Road,7536753913
264503896,Sileas,Galletley,9/8/2003,Female,00 Namekagon Road,7661659027
332749365,Odette,Gosswell,7/10/2021,Female,36527 Transport Hill,9475176989
110885783,Caterina,Fenkel,3/18/2004,Female,8557 Pepper Wood Pass,6473445906
435852138,Kristine,Azemar,2/13/2011,Female,17 Randy Hill,9844756987
23289163,Terri,Oxlade,5/9/2018,Female,110 Schurz Crossing,7965316373
210758845,Tobie,Geockle,4/10/2005,Genderfluid,3 Mesta Point,9079597926
420377926,Lorrayne,St. Louis,2/25/2019,Female,35124 Melvin Center,9897118637
71883115,Husain,Barbey,10/9/2016,Genderfluid,8 Longview Park,6249422986
519021437,Vincenz,Wreford,1/26/2003,Male,657 Oak Valley Terrace,9544818008
819499806,Janka,Head,5/19/2013,Female,7 Cascade Circle,9574230744
357174398,Brit,Geany,5/28/2021,Female,9 West Pass,2961378251
118718403,Darcy,Fritschmann,3/31/2004,Male,13340 Sycamore Avenue,3261028667
682730119,Ransell,Amber,4/6/2001,Male,696 Center Street,7567619821
779692843,Fannie,McKaile,5/28/1999,Female,97518 Crowley Street,5054759057
966561466,Charyl,Manson,2/4/2014,Female,71 Valley Edge Hill,4997468957
428639568,Cynthea,Sanja,8/5/2017,Female,59 Nancy Junction,3524421305
872993792,Ethelbert,Persey,9/16/1999,Male,10268 Chinook Way,5838227603
211820509,Antonius,MacQuaker,10/19/2007,Male,90 Arrowood Alley,9977116882
973051723,Tanny,Nutbeem,10/31/2016,Male,75321 Barnett Crossing,9046646783
402541488,Cherlyn,McKelloch,3/20/2008,Female,90 Donald Alley,4483568669
812263271,Raviv,Capoun,9/7/2004,Male,94734 Northland Circle,4468022346
486519720,Arlinda,Keuning,12/3/2011,Female,33 Hallows Lane,8168188552
263114127,Chaim,Cammish,2/1/2002,Male,6362 Weeping Birch Drive,9767146469
363429428,Berni,Goalby,1/10/2002,Female,11015 Center Circle,5828414465
980267652,Derk,Guisot,5/18/2005,Male,39543 Daystar Court,5596253189
625704501,Ruggiero,Mathonnet,3/12/2019,Male,19714 Butterfield Junction,3463237876
27052530,Sophronia,Alldred,9/20/2009,Female,8082 Comanche Plaza,3558710756
580152369,Helsa,Duester,6/26/2004,Female,8383 Maple Wood Park,1803824617
665158476,Binky,Dunford,12/26/2003,Male,56433 Meadow Valley Point,9459382799
868965426,Mark,Goadsby,3/22/2002,Male,4 Mccormick Avenue,8834650291
170168746,Marcus,Anand,10/20/2001,Male,9050 Leroy Parkway,3827314123
850786317,Moina,Spini,11/10/2005,Female,08441 Melrose Hill,2262014311
986935235,Skipper,Canon,9/6/2019,Male,6 Karstens Parkway,3895303081
330037848,Lynett,Mummery,10/1/2000,Female,2644 Montana Point,2455611833
863907370,Selestina,McQuie,3/14/2007,Female,29775 Arrowood Junction,2618132413
637676207,Gerti,Cadwell,9/3/2019,Female,662 Veith Terrace,9918702763
355755490,Johnna,Marde,12/17/2004,Female,146 Rieder Place,8509649470
758980115,Julita,Philipeau,1/31/2011,Female,10 Fuller Trail,9773654964
927568245,Constance,Ronci,11/26/2005,Female,46 Vahlen Alley,5507230598
556553122,Joana,Brandle,8/15/2006,Female,87382 Schiller Park,5352151175
265104769,Morrie,Rielly,2/26/2004,Male,2 Village Street,2083247987
495145350,Rhys,Moran,12/1/2014,Male,84661 Merchant Road,6319150765
542987340,Sasha,Dakers,1/13/2015,Male,7 Utah Place,1395038052
343416509,Dulsea,Nudde,1/18/2002,Female,71768 Stephen Terrace,8122272704
879419974,Graehme,Gillanders,5/9/2019,Male,37 Declaration Trail,9673521561
465471842,Noam,Davis,12/9/2004,Male,44 Nancy Center,1239102754
394561574,Vinny,O'Bradain,2/21/2008,Female,3678 Oakridge Terrace,7302905268
678980314,Kendrick,De Biasi,1/14/2013,Male,678 Pine View Hill,7424347981
628975390,Batholomew,Valde,4/14/2014,Male,5666 Sunbrook Crossing,3716677662
786632343,Royal,Yarnall,8/28/2018,Genderqueer,0 Dexter Court,7319659529
780389679,Amalita,Butler,11/2/2005,Female,375 Packers Trail,3575623552
894988093,Victor,Sanpher,10/1/2005,Male,5 Badeau Trail,5226815491
85912857,Nevil,Rayworth,10/29/2001,Male,830 Artisan Circle,5036597516
464105653,Virgie,Corderoy,3/27/2002,Male,0537 Warrior Street,3334777246
501240471,Angelle,McGorman,9/18/2017,Female,60 Southridge Road,5759941442
736976614,Lyndell,Whichelow,5/5/2014,Female,68227 Cascade Lane,7181273156
189195112,Jaclyn,Brignall,5/17/2006,Female,526 Graceland Drive,1128598099
970400818,Garey,Wormstone,12/24/2009,Male,83587 Darwin Junction,1683716733
328916208,Jeana,Itskovitz,11/8/2001,Female,48637 Sullivan Trail,5124174347
725137844,Gun,Adamovitch,5/13/2006,Male,6526 Mallard Place,1088198635
878816364,Elton,Bridges,7/5/2012,Male,0 Springs Trail,5762848475
645873334,Hildegarde,Talmadge,5/29/2001,Female,17 Walton Hill,8758214416
647910025,Timmie,Kinzett,8/19/2015,Male,6 Fairfield Park,2918585200
807001272,Barbe,Du Hamel,8/9/2005,Female,57122 Hovde Lane,9019325092
345537363,Adrianne,Moule,2/16/2000,Female,7557 American Ash Place,4463882124
972176057,Maisie,Bowden,7/10/2004,Female,726 Canary Avenue,1663027198
923473238,Ozzie,Eslie,6/10/2014,Male,50 Merry Terrace,2288583561
923137516,Corny,Vasin,9/25/2006,Male,65259 Prentice Hill,3533399438
297181670,Temple,Devennie,6/6/2011,Male,411 Kensington Drive,1514483300
830274531,Giovanna,Tomczak,3/29/2016,Female,3 Fulton Crossing,6749173744
967019844,Frederica,Elles,6/17/2017,Female,590 Arrowood Center,6926948200
454949492,Chaddie,Dominguez,10/18/2017,Male,6 Mockingbird Street,8194009750
317356374,Hillel,Dennington,1/1/2007,Male,3 Lerdahl Plaza,3967824221
98693118,Gottfried,Ambrosetti,7/26/2006,Male,82128 Caliangt Avenue,4979953938
859007943,Perla,Voak,6/21/2017,Female,81840 Buell Way,5391366947
936928571,Carny,Fandrich,6/20/2011,Male,41 Onsgard Parkway,5148842934
205802252,Ardyce,Blose,12/10/2003,Female,801 Little Fleur Alley,7902923650
491186752,Christan,Lyle,3/13/2016,Female,2156 Schlimgen Junction,1416178785
223671959,Arther,Moyes,10/4/1999,Male,98 Burning Wood Point,1951567375
574472765,Webb,Tremoille,8/13/2009,Male,716 Carberry Junction,9878699967
952307752,Niccolo,Chad,3/28/2007,Male,37278 Ilene Avenue,5942401057
147194170,Isador,Thornton-Dewhirst,4/26/2005,Genderqueer,75228 Jana Circle,9974629755
854815299,Justinian,Kirkman,9/20/2005,Male,44 Sommers Parkway,2585548153
440602340,Tamarra,Hardinge,3/23/2021,Female,0 Waxwing Terrace,1022377476
442514024,Starlin,Hasling,5/1/2020,Female,647 Duke Lane,5968976154
367039032,Shana,Duncombe,11/10/2007,Female,9 7th Drive,1392553415
221469783,Bunny,Geroldo,8/19/2012,Female,4 Calypso Park,9449811730
984167189,Sumner,Falla,11/25/2017,Male,1387 Wayridge Terrace,7137522135
787798578,Basilius,Do,9/27/2000,Male,1117 West Place,3097617248
142845775,Godfry,Cowlishaw,11/12/2020,Male,4 Cardinal Terrace,4762139881
821563403,Karlee,Bernardinelli,12/15/1999,Female,48 Bartelt Drive,8249444941
113428938,Phil,Klehyn,7/20/2003,Non-binary,60 Elmside Pass,3176102864
278052903,Weidar,Joul,11/1/2002,Male,104 Starling Pass,2226189413
27219464,Hamilton,Brumhead,6/13/2014,Male,5 Novick Point,5842571348
629539270,Iggy,Straine,9/16/2011,Male,02 Fisk Park,8081359635
522766694,Elsy,Tweedle,1/1/2009,Female,8188 Ryan Street,8347277072
704278225,Thain,Vasile,11/26/2008,Male,9525 Scofield Street,7387478852
809434019,Matt,Meaney,11/13/2020,Male,28853 Sloan Point,3028978174
285355146,Flin,Sapir,4/21/2010,Male,903 Petterle Way,6139041386
448795592,Ab,Matsell,9/4/2013,Male,2117 Dwight Trail,8066591317
330412646,Toby,Kemball,3/29/2005,Female,314 Heffernan Alley,1891585108
936759440,Brice,Lamblot,4/29/2001,Male,848 Nelson Road,4585217340
617333642,Chery,Fettis,6/14/2017,Female,8845 Barnett Court,3358378348
149020403,Beatrix,Barribal,11/26/2002,Female,40 Fair Oaks Avenue,9616602166
589910221,Cristian,Klinck,8/31/2010,Male,1 Waubesa Crossing,2195943220
518193599,Northrup,Brydie,2/13/2014,Male,881 Bay Place,3053248970
242159553,Tadd,Rickell,1/7/2021,Male,21834 Harbort Pass,9884747999
134715238,Yard,Sowden,7/20/2018,Non-binary,63840 Cherokee Place,2209781412
715650420,Chrystal,Danko,2/17/2013,Female,69377 Shopko Junction,4835895837
914591828,Montgomery,Amey,3/11/2002,Male,526 Lake View Road,2648264369
972153413,Bax,Harrema,7/20/2013,Bigender,6979 Main Center,1038994987
125269602,Pierette,Drackford,2/14/2008,Female,2 Colorado Center,7737970743
719924698,Alley,McAw,6/1/2017,Male,30 Sutteridge Court,8472728743
886564882,Teddy,Garham,10/4/2019,Male,979 North Point,4556292976
91001578,Laney,Ludl,12/6/2001,Genderfluid,3 Miller Park,1618033050
772603404,Bettina,Franzman,4/22/2017,Female,244 Milwaukee Plaza,2599645516
877066317,Harmonie,Gringley,1/4/2010,Female,116 Arizona Alley,7041206316
898517197,Kaylee,Danilchenko,5/29/2017,Female,5 Hudson Drive,8379049244
753891596,Christean,Blundan,3/29/2001,Female,22225 Florence Drive,3558144800
62856092,Major,Gallon,12/24/1999,Male,671 Bay Junction,9842743537
986432212,Keary,Arthan,9/17/2004,Male,8 Bashford Terrace,7538268558
525470834,Miltie,Angeau,10/25/2019,Male,54229 Calypso Street,4539661180
700240328,Helge,Rochelle,1/21/2015,Agender,6064 Hoffman Parkway,1435745618
320432402,Margalo,Albone,6/20/2020,Female,89 Luster Terrace,8253017615
837749245,Cele,Kiddell,7/9/2007,Female,0876 Grasskamp Trail,5122755707
559388733,Ophelie,Gioani,3/14/1999,Female,017 Anzinger Circle,6892100506
231392472,Ripley,Jaqueme,2/15/2010,Male,1493 Mandrake Parkway,9219576934
821884164,Dix,Joburn,8/8/2018,Female,7 Sauthoff Court,7193144143
264174687,Brigitte,Lent,9/21/2000,Female,138 Packers Avenue,1809049724
84704238,Tyson,Iowarch,12/16/2008,Agender,067 Tony Plaza,7086557508
666716175,Venus,MacCaughey,11/9/2018,Female,8874 Anhalt Pass,1343788917
779941389,Eddy,Rapo,9/25/2010,Female,9 Parkside Trail,6416690692
316875241,Brandon,Cooch,12/21/2008,Male,9 Hallows Alley,2555742112
145036888,Robinson,Cromly,11/30/2003,Male,2 Roth Avenue,5953982888
86604517,Gale,Corness,2/3/2017,Male,18984 Dawn Court,8857951554
848344783,Gil,Kiln,3/16/2021,Male,31970 Roth Center,3166481979
565377768,Philippine,Bummfrey,2/13/2014,Female,5030 Elka Junction,3195052996
816548704,Roxana,Sammonds,9/7/2008,Female,6 Merchant Junction,6645692330
227010807,Muffin,Jaze,3/18/2005,Male,23560 Northfield Lane,6964171422
742041410,Lombard,Cochet,5/21/2003,Male,624 Jackson Avenue,4324572116
354636790,Lars,Bellam,2/18/2013,Male,6 Trailsway Alley,2726815850
364779149,Ced,Adenot,2/6/2012,Male,1422 Thierer Avenue,7447525984
967051114,Trumaine,MacMenamie,4/30/2010,Male,6159 Boyd Court,2091604584
739531310,Jania,Boni,6/25/2020,Female,839 Old Shore Point,6483543374
231170029,Dana,Poulgreen,2/15/2004,Male,75764 Kim Terrace,7142444175
415092686,Sibel,Rogier,11/23/2014,Female,971 Havey Road,5105722748
685766483,Iosep,Aglione,12/16/2015,Male,9 Carioca Park,5611159936
892466058,Bucky,Bruggen,11/5/2011,Male,1 Badeau Court,7163093639
667805562,Charil,Halmkin,3/30/2007,Genderqueer,94830 Basil Terrace,6885499623
345421752,Hester,Spreull,4/11/2008,Female,6391 Merchant Pass,7004715878
197677169,Rowen,Spring,7/4/2004,Male,5250 Jenifer Court,4247625638
530103186,Goldarina,O'Connolly,11/27/2001,Female,08 Mccormick Alley,3563389169
844561658,Joannes,Gammel,2/14/2018,Genderfluid,375 Monument Park,3193096962
316841341,Willi,Divers,1/22/2017,Bigender,73634 Grayhawk Terrace,2621037226
322114020,Carolin,Roxburch,6/27/2020,Female,93 Linden Plaza,7931192418
631285783,Morgun,Hordell,5/19/2009,Male,2 Coleman Center,6824301433
747193545,Cacilia,Penwright,12/23/2017,Female,63164 8th Hill,8857192875
857842158,Herrick,Poyner,12/21/2005,Male,61934 Ruskin Park,9254477694
847421326,Corene,Tatershall,2/13/2015,Female,3 Northport Place,7389226957
422046345,Bond,Aluard,1/26/2020,Male,0 Spohn Junction,1181905804
62674061,Jerald,Brownlea,5/31/2010,Male,310 Luster Avenue,1103102725
601918930,Elset,Basilio,12/17/2010,Female,9762 Kinsman Crossing,2141284358
173607718,Vanna,Danilchenko,6/27/2017,Female,31 Stephen Court,9966749962
785973041,Mollee,Aish,3/22/2001,Female,7 Acker Junction,1138407548
291078712,Greg,Birrane,2/15/2018,Male,0934 Pepper Wood Junction,2482805651
425269856,Jackie,Reddie,5/25/2001,Female,694 Maywood Crossing,4259244423
226934857,Pet,Rospars,1/31/2007,Female,29 Hagan Terrace,1701064334
120223760,Sauveur,De Goey,8/7/2021,Male,6979 Forster Terrace,7828505958
448283482,Carline,Vittet,4/6/2005,Female,5310 Colorado Hill,4882818747
170598357,Byrle,Chritchley,9/18/2014,Male,6858 Northland Place,7258691046
421045209,Ted,Ruoff,2/23/2010,Male,6 East Trail,6636173497
607681595,Gino,Brixey,10/16/2006,Male,2 New Castle Pass,4508933492
889722477,Flin,Skellon,10/18/1999,Male,748 Shopko Point,9426527323
203000145,Sloan,Colton,12/22/2000,Male,104 Crowley Parkway,7316224970
62505395,Donny,Alfuso,12/21/2010,Female,7913 Bowman Alley,2241149091
814755149,Rori,O'Grogane,5/16/2015,Female,09 North Road,9876228932
981089876,La verne,Scoon,11/16/2011,Female,31095 Trailsway Crossing,2524362294
333845615,Maurie,Habbon,3/14/2002,Male,714 Coolidge Place,3359016095
553237679,Darnall,Betjes,5/10/2007,Male,1 Bartelt Junction,7304321707
204913870,Marlow,Cota,7/5/2019,Male,7585 Bonner Street,6505058436
206636350,Reade,Duthie,10/19/2004,Male,385 Rockefeller Avenue,7266459186
790878684,Gaby,Dalgliesh,10/24/2003,Male,7181 Stone Corner Parkway,8407508279
975972568,Rustie,Georgeot,7/9/2020,Male,58142 Warner Avenue,7275143819
225299968,Hallsy,Le Batteur,9/27/2009,Male,6 Blaine Place,9046549748
290533830,Alfred,Charrington,12/21/2013,Male,486 Westerfield Hill,3446258761
426101339,Cortie,Kestian,8/12/2007,Male,40 Evergreen Place,5046241838
399388732,Cherilyn,Tesoe,9/3/2019,Female,04970 Fisk Pass,9839779358
450658408,Shepperd,Norcott,9/14/2020,Male,4 Granby Point,8195243177
225825384,Alexia,Lock,3/26/2009,Female,11646 Barby Avenue,7118406263
88420477,Angelica,Corbert,12/25/2003,Genderfluid,71466 Portage Court,9118989284
915669969,Fae,McKinn,3/21/2002,Female,564 Blackbird Plaza,4207008584
298778071,Rorke,Huckin,1/18/2008,Male,3 Eliot Place,5093308433
296897508,Cointon,Shorto,1/28/1999,Male,749 Sommers Pass,9823764827
669017571,Raimundo,Strain,2/3/2011,Male,28 Summer Ridge Crossing,2029850293
641421685,Jonathan,Schleicher,6/18/2007,Male,6 Maryland Park,4694297944
952728246,Wyatt,Clynter,4/1/2014,Male,094 Utah Avenue,9345230671
73649927,Fredia,Pinkie,10/10/2020,Female,7263 Susan Parkway,6333696970
671507928,Paulie,D'Ugo,8/23/2004,Male,05 7th Junction,9393995019
286025845,Erinn,O' Finan,6/18/2017,Female,65002 Continental Street,6699115158
304922871,Abeu,Swinnerton,12/7/2007,Male,191 Oneill Place,9881451900
582980783,Tudor,Engall,5/4/2006,Male,87 Luster Circle,8755879756
288518803,Philly,Stollsteiner,1/23/2006,Agender,8652 Mayfield Plaza,7605163236
484167075,Vanya,Gerrets,5/18/2006,Female,32 Bay Hill,9158509143
772005956,Gabi,Prendergast,4/23/2000,Male,89 Waubesa Plaza,8644211495
264582659,Fern,Wain,7/31/2008,Female,352 Hazelcrest Alley,8852885437
592112447,Daron,Sigfrid,10/30/2019,Female,0923 Schiller Place,4797148540
894373636,Kattie,Mattedi,9/15/2003,Female,417 Steensland Street,2106294219
497715155,Kaitlynn,Tunnicliff,5/29/2003,Bigender,70558 Maywood Court,9447513569
438624573,Maisie,Hawkeswood,8/9/2004,Female,3 Hanover Crossing,8627026434
345715688,Sal,Newitt,5/1/2010,Male,42 Milwaukee Circle,2671736816
132559883,Consalve,Lowsely,12/12/2014,Male,38 Kings Road,5304682445
967079673,Basilio,Eslemont,12/6/2005,Male,09 Mesta Junction,6412301966
477166121,Ray,Pointon,9/22/1999,Female,79 Stoughton Drive,2291824700
182844422,Hillery,Joynt,5/31/2004,Male,5 Almo Trail,4198886143
547880674,Morlee,Parr,3/17/2017,Male,8218 Acker Center,6388436336
995701962,Camile,Deport,5/24/2016,Female,91677 Eagan Street,2422352881
741359872,Benni,Maven,6/28/2019,Female,47 Birchwood Drive,5938565000
20314008,Darwin,Kiendl,12/12/2010,Male,880 Village Center,3227001001
646819878,Rosy,Serot,1/22/1999,Female,0465 Merrick Way,7866346061
886992264,Finn,Boatwright,2/14/2012,Male,551 Schurz Park,5306096151
798580686,Maisie,Straw,1/2/2016,Female,465 Judy Way,8642980824
137845579,Elwin,Bohler,10/16/2016,Male,30561 Petterle Center,1348304241
844857052,Tiffany,Laroux,5/26/2012,Genderqueer,2563 Main Junction,1414116285
561739729,Jacky,Morillas,9/14/2017,Female,64941 Bartillon Terrace,8987894463
589802751,Eldredge,Gandey,11/11/2021,Polygender,89 Mallory Parkway,4281031227
938341356,Yolande,Grahlmans,2/27/2012,Female,95633 Novick Circle,6098487757
412252964,Dunstan,Brandacci,10/20/2007,Bigender,5566 Algoma Street,7384037228
688954037,Valry,Campes,1/27/2004,Female,8 Grasskamp Circle,9562296296
195133202,Lotty,de Lloyd,2/15/2003,Genderqueer,0 Springview Plaza,1698912568
993194584,Goldie,Citrine,11/27/2011,Female,68377 Eliot Pass,8174926618
751677696,Miguel,Wetherby,11/2/2006,Male,22082 Muir Center,8381345395
629097045,Kearney,Adamson,7/4/2018,Genderqueer,08783 Everett Alley,1392641281
734762728,Stafford,Caudelier,4/13/2017,Male,9898 Del Mar Crossing,9322261159
184662655,Nicky,Petrishchev,9/8/2012,Male,59458 Esker Hill,9061591974
636811037,Gertrud,Keighley,10/17/2006,Female,911 Mitchell Lane,4164756458
633502640,Leela,Loftus,8/31/2020,Genderfluid,09687 Sauthoff Pass,1172753018
539492226,Peri,MacPharlain,6/12/1999,Genderfluid,334 4th Lane,7996184326
359353686,Rafaelita,Fenton,2/14/2011,Bigender,011 Barby Center,6272935979
804688279,Liza,McMichell,7/22/1999,Female,35836 Buell Plaza,5635972259
510708767,Darcy,Burd,5/24/2010,Female,782 Roth Street,7539666657
667148888,Binnie,Belderfield,1/28/2020,Female,068 Monica Alley,9826695651
439725005,Chrysa,Lukacs,9/22/2004,Female,57 Spenser Circle,5834694973
366580016,Ruby,Bockings,5/14/2019,Female,9 Colorado Terrace,7664353462
832436540,Olly,Gillum,1/22/2001,Female,93856 Mcbride Hill,8103935068
118189821,Libby,Sarchwell,6/13/2018,Female,32736 Westend Parkway,5061883446
142386290,Freedman,Dryburgh,12/17/2009,Male,72 Toban Point,6416867366
10890207,Darrelle,Mangham,12/18/2001,Female,99 Novick Point,3679097671
364075393,Anders,Keyzman,8/6/2004,Male,636 Loftsgordon Alley,6074903074
841358317,Charisse,Picker,6/1/2020,Female,68 Green Park,6432583650
830073825,Simone,Longega,12/25/2012,Female,71988 Crowley Point,9353851610
616964315,Luce,Pennigar,6/28/2015,Male,880 Manitowish Junction,7588450102
289140264,Gilberto,Grimsell,1/29/2015,Male,18511 Rowland Junction,3421903765
564585080,Amalia,MacAless,2/5/2016,Female,3705 Lawn Trail,4164394817
425903349,Adi,Testo,2/5/2010,Female,309 Sommers Junction,6237067344
79773476,Dag,Mirando,9/25/2017,Male,40186 Service Circle,7151701136
177646991,Thornie,MacDavitt,6/7/2011,Male,10 Buena Vista Trail,1909791369
846745304,Berni,Heiss,5/22/2002,Female,1834 Debs Lane,4413850862
988770075,My,Kuhnel,12/14/2008,Male,6305 Debra Street,4998795821
791742898,Temp,Peedell,1/25/2021,Male,1798 Eastlawn Trail,6436828768
529288405,Rowena,Yurchenko,3/18/2014,Female,4 Di Loreto Road,7638473819
314273459,Fowler,Harley,2/3/2020,Male,3 Dakota Circle,5267222221
797445830,Julian,Febry,8/29/2002,Male,4628 Thackeray Center,6386334054
453787601,Delila,Pala,6/8/2020,Female,145 Blue Bill Park Pass,8307331778
388503082,Opal,Inchan,4/15/2010,Female,912 Russell Court,9374091526
640029536,Karoline,Kirwood,12/18/2020,Female,61 Myrtle Pass,2502548199
735342884,Haily,Berntsson,5/28/2005,Female,877 Dapin Road,8854268387
585713445,Iago,Hallums,8/19/2005,Male,37488 Stang Point,5232269749
393558923,Augusta,Brammar,8/12/2005,Female,830 Holmberg Parkway,9353739896
757255325,Dallon,Caurah,4/20/2015,Male,675 Merrick Parkway,4609007560
308646340,Anet,Blasio,8/16/2021,Female,94 Meadow Vale Park,7514426579
687945795,Katinka,Gudger,10/18/2005,Female,16241 Sundown Road,7479878405
623031103,Pattie,Iannitti,10/26/2008,Male,60 School Place,5102827785
876250646,Mimi,Toohey,10/9/2004,Polygender,9286 Straubel Circle,2798771659
344454710,Salome,Fritchley,6/21/2017,Female,525 Coleman Terrace,7565019859
995352285,Lorie,Mauvin,1/11/2000,Female,7 Bonner Hill,9383681016
973927366,Mile,Driffill,8/27/2003,Male,4603 Schlimgen Way,6327848748
218742481,Corine,Sisey,6/6/2021,Female,4867 Esker Avenue,9044005083
517790823,Stesha,Fullerlove,9/26/2020,Genderqueer,963 Buhler Crossing,6924828330
964797340,Cullan,Esselen,7/24/2014,Male,1614 Golf Pass,1218731695
575157065,Zahara,Maginn,1/30/2011,Female,48202 Jenna Avenue,7983376195
468469624,Rowney,Lambirth,5/8/2006,Male,4 Menomonie Park,2199766567
883643157,Ralf,Jopke,9/6/2019,Male,717 Sachs Trail,2085494045
704435054,Louis,Sturzaker,11/23/2020,Male,10 Dapin Point,2603416334
948301490,Rahel,Koppens,12/27/2008,Female,2415 Farragut Terrace,9925810984
992901019,Chane,Hannan,2/25/2007,Male,518 Rusk Circle,2114237189
462510418,Chantal,Fletcher,7/5/2006,Non-binary,96393 Comanche Court,7107824148
386514075,Lorenzo,Glanister,5/29/2020,Male,3370 Buell Lane,6978231402
1590456,Pennie,Paddle,9/20/2002,Female,29 Forest Run Alley,1499928005
54935676,Lammond,Napier,4/11/2001,Male,3714 Lukken Terrace,4069012317
161105413,Orland,Assante,1/28/2015,Male,09644 Harper Pass,9816805946
146106230,Kathryn,Elgood,8/4/2000,Polygender,777 Drewry Crossing,3823302475
681225657,Kirbee,Sterke,5/28/2006,Female,318 Merchant Trail,4199498180
390007509,Hansiain,Burds,12/15/2018,Male,24 School Center,5602730772
648341355,Court,Scranny,11/17/2019,Male,59 3rd Way,8107579714
179766140,Edward,Blabey,5/27/2013,Male,2220 Nancy Way,8457288647
143586442,Carina,Lorens,11/30/2016,Female,7 Hermina Avenue,3632923515
976032998,Kattie,Meaney,12/19/2018,Female,005 Cardinal Junction,4481271666
118190694,Sara-ann,Darbon,2/29/2004,Female,5 Rutledge Center,8059386944
576286948,Elsbeth,Mungin,9/30/1999,Female,732 Shopko Drive,4934836051
235592819,Wini,Gianotti,10/17/2005,Female,8030 Meadow Vale Court,4896731839
190580163,Augusto,Mullinder,3/27/2019,Male,9792 Welch Street,1234000556
595786856,Marcia,Crutchley,8/13/2012,Genderfluid,35473 Bartelt Park,8746976904
604700309,Axel,Phare,9/3/2005,Male,5428 Maryland Crossing,9143162225
902219821,Andonis,Leate,10/14/2012,Male,5655 Gale Center,6401746418
188976169,Stanwood,Erickssen,10/4/2017,Male,16116 Roth Road,5069714507
369442227,Colman,Girdwood,4/9/2001,Male,0694 Independence Pass,2394597571
18906918,Hilliard,Eaton,5/4/2004,Bigender,5669 Clove Pass,4666365463
35693825,Merrile,Geddes,6/22/2001,Female,389 Springs Circle,7875050680
362364938,Ulrika,Marshfield,5/8/2020,Female,9 Eagan Circle,7842467900
973178479,Audrey,Aldrin,10/29/2006,Female,22207 Talisman Way,9838555101
421353640,Janis,Wordington,8/16/2019,Female,36 Center Pass,7428785267
665583477,Elenore,Unger,5/19/2018,Female,27 Amoth Parkway,9083547215
672042085,Nerita,Stiegers,9/2/2008,Female,324 7th Point,8785722582
208512165,Yasmin,Bathowe,7/5/2011,Female,24171 Londonderry Hill,7782017891
696254421,Clevie,Liver,7/13/2012,Genderqueer,84166 Hayes Crossing,5142113439
785024059,Trina,Ashman,7/10/2006,Female,62 Tennessee Hill,3209046690
104852602,Ashton,Yerlett,8/28/2001,Male,41884 Prentice Plaza,6536312247
169056437,Lilith,Emmert,11/18/2020,Female,9784 Cordelia Road,9634094058
353612846,Alfons,Shepperd,12/6/2018,Male,55 Aberg Way,4706464920
623874543,Ruthe,Klimke,2/9/2019,Female,001 Lyons Way,9902467653
174674776,Isabel,Colgan,3/31/2010,Female,80796 Manitowish Road,3337275604
207832878,Christian,Treacher,1/12/2018,Genderqueer,52012 Upham Avenue,1773756128
248029357,Malynda,Noad,5/15/2010,Female,0 Welch Pass,1296852470
358243418,Alain,McCaughran,7/4/2006,Male,420 Vahlen Road,6685877691
90632849,Winifield,Dillet,9/8/2011,Male,95418 Sachtjen Drive,7711764195
998686365,Berthe,Courson,7/2/2017,Female,4800 Pine View Hill,9976056281
819078814,Raffaello,Guyer,6/23/2015,Bigender,87475 Loomis Way,1941376150
412893753,Myron,Pinsent,2/17/2012,Male,00814 Tennyson Road,8421786269
32778867,Kira,Boyet,6/22/2006,Female,80501 Northview Center,9452269920
930710192,Livvy,Red,5/16/2007,Female,573 Badeau Circle,5145165153
645199470,Rodd,Higgen,12/9/2020,Male,2173 John Wall Road,6961587403
396282953,Lockwood,Faussett,4/6/2012,Male,6009 Loomis Alley,8782200225
537457424,Elnora,Dorricott,7/18/2015,Female,8101 Garrison Circle,9623575954
202267689,Kelwin,Roze,9/4/2011,Male,143 Glacier Hill Point,6123252428
696593451,Lorne,Kasperski,6/18/2010,Female,75 Sherman Circle,7403297138
173354845,Lucais,Simenel,6/6/2004,Male,510 Bayside Court,6339525338
195955527,Calv,Birchner,1/29/1999,Male,3 Messerschmidt Park,6517507629
467823139,Leshia,Whitsun,6/20/2003,Genderqueer,9520 Garrison Street,1557966669
446009214,Rosamund,Cranham,12/20/2016,Female,90812 Towne Plaza,8669779565
404831768,Irvine,Jinkins,9/11/2003,Male,7 Roth Junction,7173705900
582248667,Kent,Ciccotto,6/10/2017,Male,4473 Declaration Circle,3755505110
362633029,Mikkel,Thulborn,4/19/2020,Male,5 Schiller Hill,5939078317
260717309,Dominga,Tapply,2/10/2001,Female,4462 Gulseth Way,5555923769
630281586,Fern,Bourley,12/30/2018,Female,0319 Melvin Park,5295174074
895975590,Eada,Devas,1/17/2005,Female,17484 Myrtle Avenue,9662643646
816280609,Rogers,Eddins,1/16/2015,Male,1165 Tennessee Place,9597684397
239527640,Edan,Kingdom,8/26/1999,Male,85 Florence Crossing,5061108284
362959196,Ferris,Rushmare,9/1/2015,Male,01116 Eastwood Trail,1892237189
524081774,Whitney,St. Hill,12/7/2006,Male,553 Orin Road,7119478567
982501745,Marketa,Tire,11/12/1999,Female,267 Meadow Valley Avenue,7385852379
786322265,Teena,McGeady,7/11/2009,Female,8890 Westport Pass,8712440212
469585889,Tessy,Pinkney,12/28/2013,Female,6 Amoth Road,2922543388
787573949,Karel,Drable,11/22/2014,Male,64024 Haas Parkway,1107342391
346855516,Livy,Pettingill,11/4/2008,Female,6676 Drewry Alley,6539372957
313267691,Maurits,Jerram,1/11/2018,Male,88 Loomis Hill,9862227419
621609609,Rafi,Copper,12/23/2008,Male,17628 5th Park,8547358876
650036716,Fidelity,Scanderet,6/28/2008,Female,4663 Dennis Place,4213805358
85032150,Mischa,Biasotti,4/1/1999,Male,2 Anhalt Place,5111108690
749112003,Jodie,Criple,12/24/2010,Female,4 Ronald Regan Junction,5236255638
667496237,Morena,Brunt,6/1/2009,Female,9149 Hansons Crossing,4858611122
498148613,Regine,Dinis,12/7/2014,Female,25 Brown Center,3884902435
648972547,Lizzy,Netti,1/16/2018,Polygender,2698 Anderson Hill,2976367383
804337980,Rowena,De Santos,3/23/2002,Agender,78383 Bluestem Park,7576034289
509309578,Cozmo,Buckwell,3/8/2016,Male,51 Continental Trail,9219758178
235463303,Joete,Follin,9/8/2000,Female,50 Sherman Pass,9463015749
27255569,Felicio,Cowthard,11/15/2006,Male,738 Troy Terrace,2296919067
532706040,Yasmeen,McKag,8/12/2014,Female,5 Roth Hill,3015281866
692001184,Jock,Wiggins,8/31/2014,Male,83286 Paget Pass,4432940571
142758365,Read,Cristoforo,2/18/2018,Male,57444 John Wall Street,6421551457
82048598,Delmer,Amyes,6/5/2012,Male,37 Sheridan Crossing,9916466283
174628396,Jerald,Aleksandrikin,10/25/2002,Male,537 Melody Parkway,4018607095
560384589,Enrico,Legh,8/7/2002,Male,4462 Morning Way,7577277516
624936117,Robinetta,Klees,10/24/2002,Female,742 Kinsman Pass,4279335049
398885724,Barbara,Fidian,7/5/2010,Agender,89 Meadow Vale Avenue,9905150500
54328749,Adina,Glynn,12/9/2005,Female,9604 Mesta Drive,6348643992
992634308,Mendel,Emmet,8/9/2005,Male,80072 Bellgrove Parkway,1167131779
793003815,Iris,Wittleton,3/3/2010,Female,9951 Gateway Parkway,7928615747
495787877,Benjamin,Saing,11/20/2004,Male,9053 Goodland Street,6032404840
267743189,Sheilakathryn,Petracci,5/7/2021,Female,7 Crest Line Pass,8882927039
55659397,Archy,Ridsdale,3/4/2005,Male,18 Homewood Park,1205576918
122404338,Ewan,Colhoun,12/8/2003,Male,632 Debs Pass,2708028833
77165315,Lilas,Fentem,7/3/2019,Female,3491 Wayridge Pass,5934042015
275412918,Mac,Hartill,9/26/2000,Male,63 Victoria Place,8595401481
828460468,Neil,Blaxeland,2/9/2013,Male,0869 Village Pass,9113347781
556879037,Louisette,Kineton,11/22/2009,Female,71702 Sachs Pass,4359829305
514125439,Giovanni,Castelijn,7/10/1999,Genderfluid,838 Dayton Pass,6945915078
727065332,Benton,Nelligan,5/23/2003,Male,071 Rieder Junction,1216837037
422709967,Regina,Maeer,10/15/2019,Female,656 Shopko Point,9035376108
355411103,Horst,Coleson,4/15/2017,Male,4024 Independence Park,8358802791
722061898,Terry,Ponceford,10/24/2014,Male,114 Darwin Junction,2543918104
834934164,Judy,Foulds,2/8/2019,Non-binary,771 Pepper Wood Center,6992318438
399411276,Bern,Komorowski,12/16/2019,Male,904 Warrior Drive,3072452236
711641592,Urban,Weatherell,6/1/2008,Male,554 Browning Street,1687663866
828018247,Florinda,Payze,1/27/2005,Female,2131 Schlimgen Avenue,1366403025
220892804,Les,Meneo,4/2/2018,Male,771 Truax Terrace,2686419755
927887398,Shem,Miall,3/31/2009,Male,11 Eastwood Center,6232287984
196667880,Em,Measham,1/6/2019,Male,80248 Mesta Pass,4907035007
606450439,Vitia,Briddock,7/27/2006,Female,09839 Anderson Place,7834889921
425822956,Nicoli,Metzke,1/11/2013,Bigender,04 Mesta Court,4178840601
204069482,Otho,Growcock,11/6/2015,Male,33 Laurel Street,5892689725
783006925,Bondie,Janouch,7/5/2014,Male,70189 Nevada Lane,7993441566
663380934,Greggory,Bloy,1/3/1999,Male,00 Forest Way,6878669753
370327248,Constantina,Filoniere,9/23/2011,Female,7070 Prentice Drive,5591190447
751139588,Maryann,Marre,11/9/2010,Female,2401 Hovde Drive,6823004153
71234680,Cynthy,Walklate,12/29/2015,Female,16050 Lake View Alley,7995101593
158221518,Tremaine,Sidwell,3/3/1999,Male,8 Saint Paul Drive,4668506729
610043626,Piotr,Easterfield,3/16/2012,Male,2 8th Drive,3918150293
302026565,Seka,Keele,3/5/2002,Female,938 Prairie Rose Lane,4486174945
614049323,Ashely,Edds,2/20/2003,Female,00201 Fisk Parkway,6332055291
146173247,Wanids,Rosenblath,8/18/2014,Female,379 Nelson Court,9639077764
447848844,Marylynne,Preece,3/12/2012,Female,360 Sugar Park,5413216188
962204244,Hannie,Klampk,9/16/2021,Female,0 Grover Place,5226121306
58847187,Antoni,Gerrelts,8/24/2008,Bigender,6 Stoughton Circle,8947991922
727571485,Natka,Kenningham,3/10/2021,Female,91455 Kennedy Park,5751149790
387562934,Desi,Heffer,10/7/2020,Male,37 Lakewood Gardens Center,8295337505
578778803,Fransisco,Gayter,1/11/1999,Male,460 Blaine Avenue,9321114787
852057075,Cassey,Brazener,10/27/2004,Genderfluid,3 Old Gate Plaza,5306297509
841305837,Emylee,Joannidi,9/6/2005,Female,9054 Lake View Court,4933896152
163440809,Merrily,Crocetti,8/24/2014,Female,8531 Towne Plaza,3211521745
234840191,Welby,Nurdin,5/13/2002,Male,3702 Artisan Terrace,1133106612
628295878,Chip,Lilford,11/9/2018,Male,2 Hollow Ridge Parkway,2924714727
293277773,Raye,Oliva,10/20/2011,Female,3637 Bunting Way,2308827368
380391051,Emelen,Presdie,12/1/2000,Male,0 Iowa Lane,6182809788
822119060,Dolly,Rojel,6/2/1999,Female,78 4th Parkway,9988304312
216341589,Morganica,Kerin,2/27/1999,Non-binary,9 Bashford Parkway,2439172436
341005835,Chadwick,Pactat,5/25/2001,Male,0181 Springs Circle,1938083969
723143458,Denni,Greathead,4/3/2017,Female,7 Bayside Junction,1684470918
871416790,Doe,Laurenz,11/22/2013,Female,05 Meadow Ridge Alley,3455337365
975198286,Farlee,Bollard,12/13/2004,Male,33335 Park Meadow Trail,5397494114
180585272,Jere,Ellse,1/7/2009,Female,8 Golf View Lane,3514605128
552127421,Farley,Shingler,6/2/1999,Agender,6 Di Loreto Terrace,5208299301
53267561,Weylin,Oddy,11/19/2019,Male,2119 Prairieview Plaza,8736789601
488000191,Corri,Forshaw,8/19/2009,Non-binary,19 Sage Court,1005808161
172196320,Anthiathia,Reisen,11/26/2018,Female,2 Buell Plaza,1061253322
394991105,Branden,Francescoccio,12/12/1999,Male,2 Amoth Center,5799236133
673388522,Albertine,Wybrow,7/24/2002,Female,657 Reindahl Street,3634125633
524560183,Lammond,Adelberg,1/11/2007,Male,31255 Carpenter Park,7017943222
454773624,Averell,Norewood,2/24/2021,Male,98 Quincy Avenue,8142663466
237338496,Leanna,MacMillan,10/19/2013,Female,06 Dunning Junction,3683571747
558371102,Luciana,Halworth,1/3/2020,Agender,2316 International Street,7703408997
174952221,Braden,Akeherst,10/26/2017,Male,315 Arapahoe Alley,2064625608
958673895,Gray,Woof,11/7/2013,Female,284 West Place,4487149896
15872130,Lawton,Dunkerley,7/28/2017,Male,21 Pankratz Court,7764245309
100833952,Augusto,Kisbey,7/28/2009,Male,95010 Dahle Avenue,9266227386
443049773,Truman,Mackley,9/16/2016,Male,14402 Lerdahl Park,6697902451
373128023,Tabbie,Riply,4/16/2016,Male,3977 Dorton Parkway,9984374463
583820076,Vin,Faltskog,8/10/1999,Male,28 Center Alley,8106459972
16645202,Rodrique,Romanet,8/19/2020,Male,0672 Pennsylvania Drive,8392599510
358659356,Ahmad,Volette,2/3/2020,Male,8370 Waxwing Avenue,5911583064
767925392,Noach,Dorsett,3/1/2012,Male,8 Westend Pass,9334996052
442239244,Sheela,Stearnes,3/12/2014,Female,08 Myrtle Drive,1224571034
360962395,Oralee,Maden,1/25/1999,Female,35 Gulseth Junction,5671441297
969926022,Valentino,Czaple,10/1/2017,Male,85 Orin Junction,2837781141
760783680,Bink,Nozzolinii,5/10/2016,Male,021 Manley Pass,8836304859
426150282,Ferdie,Walewicz,12/22/2008,Male,20 Hooker Crossing,1262621961
245156077,Beverie,Semiras,5/21/2012,Female,1 Butterfield Avenue,6555160109
845135006,Alyssa,Gainsbury,3/13/2020,Female,9356 Kropf Place,7535257233
95439846,Garrott,Duckinfield,3/24/1999,Male,039 Pearson Road,7063948741
491504279,Biron,Shelly,3/8/2018,Male,71219 Nevada Hill,6511451289
561522838,Franchot,Ziems,5/3/2016,Male,3 Riverside Circle,3894504143
63383900,Tracey,O'Flaverty,3/3/2017,Female,4977 Esker Crossing,3617849255
726967084,Arney,Smurfitt,6/21/2018,Male,600 Veith Center,9149513694
951806645,Jakob,Dudbridge,1/30/2016,Male,1 Mifflin Hill,5303475249
56796787,Rodney,Traice,11/9/2006,Male,67053 Russell Circle,3232395202
592008114,Daveta,Oak,6/1/2018,Female,35 Norway Maple Court,9759381456
737894934,Desmond,Corsan,4/1/2003,Male,7 Montana Pass,6326372981
642803844,Tammie,Roadnight,8/14/2002,Male,290 Oneill Crossing,4155573870
750433834,Alvis,Willmett,6/25/2020,Male,19593 Hoard Trail,2733660129
627864350,Yvette,Lys,11/4/2018,Female,57238 Manufacturers Point,8366693448
222715264,Alyssa,Avraham,11/1/2021,Female,45704 Porter Terrace,8545972932
649394034,Faustina,Michel,6/17/2011,Female,4 Amoth Point,9907924496
591904943,Howey,Tootell,4/27/2016,Male,4657 Veith Center,4782810485
810238921,Keeley,Llewelyn,6/3/2013,Female,0 Cherokee Court,2122623766
666059384,Ezri,Devigne,1/23/2002,Genderqueer,9 3rd Drive,6295526482
381282331,Candra,Kinsman,6/22/2016,Genderqueer,59 Waubesa Place,7729770163
924528870,Sigismundo,Dudlestone,11/7/2006,Male,0 Pearson Trail,9702319304
86059531,Clayson,Huonic,11/23/2004,Male,52 Carey Park,7627563499
407769727,Sancho,Aguirrezabala,5/17/2019,Male,50757 Hagan Crossing,2804289839
282326788,Beulah,Phlipon,9/13/2005,Female,747 Di Loreto Center,2195970664
186918018,Antonella,Vanstone,11/18/2006,Female,2955 Farwell Point,4205812174
890414331,Raynor,Brolechan,7/9/2018,Male,53055 Sachs Place,2264586078
708402744,Karissa,Oloman,4/10/2017,Female,3564 New Castle Junction,9378886666
447124052,Opalina,MacCorley,7/7/2000,Agender,22905 Eastwood Alley,5011330674
418087409,Priscella,Brimmicombe,5/13/2003,Female,581 Vernon Drive,2584691236
196178628,Terese,Whitesel,3/15/2015,Female,7 Kipling Drive,7411959847
627492498,Rosanna,MacAllen,8/12/2006,Female,130 Katie Alley,3939859446
134474461,Salem,Hinstock,2/17/2002,Male,33 Erie Hill,2248797061
853201296,Janifer,Gillum,11/15/2011,Polygender,1676 Almo Junction,7534702869
474252687,Tildi,Massimi,11/1/2014,Female,648 Welch Alley,7053387479
137137630,Aubry,Altofts,2/22/2004,Female,833 7th Court,3034843683
661910972,Bride,Petrishchev,3/25/1999,Female,479 Stuart Pass,3871855613
536786017,Dollie,Conant,11/23/2012,Female,12 Lunder Crossing,7351955099
778253730,Henrik,Richard,4/29/2005,Male,7745 Hayes Street,6791362295
518505968,Brooke,Eginton,4/11/2005,Male,6189 Talisman Point,8052844139
707411426,Chalmers,Ussher,3/20/2008,Male,0071 Manitowish Park,9008878334
249741020,Brandie,Gartland,9/27/2012,Female,64290 Magdeline Place,2506466539
783018434,Nevil,Iacovazzi,10/12/2005,Male,84 Forest Dale Place,6633404262
349597755,Terrill,Couvert,5/14/2014,Male,5 Kensington Road,6708143289
582503638,Juditha,Simmig,3/29/2007,Female,558 Fairview Road,2965604592
759950584,Cobby,Ashmore,10/18/2006,Male,7538 Mendota Avenue,9874892718
625735054,Web,Gueny,1/11/2005,Male,55 Cherokee Park,5022857530
570818174,Lyndsay,Donisi,5/26/2009,Agender,73 Schmedeman Hill,6061709038
902124954,Delphine,Slavin,4/12/2007,Female,9242 Dayton Street,1501937169
245274251,Patrick,Warrener,1/22/2004,Male,9707 Northland Way,8632088942
478632290,Deanna,Mousby,11/10/2001,Female,83 Caliangt Plaza,5888693649
500039825,Nancee,Lorroway,2/26/2013,Female,7797 Loomis Point,2772765550
338587764,Zea,McNutt,12/23/2011,Female,969 Ridgeview Plaza,9556263305
751396983,Tammi,Bilyard,10/6/2002,Female,0034 Blaine Court,9951430561
50742910,Alethea,Keeping,7/31/2016,Genderfluid,59423 Mayer Drive,1194776127
165462262,Valeria,Roskrug,8/4/2018,Female,819 Myrtle Alley,1545921927
863180058,Daveta,Dodsley,7/21/2008,Genderqueer,881 La Follette Center,4444836629
102052438,Alexi,Goodfellowe,7/20/2014,Female,24658 Ruskin Center,8404703804
871619181,Patton,Marsham,9/7/2017,Male,9 Prentice Avenue,2077911516
423531147,Myrlene,Starbeck,12/13/2007,Female,0 Transport Parkway,2302173815
187843865,Reuven,Riolfo,6/1/2020,Male,53603 Quincy Drive,3056036306
667342061,Mikael,Ricker,4/8/2000,Male,2 Londonderry Trail,8544259385
140472123,Bernice,Bawdon,10/10/2003,Female,1800 Stang Plaza,6615017945
966654090,Aeriell,Kynoch,11/16/2018,Female,13 Annamark Street,1662328244
196472497,Meredithe,Ciric,11/28/2020,Agender,6 Declaration Avenue,1151931864
353386211,Nerte,Worms,8/2/1999,Polygender,85 Fieldstone Terrace,1901070341
980884320,Emylee,Kermott,2/18/2009,Female,2 Northview Crossing,9222054929
846986230,Bailie,Plunkett,1/15/2015,Bigender,33 Upham Drive,8637420657
376436306,Rolland,Guyon,9/3/2005,Male,3 4th Road,5557163629
942341893,Jerrine,Blant,11/21/2017,Bigender,7566 Canary Court,1782164699
521982124,Lewes,Peller,3/13/2019,Male,80886 Golf Place,4297282879
927918713,Leah,Glynne,4/15/2005,Non-binary,0 Buell Point,8604190415
781909731,Ezmeralda,Alman,5/24/2010,Female,28 Susan Way,9846386585
547279741,Devlin,Catlow,4/14/2016,Male,55 Red Cloud Pass,3957256784
215793399,Dieter,Legerton,10/30/2019,Male,9 Amoth Terrace,2603110126
486924060,Netty,Hathwood,9/21/2000,Female,9046 Farmco Road,8749124132
148654152,Harwilll,Tompkinson,8/10/2018,Male,4881 Leroy Parkway,5626520685
197898918,Gale,Mort,4/22/2013,Male,5 Sheridan Trail,2177749411
160534729,Barnabe,Tether,10/17/2020,Male,51 Graceland Road,3942136346
653097176,Emanuele,Jancso,5/12/2010,Male,2 Express Avenue,7169731567
121001453,Bastian,Wiggett,2/27/2008,Male,5884 Schmedeman Terrace,6329025761
606965170,Rae,Cubbini,2/27/2014,Female,0 Brentwood Road,7845923200
637796172,Skyler,Kernley,10/12/2010,Male,9502 Randy Lane,1428284445
435260700,Dorolice,Cope,5/1/2014,Female,86 Center Crossing,7094070037
706180084,Zachariah,Ackland,8/3/2019,Male,2477 Troy Park,4889838029
623294770,Augustina,Ilchuk,5/25/2001,Female,528 Fulton Way,6775712479
660125232,Kurt,Selvester,9/18/2011,Male,50688 Scott Parkway,4243446338
768934003,Peta,Hefferan,7/14/2005,Female,56156 Melby Court,2031934589
350104204,Siffre,Weekley,3/30/2012,Male,744 Bunker Hill Trail,3533187543
484172695,Brnaba,Isard,7/14/2000,Male,8 Ludington Circle,6123220724
883839913,Allie,Roydon,4/3/1999,Male,56 Algoma Circle,4074964534
488400609,Elfie,Pardon,1/26/2004,Female,40663 Lyons Place,5082714192
625023306,Dominica,Pendrick,2/2/1999,Female,34424 Bobwhite Place,6279891622
829378323,Chandler,Schubart,6/9/2011,Male,1423 Manley Way,9457421751
738299771,Gena,Courson,5/13/2015,Female,87555 Mariners Cove Trail,6867224486
76270626,Sky,Domeney,10/8/2010,Male,99571 Carioca Way,6554484649
881194918,Moises,Ommanney,12/2/2006,Male,8 Mariners Cove Center,4545206684
890556032,Melisse,Pichan,5/13/2009,Female,2923 Kim Crossing,5001169231
655152320,Ede,Stickney,9/22/2009,Female,639 Roxbury Crossing,4077689075
734169746,Cleavland,Ibbeson,4/24/2003,Male,6260 Farwell Trail,2264205664
37776151,Alfreda,Gude,3/28/2001,Female,47211 Mcguire Terrace,2682056990
929970592,Isaak,Bennie,12/23/1998,Male,41 Surrey Way,2158541114
946192834,Cortie,Skellington,5/18/2006,Male,32 Burning Wood Circle,5126286741
880451231,Janene,Pashan,8/2/2015,Female,6 Daystar Street,3983346164
415234328,Shayne,Caville,7/9/2017,Male,65 Everett Center,2525369308
666654684,Raina,Hincham,1/16/2019,Female,64182 School Crossing,9645629663
583467087,Kai,Shand,5/31/2008,Female,97 Thackeray Center,6346479987
527249909,Mikael,Frankema,7/19/2010,Polygender,4 Linden Hill,7567613627
14394039,Winslow,Alben,4/22/2008,Male,6313 Anderson Park,8979344588
218900712,Rocky,Giuron,7/28/2007,Male,1855 Artisan Lane,6306311239
300141645,Aldo,Lace,1/12/2013,Male,41785 Park Meadow Point,2204615675
630381666,Sula,McKinn,7/5/2019,Female,319 Eastlawn Road,8339845672
786152038,Janelle,Elstow,10/9/2013,Female,86 Gina Junction,3525578585
858357322,Bay,Mundford,2/9/2003,Male,93 5th Junction,8613071292
22415356,Barth,Andrieux,6/29/2006,Male,5 Kedzie Alley,5372912118
366151155,Cesaro,Mengo,6/14/2002,Male,25276 Lukken Hill,8752840880
954313360,Kennith,Povlsen,4/21/2017,Male,90 Summerview Circle,5555187502
386026887,Candis,Tandy,10/27/2009,Female,5 Westerfield Trail,9598717368
324923515,Frederigo,Moroney,5/1/2004,Male,361 Granby Court,3989142572
943575883,Bernhard,Scuse,2/24/2001,Male,6 Sycamore Lane,6788104475
883167311,Curtis,Swanton,9/17/2013,Male,07 Carioca Circle,7683906887
731826895,Liva,Janz,6/21/2001,Female,973 Mockingbird Crossing,9416608438
703959081,Lynde,Barz,2/19/2014,Female,19016 Walton Crossing,7899602140
744223687,Lauraine,McCray,8/5/2009,Female,1 Pine View Terrace,1326597022
612258223,Mile,Regina,8/19/2007,Male,18369 Huxley Place,7324679026
709888692,Murial,Henriquet,10/6/2019,Female,48495 Blackbird Pass,6823692214
669229183,Tam,Paolo,5/26/2016,Genderqueer,240 Brickson Park Junction,5201081780
858823891,Flin,Gerrell,10/16/2001,Male,954 Johnson Drive,7629503599
654723307,Dael,Alyoshin,12/17/2012,Male,692 Rutledge Terrace,2503622460
63960445,Germaine,Stoggles,1/20/2013,Female,9106 Esker Parkway,5076048655
42843440,Mersey,Proffitt,3/6/2000,Agender,71 West Circle,5927406525
819407643,Brockie,Rodinger,7/27/2006,Male,3197 Evergreen Point,7909469815
25927147,Sabine,Colbran,6/22/2005,Bigender,67 Blackbird Terrace,6992818168
353202695,Dorette,Cradick,6/26/2004,Female,1 Meadow Vale Crossing,5113116913
747592361,Yanaton,Hebble,5/13/1999,Male,304 Lukken Hill,1257938716
627415781,Alisander,Thornally,1/3/2019,Male,7437 Jenifer Street,9696043240
18573610,Anabella,Nussey,10/6/1999,Female,88568 Everett Court,8047646835
39917989,Hettie,Goodlip,1/1/2010,Female,86006 Loeprich Way,2871421725
878378933,Randene,Sammes,1/24/2008,Female,65 Parkside Alley,9731109434
879106274,Wait,Yurivtsev,4/3/2007,Male,14163 Atwood Circle,2054812214
454491716,Temp,Jones,12/22/2017,Male,00 Old Gate Park,4846096201
483478758,Nikolaus,Pethybridge,5/26/2009,Male,101 Scott Place,6469647267
572319515,Rudy,Grishakov,12/12/2009,Male,12595 Oriole Drive,5878812541
366575206,Alix,Britland,2/6/2006,Female,81787 Petterle Point,3222673459
846657317,Rosy,Brandreth,4/15/2009,Non-binary,9575 Truax Trail,6431468485
25021711,Flem,Covington,6/13/2007,Male,17 Burrows Lane,7701507957
74695298,Quillan,Heningham,12/23/2010,Male,863 Tennyson Court,4882342286
147212329,Ad,Rihosek,6/5/2001,Male,84 Buena Vista Place,3444486118
811639771,Ailbert,Zappel,6/14/1999,Male,4392 Vernon Terrace,3489886214
331010101,Rosella,Needs,5/28/2019,Female,3749 Oakridge Court,1501359942
2297959,Shepard,Ganiclef,2/11/2003,Male,0947 Crownhardt Hill,9073980783
934262350,Gerladina,Ingre,2/4/2004,Non-binary,2774 Coleman Road,4795007674
290461967,Patricia,Kenner,8/17/2019,Genderfluid,3 Southridge Trail,1531079171
900240510,Stafani,McGibbon,2/20/2004,Female,2 Mariners Cove Place,5369866862
973387827,Obadiah,Mitchall,1/17/2009,Genderfluid,1 Bunker Hill Park,9109977204
681948800,Antonin,Scandwright,6/27/2008,Male,9 Roth Way,4362607044
178145847,Greta,Caghy,1/18/2015,Female,922 Tomscot Trail,1289917299
187208422,Hew,Carlaw,3/23/1999,Male,178 Melby Way,3174478049
341300963,Opal,McVitie,6/9/2016,Female,594 Holmberg Pass,9858086087
56390042,Marje,Messam,6/2/2003,Female,338 Ridge Oak Parkway,2258452726
590508251,Clay,Mathe,7/25/2019,Male,178 Monica Hill,5162498714
935388170,Wilhelmine,Hinrich,12/2/1998,Female,94 Park Meadow Park,4571796385
969405591,Adeline,Westraw,5/20/2004,Female,14468 Hollow Ridge Street,2237506377
381131738,Osmond,Sidsaff,10/23/2001,Male,0 1st Street,8197102104
592055135,Denni,Jiri,5/10/2011,Female,497 Kropf Avenue,1432683105
599939092,Edmund,Mayman,4/11/2009,Male,77 Northwestern Street,5854482730
207667394,Eziechiele,Neeves,12/30/2005,Male,68612 Jay Center,4511716058
447750689,Ossie,Martinello,1/12/2000,Male,7521 Thackeray Lane,7385965677
429411258,Wallace,Mawman,12/9/2009,Male,357 Chive Parkway,4621177983
797862327,Vinnie,Busswell,5/19/2018,Male,2764 Delladonna Pass,9606490639
479407967,Alexandrina,Sottell,8/4/2011,Female,93 Melody Court,2755726632
210876543,Codi,Beslier,6/15/2003,Male,6136 Grayhawk Terrace,5233695772
604515794,Vicky,Padefield,2/14/2017,Female,1138 Sommers Terrace,7976971811
989879335,Margit,Tarbett,4/13/2020,Female,14866 Warbler Alley,3453151834
220735964,Brod,Allaker,3/28/2011,Male,60 Fordem Park,8093035859
808413564,Rochell,Kempston,1/24/2003,Female,649 Magdeline Terrace,4223448067
829467866,Elaina,Kobpac,11/30/2014,Female,40946 Saint Paul Plaza,5119366218
188513616,Joya,Mariolle,11/21/2016,Female,15171 Golf Center,9306076995
901854803,Marys,Tollet,6/25/2009,Female,9446 Pine View Parkway,1217139058
491919538,Hynda,Kaas,1/16/2011,Female,93498 Northport Court,1355035240
659724148,Mady,Fife,7/8/2020,Bigender,2330 Porter Pass,8699873403
145389062,Constantine,Charlotte,9/28/2011,Male,448 Wayridge Circle,5188205934
776243688,Teodoor,Cuttings,3/9/2008,Male,8747 Eliot Point,6112291843
184592138,Marcella,Clackson,3/15/2006,Female,5842 Luster Junction,8672763772
621004408,Kincaid,Warstall,6/29/2021,Male,04 Paget Place,6035086279
252815187,Legra,Jikylls,8/3/2021,Female,78 Ridgeway Alley,6949196408
545455312,Adham,MacCostigan,7/9/2016,Male,2 Roth Road,4876832547
523320726,Dukey,Tubbles,11/11/2020,Male,10 Lotheville Terrace,6758804127
598563519,Hobey,Clutterbuck,3/15/2003,Male,67119 Waywood Lane,1283901926
937545077,Stormy,Van den Velden,6/20/2001,Female,819 American Ash Trail,8778425137
99096823,Edwina,Callingham,1/5/2000,Female,788 Clemons Court,6815546878
436995951,Shelden,Rashleigh,2/18/2017,Male,962 Manitowish Crossing,3255913778
42423535,Riva,Canham,9/12/2015,Female,4709 Vernon Drive,1616154865
806821599,Finn,Dormon,1/21/2008,Male,582 Dryden Drive,9676335744
428044745,Mahalia,Gosneye,8/4/2012,Female,85 Porter Street,2077791752
585156219,Eldon,Alyonov,6/25/2010,Male,09 Maryland Pass,4908468364
960806565,Freddy,McFadin,4/24/2000,Male,875 Westerfield Street,7601830917
376111879,Tasia,Challes,8/7/2007,Female,00 Di Loreto Alley,6078633916
246164908,Kim,Elmore,9/30/2005,Female,46602 Mccormick Junction,2477700480
208177476,Gustaf,Fludgate,12/26/2010,Male,313 Ilene Street,5672665731
35575624,Deb,Portam,7/26/2007,Female,50 Bultman Way,5029516767
255011495,Cacilie,Hotson,11/11/2009,Female,834 Pearson Circle,4721282759
204613429,Rutledge,Asch,10/1/2014,Genderqueer,9232 Carberry Pass,2264437991
3920046,Avery,Buntine,4/12/1999,Male,74611 Arkansas Circle,8833113659
730244038,Jacqui,Caveau,5/2/2021,Female,442 Northport Alley,8317964857
907809267,Frederica,Camois,12/4/2011,Female,6985 Elmside Point,3328480534
328484013,Sergeant,Sharram,8/7/2010,Genderqueer,82834 Graedel Place,9689350473
154597673,Nada,Muddle,11/23/1999,Female,09973 Hanson Pass,8443410089
697094684,Justen,Stilly,4/13/1999,Bigender,92225 Quincy Court,4936741976
929063617,Daryn,Shoveller,6/19/2000,Female,15 Superior Pass,8229243897
603095791,Godfree,Deddum,5/13/2017,Male,84 Rowland Avenue,1215946286
333820060,Lezley,Marzella,2/5/2015,Male,921 Westend Trail,6272258587
682607507,Margie,Roscamps,11/16/2011,Female,66046 Blue Bill Park Court,6526122254
994855858,Deck,Camocke,7/24/2015,Male,63677 Valley Edge Hill,8876059349
592374001,Drud,Bernetti,9/22/2012,Male,26607 Macpherson Street,9697693762
273416192,Bret,Shenton,12/14/2012,Male,75468 Cordelia Parkway,7145210747
364249880,Ola,Sketcher,6/11/2008,Female,9764 Blackbird Terrace,8535763292
273661298,Quincey,Proven,5/22/2001,Male,97 Del Sol Hill,8767877262
65371072,Gan,Guyton,11/21/2008,Male,5867 Portage Park,1639006306
180138867,Brandea,Shall,9/20/2005,Female,7758 Mifflin Way,1974408689
155537626,Vinson,Fetterplace,1/19/1999,Male,95635 Glendale Road,7748123377
506688784,Nola,Murrells,9/9/2006,Female,1 Lighthouse Bay Trail,8175256782
71090443,Dora,Oke,7/18/2002,Female,73055 Banding Court,1911294700
394352457,Ivor,Pell,11/28/2001,Male,31 Division Parkway,2216611912
581906070,Kellina,Idney,3/27/2001,Female,54270 Fairfield Court,6969768108
719019779,Janetta,Easton,7/27/2013,Female,1308 Bunker Hill Hill,2265413789
649261849,Levey,Saynor,10/13/2003,Male,3 Raven Plaza,7074464405
333221560,Antony,Phayre,2/1/2016,Male,00287 Ramsey Drive,6231647927
372813190,Pet,Fronczak,8/27/2003,Female,84 Mcguire Place,4059692823
85007457,Jeramey,Theodore,7/20/2018,Male,911 Pearson Park,7556828165
388072192,Franzen,Ottawell,2/9/2003,Male,403 Southridge Avenue,4935900437
502880069,Carmel,Moore,9/22/2000,Genderfluid,1 Garrison Drive,9275737665
403168081,Gavrielle,Muro,2/24/2002,Female,1510 Service Plaza,1417375554
444020272,Luis,Roback,12/2/2019,Agender,127 Comanche Trail,4864705916
643925198,Elliot,Sarfass,6/16/2010,Male,24 New Castle Drive,4567495195
395843428,Perrine,Thonger,12/10/2012,Female,3 Alpine Street,1079422587
567334355,Horace,Muldrew,7/8/2018,Male,41 Menomonie Crossing,2932889267
388051628,Casper,Fryatt,10/28/1999,Male,69963 Ilene Hill,1063464473
390924633,Angelita,Mooring,2/26/2004,Female,14031 Florence Drive,4806762932
416720452,Shirlene,Saulter,11/25/2017,Female,50 Nova Avenue,8584484473
797659316,Jo ann,Rojahn,10/28/2012,Female,0685 Sherman Way,5643438221
752517319,Dorette,Akam,8/23/2015,Female,12 Garrison Plaza,8991947678
47866943,Westbrooke,Lamanby,7/23/2004,Male,00823 Hayes Terrace,1101689347
877265404,Thurston,Innocent,6/28/2002,Male,54 Gateway Junction,8837783621
228493718,Cherlyn,Rennels,9/7/2003,Female,236 Vernon Hill,3656031200
806283022,Rriocard,Dooley,1/15/2013,Male,781 Muir Drive,3173318297
939205933,Finlay,Godart,1/27/2001,Male,54884 Bay Avenue,6157587855
257708969,Farrel,Margrett,3/21/2005,Male,16 Kedzie Avenue,7489613588
883510909,Alejoa,Carillo,3/18/2015,Male,9 Redwing Way,6093600506
472481729,Auberta,Gilbey,1/10/2016,Female,61795 Warner Court,2479596150
780975441,Noble,Van Der Straaten,7/25/2014,Genderqueer,73102 Sycamore Lane,8969554083
873684294,Benjy,Gaynor,11/25/2004,Male,581 Lake View Alley,1422308975
318485506,Marsiella,Kemitt,8/20/2019,Female,749 Dawn Pass,5144820877
970283344,Kaiser,Merck,7/10/2014,Male,537 Graedel Junction,5384864545
813290433,Gard,Burnsyde,12/28/2019,Male,6098 Lighthouse Bay Pass,8682469431
684321934,Sheryl,Eckert,7/20/2011,Female,6 Reindahl Parkway,1083258969
396824525,Tammy,Prazor,7/17/2020,Female,91 Cambridge Crossing,8219383709
747195788,Kaleena,Heck,5/10/2000,Female,2 Lake View Road,8646945384
738184994,Thayne,Featherbie,3/30/2006,Male,0 Lyons Court,5498860482
306449774,Bartel,Milkins,8/16/2011,Male,79371 Dawn Place,5055869849
31093536,Rozanne,Petow,4/28/2008,Female,67103 Hagan Alley,9388582691
443159557,Byrle,Meth,2/1/2018,Male,31976 Northview Plaza,2905012327
505834958,Vlad,Hampe,10/16/2008,Genderqueer,2 1st Hill,2021707257
732127954,Abigael,Revington,5/31/2005,Female,1 Hooker Trail,5261315748
203291276,Brantley,Cranch,9/2/2011,Male,57000 Shoshone Point,9552301737
699496459,Rhetta,Gerriet,11/11/1999,Female,4325 Graceland Center,3352269497
384857728,Gael,Cornwell,1/14/2004,Male,8 Bayside Hill,1323205572
820763212,Selene,Connelly,9/23/2006,Female,48 Clarendon Drive,7142020269
632031678,Yolanda,Lovart,11/5/2017,Female,4781 Meadow Valley Avenue,6327228128
45145366,Deane,Lorroway,2/27/2014,Male,5775 Prairie Rose Plaza,7958573025
404231713,Emily,Cheetham,6/17/2011,Female,30 Harper Way,7862374538
769193118,Lucais,Greenstreet,11/20/2007,Male,51027 Goodland Road,5754763258
858031186,Pamella,Bryceson,8/4/2008,Female,09 Mandrake Court,4641050349
666404959,Enrichetta,Wholesworth,5/2/2000,Female,383 Lyons Drive,5315170799
995167361,Murray,Geertje,7/22/2008,Male,6218 Buhler Trail,4367278892
969806601,Uri,Duffield,7/17/2019,Male,96696 Gina Park,6119288354
161179524,Deck,Armin,4/6/2008,Male,57981 Harbort Terrace,3032566422
587742970,Isac,Buffy,12/24/2007,Male,81708 Harbort Avenue,4062564161
312156718,Kory,Shadwick,5/5/2010,Male,19 Mesta Street,8992500029
800183744,Drugi,Mahoney,10/25/2011,Male,10 Arapahoe Hill,5034994476
582841888,Pearle,Sadgrove,9/13/2018,Female,70277 Ramsey Road,5066646814
5567131,Ag,Van Arsdalen,6/15/2004,Female,08285 Graedel Place,2223422216
505693890,Caleb,Physick,6/2/2002,Male,6792 Dakota Court,9393237524
791250786,Xylina,Rosborough,3/5/2000,Female,95610 Farwell Parkway,3662855368
130571109,Devina,Fassman,6/22/2010,Female,3 Rieder Drive,7996315598
875417523,Sherwin,Menezes,8/7/2004,Male,63119 Mockingbird Place,6793263837
842734890,Vikky,Lindroos,3/19/1999,Female,9 Corscot Parkway,4706089008
533119949,Lorin,Arnoll,12/18/2018,Male,3 Grim Junction,8289545272
240344681,Virgie,Cronchey,3/19/2013,Polygender,53 Golden Leaf Trail,7298972142
966324907,Stirling,Magwood,9/8/2005,Male,32 Mcbride Road,5538675855
267175698,Timi,Feldberger,3/2/2006,Female,2127 Brickson Park Alley,2373970369
789751037,Mariquilla,Tafani,2/4/2007,Polygender,814 Eastlawn Center,1066288810
864220310,Louis,Gioani,3/2/2011,Male,31735 Farragut Point,7594716448
734341774,Liuka,Gever,12/15/2013,Female,885 Londonderry Circle,2859000732
864719756,Rabbi,Ziehms,3/3/1999,Male,5025 Dawn Drive,4687228802
697049992,Dante,Cowins,12/28/2005,Male,0 Scott Trail,2846921310
187125560,Neddy,Churchouse,8/20/2016,Male,420 Tony Terrace,2542790491
28045487,Shandie,Piesing,10/22/2013,Female,3 Debra Court,5936017324
558447165,Karlis,Camden,1/17/2006,Male,59886 Debs Street,1166377848
908185378,Chiquita,Connold,8/28/2019,Female,2078 Columbus Parkway,6201283490
495424841,Richie,Sommerling,8/14/2019,Male,04368 Anhalt Terrace,6816491923
752047936,Anson,Newbigging,5/29/2017,Male,133 Caliangt Terrace,9413039969
313519494,Murry,Cottesford,4/11/2016,Male,11394 La Follette Park,8194375108
520593545,Kerby,Nicklinson,12/23/2016,Male,8 Mesta Point,8485089861
110191095,Gunther,Almack,1/14/2020,Male,336 Mesta Place,1355822179
676935066,Veradis,Stovine,5/28/2002,Female,40942 Center Court,7384969417
61612635,Koral,Meneux,8/8/2013,Female,823 Saint Paul Park,5325168383
760052236,Lauree,Risborough,8/27/1999,Female,1 Daystar Center,9149482038
758646284,Georas,Brownhill,6/22/2007,Bigender,67020 Drewry Place,3103540656
223365582,Colene,Shelford,7/16/2007,Female,97437 Fallview Road,4896910324
715222613,Malina,Braidman,4/6/1999,Female,4525 Aberg Place,2135977361
974261172,Brett,Michele,7/16/1999,Male,9 Valley Edge Circle,1587816725
455378373,Bettye,Fair,8/26/2008,Female,4 Mayer Junction,4459340690
993573279,Clem,Kibard,6/22/2008,Female,6249 Anderson Place,6756367972
429524030,Chanda,Meran,5/14/2006,Female,7 Parkside Park,3975490655
503292829,Daphna,Keasy,8/8/2011,Bigender,38351 Dapin Plaza,6773538541
526234604,Garik,Ritchings,8/28/2017,Agender,55913 Milwaukee Way,5073740925
389263482,Jase,Glenwright,2/8/2018,Male,4 Hazelcrest Hill,6626748573
423750746,Dolly,Giddings,5/8/2020,Female,12056 Vernon Circle,8368067493
167149706,Phebe,Brew,3/27/2006,Female,83750 Melvin Circle,5733073488
725148885,Michaella,Mcwhinney,1/5/2012,Female,5 Ryan Park,3681956906
271367290,Filippa,Eicheler,11/13/2014,Female,1202 Monument Avenue,7404240600
360920760,Shurwood,Malenfant,4/8/2012,Male,07762 Hauk Alley,9452209029
351155334,Abramo,Presman,10/19/2018,Male,6698 Loomis Road,2453907520
398053484,Jena,Filipowicz,12/3/2010,Female,44302 Sunfield Junction,9293133729
446219873,Madison,Scruton,5/3/2013,Bigender,95122 Mcbride Avenue,4864936114
610671700,Zsa zsa,Wagstaff,2/1/2006,Female,3 Delaware Parkway,3968157050
62402667,Ilka,Springtorpe,9/1/2016,Female,100 Daystar Parkway,7585129415
476321216,Samara,Osselton,12/28/2005,Female,0 Forest Dale Crossing,2211546590
680145556,Dena,Wheelband,9/30/2000,Female,4 Pennsylvania Terrace,5893532034
636520697,Gracie,Robel,5/19/2003,Female,3 Sycamore Alley,9792185191
829420116,Ethelin,Hailes,5/26/2008,Female,8226 Namekagon Place,9036479375
505455481,Wendell,Ceeley,8/11/2011,Male,94144 Claremont Street,1847456447
348420494,Vernon,Drakeley,2/15/2002,Male,0 Talmadge Parkway,9565021205
677253395,Lelah,Merrisson,12/27/2007,Female,24956 Kim Junction,2035211943
835227317,Reinhold,Pennetta,10/21/2002,Male,34548 Main Alley,3875550695
338410930,Kathryn,Pavey,8/3/2007,Female,82284 American Ash Junction,2093535937
82516801,Erinn,Bartolomeoni,6/9/2000,Female,3959 Hintze Center,9941550758
490636288,Karlan,Burkman,8/14/2005,Male,32522 Fair Oaks Junction,6773929112
830911448,Ciel,Starrs,11/1/2015,Female,3061 Monument Park,7721817689
307020250,Jere,Kaszper,1/15/1999,Agender,767 Myrtle Place,1888547059
653344568,Giustina,Dwerryhouse,1/27/2008,Female,87307 Spohn Alley,2537884320
803974891,Rey,Tratton,8/29/2006,Male,76 8th Plaza,3325642116
319052571,Julian,Withringten,1/29/2010,Male,540 Troy Circle,3369484633
456625759,Seka,Castellanos,8/6/2001,Female,6 Towne Place,8689103251
286802785,Myrtle,Bessett,11/12/2006,Female,68066 Summer Ridge Court,3879480144
160595895,Eilis,MacVay,8/26/2011,Female,27 Delaware Alley,4064457676
394950834,Virgina,Yakovlev,8/1/2004,Female,012 Schurz Street,5272702709
664878310,Terrell,Norkutt,5/25/2016,Male,41564 Sunnyside Point,2211267725
411640905,Carolin,Loughnan,12/28/2020,Female,108 Coolidge Junction,4227041341
766949552,Jourdain,Crunkhurn,10/3/2014,Male,72567 Fulton Parkway,6388644924
136525515,Avery,Eccleston,11/5/2000,Male,856 Bellgrove Park,1731087003
629360169,Addie,Bednell,2/6/2016,Genderfluid,57 Brickson Park Alley,9925462560
978079253,Minnaminnie,Filisov,7/14/2014,Female,80508 Pepper Wood Point,5712893074
740012748,Ame,Millard,7/23/2008,Bigender,3 Lien Plaza,1687777161
634565899,Myrah,McTurk,7/30/2018,Female,1 Hansons Point,2363048696
170169666,Car,Pigot,8/11/2015,Male,49594 Grim Court,6174450726
575653879,Emlyn,Beedle,5/8/2015,Male,5 Rieder Crossing,2344207509
613797911,Moishe,Nutley,7/21/2019,Male,192 Upham Terrace,3229766761
805570965,Donielle,Youhill,2/12/1999,Female,5 Coleman Point,9022010462
533980153,Edlin,Simion,8/16/2008,Male,68338 Laurel Pass,2541361323
410895481,Baxie,Peidro,7/27/2005,Male,3 Emmet Lane,3616765597
172199378,Cammy,Vasilevich,2/1/2009,Female,23191 Bowman Court,6569871906
42603162,Delmer,Weild,2/5/2003,Male,3 Columbus Trail,4764328203
457685546,Jodi,McCaighey,9/5/2004,Male,2565 Brown Park,1896480466
737188999,Dorisa,Haws,11/10/2015,Female,0 Pine View Avenue,7315305739
941996225,Corine,Coleborn,9/12/2006,Genderfluid,582 Hoepker Circle,2101414825
334830018,Chucho,Dowzell,10/14/2021,Male,03 Mesta Road,1325582560
827834808,Nigel,Maidstone,4/9/2017,Male,9 Granby Alley,6871515769
82428620,Sue,Caldwell,6/22/2020,Female,8930 Redwing Road,7777074033
920397895,Dulsea,Cockshut,4/1/2009,Female,1 High Crossing Drive,7391570264
598094261,Domenic,McGuane,11/6/2019,Male,38412 Eliot Place,4867396713
710298268,Eolande,Brashier,11/16/2012,Female,4823 Ridgeview Lane,3484607611
544336421,Brody,Hinrichs,6/6/1999,Male,646 Ryan Lane,3264678031
701693862,Dionne,McGillivray,6/16/2002,Female,751 Eggendart Alley,7932290094
617236500,Shayla,Meyer,1/25/2004,Female,6 Warner Lane,4835085690
426606480,Lyndsie,Sicily,7/23/2021,Female,26 Fuller Crossing,9437945938
954134662,Fax,Fenton,3/10/2011,Male,4517 Chinook Way,1686487372
970865766,Ransell,Puttnam,2/2/2006,Male,23960 Novick Lane,8733730274
483638406,Kerrill,Bartlomiej,12/28/1998,Female,2 Kedzie Road,9012480847
705580317,Bogart,Ferebee,9/5/1999,Male,6500 Grim Court,3291445735
799059055,Mia,Jonke,3/23/2017,Female,456 Gina Way,2688957589
17338453,Henrie,Folomin,12/30/2001,Female,4 Valley Edge Plaza,2749698430
377306027,Alina,Boniface,8/21/2005,Female,02333 Springs Pass,6343567191
588625438,Brian,Bodham,9/21/2012,Male,9 Menomonie Center,8938887389
858545236,Katinka,Tissell,8/14/2010,Female,65434 Village Green Center,2176361194
207627194,Sheppard,Collimore,7/21/2018,Male,08 Drewry Pass,3209067861
886836391,Towney,Phythian,4/8/2015,Male,469 Loomis Point,8071484656
357098270,Aimee,McNelly,11/14/2019,Genderqueer,7 Milwaukee Road,5675739916
749114152,Johann,Dogg,8/16/2017,Male,66657 5th Avenue,4187186365
642128006,Truda,Harber,7/27/2006,Female,65156 Shopko Parkway,4132986792
54104016,Ravid,Asey,8/6/2013,Male,4 Vahlen Park,6913716705
65340054,Alleen,Turneux,12/8/2001,Female,72 Bay Parkway,6945640952
127514732,Sadella,Denacamp,3/31/2012,Female,665 Caliangt Court,1114475819
603227507,Crosby,Grafton,9/10/2010,Male,52628 Loeprich Alley,3873026355
793312476,Aveline,Rosewall,2/13/2019,Female,1 Prairieview Terrace,1634146384
926837897,Huntley,Deedes,2/18/2010,Male,7 Johnson Junction,9375458644
651066349,Chrissy,Rodda,1/6/1999,Female,29 Pond Way,1381395278
738850041,Corabel,Ferrillo,11/17/2010,Female,27727 Columbus Drive,1511216797
905531458,Nina,Stobart,1/13/2017,Female,1896 Rieder Lane,6083658685
202945400,Carlin,Gergolet,4/24/2009,Male,86 Oriole Trail,5081734707
948692529,Sig,Paulusch,1/7/2004,Male,07 Cottonwood Trail,7498274880
954112687,Hoyt,Grancher,5/2/2017,Male,67 Armistice Circle,3561954577
353318290,Tracey,Ratledge,11/11/2012,Male,97262 Shelley Pass,3173421565
38612144,Linzy,Moral,9/19/2009,Female,107 Columbus Court,8327464704
878198207,Burtie,Kiss,7/1/2017,Male,9 Emmet Terrace,8721149889
30260222,Earl,Plaide,4/12/2000,Male,404 Hoffman Center,6219516070
416034690,Tobias,Crotty,1/3/2001,Male,58 Messerschmidt Park,9206641311
865213684,Laina,Foux,1/14/2007,Genderqueer,9830 Butternut Junction,5755416562
693441454,Sonnie,Lowdeane,7/9/2007,Male,118 La Follette Street,9538740195
595184482,Sascha,Chadwick,2/26/2018,Male,7704 Linden Center,4538259257
36541113,Larry,Jovis,2/21/2021,Non-binary,24383 Tony Terrace,6626703324
267413981,Natalie,Binham,2/3/2003,Female,17022 Hermina Circle,7801833575
118145479,Alyse,Banister,2/10/2001,Female,6 Erie Point,5688683775
56538788,Merci,Kingaby,5/15/2021,Female,40 Sage Terrace,6716321128
631870869,Waylen,Richens,8/15/2010,Male,4828 Bartillon Street,7836329070
627832947,Giffy,Dowsett,2/13/2012,Male,43018 Calypso Center,6744432420
963998441,Eduard,Lown,6/20/2019,Male,41 Hovde Park,3738832471
783858327,Pembroke,Jerrard,2/23/2000,Male,01872 Oriole Drive,6173602610
787822005,Ewen,Waeland,9/7/2000,Male,23 Glendale Road,1564933733
751031194,Gualterio,Ludy,9/9/2014,Male,30427 Sachs Way,6971303310
655100135,Claudine,Winborn,3/3/2012,Female,66 Lake View Pass,9686593725
668110119,Ellsworth,Linscott,7/2/2001,Male,85900 Donald Circle,4222574320
686409607,Daniela,Westcott,12/8/2014,Female,60526 Vidon Park,2726245260
759161476,Faunie,Bytheway,4/22/2015,Female,237 Miller Plaza,4648893098
569000498,Llewellyn,Bulleyn,12/19/1998,Male,4 Lyons Crossing,3138964353
53392125,Karee,Domoni,5/26/2005,Female,21231 Canary Point,1362384329
355821067,Heriberto,Autin,12/10/2019,Male,8208 Grasskamp Hill,6743398502
190058585,Gayle,Aupol,9/16/2021,Polygender,2253 Mosinee Road,9134896047
795916875,Nanice,Frere,8/23/2004,Female,58 American Ash Junction,8474539227
904946044,Gaspar,Dollar,11/4/2011,Male,0 Lakewood Park,4844197387
750457543,Gibbie,Cratchley,7/3/2007,Male,9 Weeping Birch Street,9501706459
911206717,Tiffi,Rengger,3/15/2000,Polygender,8258 Green Park,5439720202
978085718,Maura,Lipscomb,8/26/2019,Female,3 Scofield Place,7285680906
772647129,Adina,Gobell,8/23/2014,Female,2 Kim Avenue,4399204593
644204092,Fayre,Fullerton,12/15/2001,Female,713 Vidon Park,6907109008
927165195,Benton,Boundy,1/6/2012,Male,62756 Bluestem Plaza,5388254983
418668646,Monroe,Dodshun,11/28/2010,Male,89720 Ryan Pass,3232795501
400366873,Evangeline,Gauvain,7/27/2014,Female,8 Swallow Parkway,6099343920
604383105,Jeanine,Kaiser,9/8/2017,Female,3694 Schurz Circle,5762236437
786646728,Tarra,Slatcher,6/30/2018,Female,6 Mallory Point,1682302952
747988027,Tris,Finneran,7/14/2021,Male,7395 Garrison Way,9666765893
515946802,Rich,Rops,7/27/2013,Male,3 Schmedeman Center,9988178087
421660732,Elsy,Domanski,1/14/2003,Female,127 La Follette Point,7024099927
123224346,Moishe,Brazier,3/5/2008,Male,5769 4th Street,8645089104
298641329,Zacherie,Tillman,12/20/2006,Male,2379 Fair Oaks Trail,9165187945
544608506,Kassey,Cadd,8/12/2001,Female,7324 Farragut Alley,8115887143
305845556,Amanda,Lowis,11/26/2017,Female,7 2nd Crossing,3815043642
635180616,Ricard,Snaden,6/16/2007,Male,2 Elgar Street,7182561956
254289496,Arline,Cleal,4/2/2006,Female,6 Hermina Trail,8789321203
744132499,Garald,Trigwell,6/30/2009,Male,9013 Memorial Plaza,8115552373
838486941,Dave,Cypler,11/11/2002,Male,842 Graedel Center,6434009072
14003406,Bella,Laird-Craig,11/7/2018,Female,4197 Fulton Road,4205084901
2232128,Martainn,O' Dornan,12/27/2002,Male,393 Paget Junction,2651536239
937385430,Conrad,Collcott,1/31/2013,Male,95510 Emmet Street,7801234714
568706422,Janos,Lidstone,12/7/1999,Male,155 Carberry Junction,6731805282
872187881,Wynnie,Caffin,12/28/2000,Agender,06 Walton Park,3805967837
216523313,Brynna,Derks,10/26/2015,Female,56464 Kedzie Parkway,8676698501
84624609,Town,Eynald,9/2/2020,Male,3 Stephen Street,1541082617
335106388,Perrine,Beagrie,1/17/2016,Female,57 Fremont Drive,1691984421
878716595,Llewellyn,Matyashev,6/21/2018,Male,0995 Hansons Trail,4967871537
666832461,Carly,Jovis,5/16/1999,Male,3632 Lake View Point,1288395063
710642619,Bevin,Dayton,1/18/2016,Male,4270 Rusk Drive,8457753694
831776062,Marielle,MacGow,9/8/2002,Female,0 Lighthouse Bay Court,2132628400
786222900,Benoite,Vian,9/3/2012,Female,4 Dorton Street,5982371281
515400834,Kayle,Gude,11/13/2002,Female,1641 Fair Oaks Court,3461913385
952690846,Etan,Watts,12/20/2006,Male,62631 Heffernan Street,9355632406
841533027,Ciro,Langmaid,11/13/2009,Male,1 Thompson Center,6489354996
654504908,Kimbell,Banister,5/4/2011,Male,61 Carey Pass,8408958104
