prescription_id,prescription_date,medication,drug_brand,patient_id,doctor_id
700430481,3/15/2023,Western Juniper,Western Juniper,619486079,11302
36469498,6/17/2023,GLIPIZIDE,GLIPIZIDE,892708688,11303
436361209,1/3/2023,Promethazine Hydrochloride,Promethazine Hydrochloride,22195242,11304
953406535,11/17/2022,Dermatophagoides pteronyssinus,STANDARDIZED MITE D PTERONYSSINUS,668808523,11305
849581498,3/17/2023,Mirtazapine,Mirtazapine,467612663,11306
372505088,9/1/2023,avobenzone and homosalate and octisalate and octocrylene and oxybenzone,Hope In A Jar SPF 25,61715603,11307
288929556,10/14/2023,Octinoxate 7.5%,Sei Bella Age-Defying Liquid Foundation,412618858,11308
22901179,11/17/2022,"Avobenzone, Octisalate, and Octocrylene",SolMate,947226484,11309
913043778,1/6/2023,ZINC OXIDE,Sheer Cover Mineral Foundation,801335117,11310
857479652,9/9/2023,"OCTINOXATE, OCTOCRYLENE, and TITANIUM DIOXIDE",SHISEIDO SHEER AND PERFECT COMPACT (REFILL),737229538,11311
378187559,6/11/2023,"TITANIUM DIOXIDE, ZINC OXIDE and OCTINOXATE",SENSAI TRIPLE TOUCH COMPACT TC02,636959196,11312
380802288,6/23/2023,Amlodipine Besylate,Amlodipine Besylate,299616270,11313
863016178,5/24/2023,"Alianthus, Ana barbariae, Arsenicum album, Byronia, Eucalyptus, Eupatorium perfoliatum, Gelsemium, Glycerinum, Influenzinum, Mercurius vivus, Phytolacca, Sticta pulmonaria",Triple Flu Defense,998132204,11314
25323128,10/13/2023,Pseudoephedrine Hydrochloride,Pseudoephedrine Hydrochloride,676991253,11315
111072633,12/26/2022,OCTINOXATE,Rouge Dior 640 Soft Pink Serum,535659829,11316
152569926,8/22/2023,Allantoin,Herbal Skin Toner,997566304,11317
854709833,4/30/2023,hyoscyamine sulfate,Levsin,518353983,11318
218003660,11/23/2022,"Sodium Chloride, Sodium Lactate, Potassium Chloride, Calcium Chloride",Lactated Ringers,973884491,11319
199312587,11/23/2022,Betamethasone Dipropionate,Betamethasone Dipropionate,19218704,11320
398692227,9/24/2023,Permethrin,Permethrin,270549175,11321
735561382,5/27/2023,Phenol,Sore Throat Cherry,209923864,11322
120812665,4/2/2023,maraviroc,SELZENTRY,137555123,11323
575113760,5/16/2023,ERYTHROMYCIN ETHYLSUCCINATE AND SULFISOXAZOLE ACETYL,ERYTHROMYCIN ETHYLSUCCINATE AND SULFISOXAZOLE ACETYL,140977191,11324
832502047,10/23/2023,Ibuprofen,Ibuprofen,636359507,11325
31013766,9/18/2023,Iodixanol,Visipaque,70148713,11326
255098148,8/18/2023,Fosinopril Sodium,Fosinopril Sodium,383354783,11327
773196251,9/19/2023,"BENZALKONIUM CHLORIDE,BACITRACIN ZINC,NEOMYCIN SULFATE,POLYMYXIN B SULFATE, ETHYL ALCOHOL",Emergency Preparedness,704120718,11328
851655971,8/3/2023,Aluminum Zirconium Tetrachlorohydrex GLY,Dove,268909923,11329
504001913,11/17/2022,Hydrocortisone,TrueLipids Anti-Itch Barrier,451085417,11330
156529748,1/25/2023,KETOROLAC TROMETHAMINE,Ketorolac Tromethamine,175968229,11331
178645187,11/12/2023,ANILINUM,ANILINUM,610584136,11332
544641188,4/9/2023,Hydrocodone Bitartrate and Acetaminophen,Hydrocodone Bitartrate and Acetaminophen,561344897,11333
95471346,4/15/2023,Minoxidil,leader hair regrowth treatment,998726632,11334
382971576,8/19/2023,MENTHOL CAMPHOR,DEEP REMEDY,337089339,11335
796060657,3/8/2023,"Anacardium Orientale, Belladonna, Hyoscyamus Niger, Kali Bromatum, Veratrum Album, Baryta Carbonica, Lachesis Mutus",ALZ HP,706231568,11336
28497302,12/17/2022,"Oxygen, Refrigerated Liquid","Oxygen, Refrigerated Liquid",918665870,11337
406354073,5/30/2023,"CAMPHOR, CAPSAICIN AND MENTHOL",TIANHE ZHUIFENG GAO,705611321,11338
279088554,10/13/2023,phytonadione,Mephyton,270932787,11339
108122920,2/17/2023,darifenacin,Enablex,223978219,11340
236138728,4/10/2023,Wart Remover Gel Pen,Salicylic Acid,149248170,11341
974829716,2/24/2023,Treatment Set TS332678,Treatment Set TS332678,265070821,11342
997374556,11/16/2022,Hydrocortisone / Chloroxylenol / Pramoxine HCl,Pramoxine-HC,545441107,11343
960193888,9/11/2023,"Ethylhexyl methoxycinnamate, Ethylhexy Salicate, Butyl Methoxydibezoylmethane",UV Capture Vita Sun Gel,485141889,11344
114179409,5/8/2023,norethindrone and ethinyl estradiol,Vyfemla,763165452,11345
35701719,10/25/2023,Benzoyl Peroxide,Anti-Bacterial Wash with Exfoliating Beads for Blemish skin,685725493,11346
672442807,9/20/2023,Povidone-iodine,Aplicare Povidone-iodine Scrub,182844664,11347
517536648,3/10/2023,"Arnica montana, Arsenicum album, Baptisia tinctoria, Cinchona officinalis, Galium aparine, Hepar suis, Korean ginseng, Mercurius corrosivus, Phosphoricum acidum, Radium bromatum, Sulphur iodatum, Thuja occidentalis, X-ray,",EMF,916677356,11348
577444297,11/15/2022,isotretinoin,Myorisan,357367853,11349
950855630,10/17/2023,certolizumab pegol,Cimzia,622392191,11350
274104607,1/28/2023,Invisible Stick Antiperspirant and Deodorant,Degree Men,43273828,11351
645719332,12/18/2022,metaxalone,SKELAXIN,86155929,11352
24381604,7/7/2023,"Avobenzone, Homosalate, Octisalate, Octocrylene and Oxybenzone",LOreal Paris Advanced Suncare Invisible Protect Dry 50 Plus Broad Spectrum SPF 50 Plus Sunscreen,507055576,11353
80759865,7/28/2023,Treatment Set TS347115,Treatment Set TS347115,307893801,11354
451016097,11/25/2022,Fomepizole,Fomepizole,663957156,11355
164134589,8/20/2023,"Acetaminophen, Aspirin, Caffeine",good neighbor pharmacy migraine relief,714333176,11356
189032880,10/23/2023,DEXTROSE,Dextrose,400106479,11357
367169120,10/2/2023,"Acetaminophen, Dextromethorphan Hydrobromide, Guaifenesin, and Phenylephrine Hydrochloride",SohMed Cold Relief,995096308,11358
371020749,11/7/2023,benztropine mesylate,Benztropine Mesylate,798502775,11359
347285009,12/14/2022,Griseofulvin,Griseofulvin,419853502,11360
563360230,10/22/2023,Oxazepam,Oxazepam,451414638,11361
552208332,8/18/2023,Benzocaine 20%,Leader Oral Pain Relief,568952270,11362
639213328,3/24/2023,Bupropion Hydrochloride,Bupropion Hydrochloride,493466447,11363
199845004,8/30/2023,TRICLOSAN,ANTIBACTERIAL FOAMING,141915822,11364
40417455,9/24/2023,LETROZOLE,LETROZOLE,244505818,11365
993439297,3/3/2023,Cefdinir,Cefdinir,497746884,11366
240841323,1/11/2023,"aluminum hydroxide, magnesium hydroxide, simethicone",Leader Antacid,602220202,11367
397354788,6/2/2023,Losartan Potassium and Hydrochlorothiazide,Losartan Potassium and Hydrochlorothiazide,428589723,11368
358882705,12/17/2022,Olanzapine and Fluoxetine,Olanzapine and Fluoxetine,281852462,11369
513249021,8/3/2023,"hydrocodone bitartrate, ibuprofen",Reprexain,819361042,11370
532090150,8/2/2023,Bisoprolol Fumarate and Hydrochlorothiazide,Bisoprolol Fumarate and Hydrochlorothiazide,893389209,11371
632705205,5/10/2023,Amiodarone Hydrochloride,Amiodarone Hydrochloride,84494254,11372
772032369,6/7/2023,Chlordiazepoxide Hydrochloride and Clidinium Bromide,Chlordiazepoxide Hydrochloride and Clidinium Bromide,533454936,11373
20955820,10/18/2023,Sodium Fluoride,koala pals,819542153,11374
671309563,2/23/2023,Ketotifen Fumarate,allergy eye,428101685,11375
315657206,2/10/2023,Sodium fluoride,Crest Wild Expressions,237724864,11376
93092671,8/3/2023,"EUCALYPTOL, MENTHOL, METHYLSALICYLATE, THYMOL",Mouth Rinse,807574651,11377
292369984,5/17/2023,"Avobenzone, Homosalate, Octisalate, and Octocrylene",Coppertone Tanning Sunscreen,356217138,11378
593125990,2/22/2023,Titanium Dioxide,Purminerals 4 in 1 Makeup SPF 15 Golden Medium,264503896,11379
942471120,1/13/2023,Promethazine Hydrochloride,Promethazine Hydrochloride,332749365,11380
314068793,10/10/2023,"Pramoxine HCl, Zinc acetate",Clear Anti Itch,110885783,11381
383362199,12/29/2022,Morphine Sulfate,Morphine Sulfate,435852138,11382
576308466,8/19/2023,Ribavirin,Copegus,23289163,11383
737442149,9/29/2023,Skin Protectant,Gentle Eczema Balm,210758845,11384
676179813,9/22/2023,Black Birch,Black Birch,420377926,11385
430665829,12/29/2022,Buspirone Hydrochloride,Buspirone Hydrochloride,71883115,11386
932681041,2/5/2023,ATORVASTATIN CALCIUM,ATORVASTATIN CALCIUM,519021437,11387
93356356,6/13/2023,telmisartan/amlodipine,Twynsta,819499806,11388
400932194,3/8/2023,Liothyronine Sodium,Liothyronine Sodium,357174398,11389
350060895,4/16/2023,GLIMEPIRIDE,GLIMEPIRIDE,118718403,11390
821492089,2/17/2023,Alprazolam,Alprazolam,682730119,11391
882155753,12/24/2022,Salicylic Acid,Clearasil,779692843,11392
314723432,1/14/2023,enoxaparin sodium,Lovenox,966561466,11393
752771882,2/16/2023,hydrochlorothiazide,hydrochlorothiazide,428639568,11394
80877304,12/11/2022,SALICYLIC ACID,FACIAL CLEANSER,872993792,11395
879475860,5/2/2023,Bismuth Subsalicylate,Pepto-Bismol and Pepto-Bismol,211820509,11396
795698269,5/12/2023,SERTRALINE HYDROCHLORIDE,SERTRALINE HYDROCHLORIDE,973051723,11397
190418390,6/3/2023,Sodium Fluoride,Anticavity Fluoride Rinse,402541488,11398
147564792,2/24/2023,PREGABALIN,Lyrica,812263271,11399
966685675,7/16/2023,"Gnaphalium Polycephalum, Berberis Vulgaris, Cimicifuga Racemosa, Cinchona Officinalis, Colocynthis, Ledum Palustre, Ranunculus Bulbosus",Arthritis Joints,486519720,11400
536667823,6/21/2023,Carbidopa and levodopa,Carbidopa and levodopa,263114127,11401
836008016,8/15/2023,Trimethobenzamide Hydrochloride,Trimethobenzamide Hydrochloride,363429428,11402
414386849,1/31/2023,Isosorbide Dinitrate,Isosorbide Dinitrate,980267652,11403
965520812,3/19/2023,Levetiracetam,Levetiracetam,625704501,11404
296554024,10/13/2023,CHAMOMILE PLANT,CHAMOMILLA,27052530,11405
245487986,2/2/2023,tapentadol hydrochloride,NUCYNTA,580152369,11406
42665508,12/20/2022,Benzalkonium chloride,Reliance Hand Saniziter,665158476,11407
16849755,4/28/2023,Ranitidine,Ranitidine,868965426,11408
690433544,11/24/2022,TAMSULOSIN HYDROCHLORIDE,TAMSULOSIN HYDROCHLORIDE,170168746,11409
957654536,3/11/2023,"CITRULLUS COLOCYNTHIS FRUIT PULP,GRATIOLA OFFICINALIS,LYCOPODIUM CLAVATUM SPORE,SODIUM CARBONATE,STRYCHNOS NUX-VOMICA SEED,SULFUR,TAXUS BACCATA FRUIT,PODOPHYLLUM.",IBS Irritable Bowel Syndrome Relief,850786317,11410
507647786,8/7/2023,Allergenic Extracts Alum Precipitated,CENTER-AL - POA PRATENSIS POLLEN,986935235,11411
907062501,2/5/2023,SALICYLIC ACID,VIPER ACNE BODY WASH,330037848,11412
936224545,6/12/2023,ETHYL ALCOHOL,Instant Hand Sanitizer Twisted Peppermint,863907370,11413
827500978,8/30/2023,Lidocaine Hydrochloride,IWK-5,637676207,11414
773335485,4/17/2023,fenofibrate,Fenofibrate,355755490,11415
608309228,12/11/2022,"Aconitum napellus, Aurum bromatum, Calcarea carbonica, Chamomilla, Cina, Ignatia amara, Kali bromatum, Lycopodium clavatum, Paeonia officinalis, Phosphorus, Stramonium, Sulphur",Fears and Nightmares,758980115,11416
942041437,3/2/2023,"benzocaine, tetracaine hydrochloride",Denti-Care Denti-Freeze,927568245,11417
338819066,10/25/2023,Dexamethasone,Dexamethsone,556553122,11418
327816718,7/16/2023,Brevibacterium stationis,Pleo Art U,265104769,11419
668890383,10/12/2023,Chlorhexidine Gluconate,Chlorhexidine Gluconate,495145350,11420
463420701,7/18/2023,Glimepiride,Glimepiride,542987340,11421
369429746,8/2/2023,diphenhydramine hydrochloride and zinc acetate,Shopko Anti-Itch,343416509,11422
559693794,3/15/2023,KETOCONAZOLE,KETOCONAZOLE,879419974,11423
434421873,4/21/2023,venlafaxine,venlafaxine,465471842,11424
191707847,8/19/2023,PENICILLIUM CHRYSOGENUM,PENICILLIUM CHRYSOGENUM VAR CHRYSOGENUM,394561574,11425
377754217,4/2/2023,Meloxicam,Meloxicam,678980314,11426
264599373,9/26/2023,Metoclopramide,Metoclopramide,628975390,11427
857381762,6/10/2023,ALCOHOL,Vanilla Bean Antibacterial Hand,786632343,11428
11481879,9/11/2023,".BETA.-CAROTENE, ASCORBIC ACID, CHOLECALCIFEROL, .ALPHA.-TOCOPHEROL ACETATE, D-, THIAMINE MONONITRATE, RIBOFLAVIN, NIACINAMIDE, PYRIDOXINE HYDROCHLORIDE, FOLIC ACID, CYANOCOBALAMIN, CALCIUM CARBONATE, IRON, MAGNESIUM OXIDE, ZINC OXIDE, CUPRIC OXIDE, IODINE, OMEGA-3 FATTY ACIDS",Duet DHA,780389679,11429
589708565,10/8/2023,Aspirin,Aspirin,894988093,11430
198418398,10/14/2023,Methocarbamol,Methocarbamol,85912857,11431
980891535,3/20/2023,Esomeprazole magnesium,NEXIUM,464105653,11432
435499888,10/30/2023,"Octinoxate, Octisalate, Zinc Oxide, Titanium Dioxide",Atomy Sunscreen White,501240471,11433
323194271,12/14/2022,GEMCITABINE HYDROCHLORIDE,GEMCITABINE HYDROCHLORIDE,736976614,11434
778951680,7/15/2023,Gemfibrozil,Gemfibrozil,189195112,11435
864948699,9/1/2023,Clonazepam,Clonazepam,970400818,11436
292351060,2/21/2023,Testosterone Cypionate,Testosterone Cypionate,328916208,11437
778154660,4/1/2023,Valacyclovir Hydrochloride,Valacyclovir Hydrochloride,725137844,11438
266036183,5/12/2023,rivastigmine,Exelon,878816364,11439
625659352,7/29/2023,Carbidopa and Levodopa,Carbidopa and Levodopa,645873334,11440
158193986,3/20/2023,diphenhydramine hydrochloride and zinc acetate,Anti-Itch Extra Strength,647910025,11441
265300242,10/12/2023,"Butalbital, Aspirin, and Caffeine",Fiorinal,807001272,11442
691099883,4/10/2023,perphenazine,Perphenazine,345537363,11443
497574838,9/4/2023,Acetaminophen,Equate Acetaminophen,972176057,11444
280897514,7/5/2023,Furosemide,Furosemide,923473238,11445
848871330,7/13/2023,Lanolin,Lanolin,923137516,11446
487822015,11/2/2023,Benzocaine,"Sally Hansen Microwavable Eybrow, Face and Lip Wax Kit",297181670,11447
965069903,10/10/2023,Mirtazapine,Mirtazapine,830274531,11448
484409753,3/28/2023,"Aconitum nap., Allium cepa, Arsenicum alb., Bryonia, Calendula, Chelidonium majus, Cineraria, Euphrasia, Graphites, Lycopodium, Merc. corros., Nux vom., Phosphorus, Phytolacca, Picricum ac., Pulsatilla, Rhus toxicodendron, Sulphur, Echinacea",Eye Care,967019844,11449
851141742,11/20/2022,Benztropine Mesylate,Benztropine Mesylate,454949492,11450
910430721,5/6/2023,TRIPROLIDINE HYDROCHLORIDE,VANAHIST PD,317356374,11451
245803116,2/19/2023,"Brompheniramine Maleate, Codeine Phosphate, Phenylephrine Hydrochloride",Poly-Tussin AC,98693118,11452
584035535,10/18/2023,Red Snapper,Red Snapper,859007943,11453
649656392,2/6/2023,Sulfamethoxazole and Trimethoprim,Sulfamethoxazole and Trimethoprim,936928571,11454
164526240,6/18/2023,Sodium Monofluorophospate,NewYork-Presbyterian Amenity,205802252,11455
515936009,5/3/2023,Treatment Set TS340054,Treatment Set TS340054,491186752,11456
793854049,3/7/2023,Armodafinil,Nuvigil,223671959,11457
991539788,6/1/2023,Phenylephrine hydrochloride,Nasal Four,574472765,11458
352809546,12/1/2022,"Aluminum hydroxide, Magnesium hydroxide, Simethicone",Almacone,952307752,11459
328302421,2/27/2023,Naratriptan,Naratriptan,147194170,11460
14084943,2/17/2023,Atomoxetine hydrochloride,Atomoxetine hydrochloride,854815299,11461
458987120,10/12/2023,Miconazole,MakeSense,440602340,11462
522311535,7/27/2023,HYDROCODONE BITARTRATE AND ACETAMINOPHEN,HYDROCODONE BITARTRATE AND ACETAMINOPHEN,442514024,11463
487669009,8/3/2023,Cefadroxil,Cefadroxil,367039032,11464
269336171,4/7/2023,Chloroquine phosphate,Chloroquine phosphate,221469783,11465
79654592,10/17/2023,Amoxicillin,Amoxicillin,984167189,11466
800131858,12/11/2022,clonidine,Clonidine,787798578,11467
488254904,6/8/2023,Warfarin Sodium,Jantoven,142845775,11468
642084229,11/30/2022,Green Pea,Green Pea,821563403,11469
516232803,9/14/2023,Octinoxate and Titanium dioxide,PURE SHEER,113428938,11470
793995263,12/6/2022,nifedipine,Nifedipine,278052903,11471
862893865,10/19/2023,Povidone Iodine,Povidone-Iodine Prep,27219464,11472
996342014,7/20/2023,Carvedilol,Carvedilol,629539270,11473
73898366,10/2/2023,benzphetamine hydrochloride,BENZPHETAMINE HYDROCHLORIDE,522766694,11474
100343690,1/2/2023,ALCOHOL,Germ Bullet,704278225,11475
310620720,1/4/2023,Lisinopril,Lisinopril,809434019,11476
216575810,11/1/2023,Acetaminophen,Childrens Acetaminophen,285355146,11477
120964955,3/29/2023,BENZETHONIUM CHLORIDE,Magnolia Blossom Scented Hand Sanitizer Anti-Bacterial,448795592,11478
405261428,2/27/2023,CHIONANTHUS VIRGINICUS BARK,Headache,330412646,11479
845764435,11/21/2022,Cetirizine Hydrochloride,Childrens,936759440,11480
912563003,9/27/2023,BENZALKONIUM CHLORIDE,first depHense Alcohol-Free Antiseptic Foam Hand Sanitizer,617333642,11481
838041939,12/13/2022,Benzoyl Peroxide,Oxy Face Wash,149020403,11482
363412328,8/31/2023,zolmitriptan,Zolmitriptan,589910221,11483
398899008,5/13/2023,Antipyrine and Benzocaine,Antipyrine and Benzocaine,518193599,11484
821111009,11/18/2022,Piperacillin and Tazobactam,Piperacillin and Tazobactam,242159553,11485
545745411,2/6/2023,Mexican Tea,CHENOPODIUM AMBROSIOIDES POLLEN,134715238,11486
247067306,2/5/2023,Diclofenac Potassium,CAMBIA,715650420,11487
146709245,7/24/2023,zaleplon,zaleplon,914591828,11488
306696701,10/2/2023,methotrexate sodium,METHOTREXATE,972153413,11489
211960980,2/27/2023,RIVASTIGMINE TARTRATE,RIVASTIGMINE TARTRATE,125269602,11490
79027243,5/31/2023,Escitalopram,Escitalopram,719924698,11491
695359939,11/5/2023,"Acetaminophen, Chlorpheniramine Maleate, Dextromethorphan HBr, Phenylephrine HCl",Topcare Cold,886564882,11492
869727766,3/24/2023,Zolmitriptan,Zolmitriptan,91001578,11493
476794509,12/26/2022,"OCTINOXATE, OXYBENZONE, TITANIUM DIOXIDE",DIORSNOW BB Creme 010 White Reveal UV Protection Sunscreen Broad Spectrum SPF 50,772603404,11494
872684207,8/3/2023,Octinoxate and Oxybenzone,LBEL HYDRATESS,877066317,11495
240714408,12/24/2022,Titanium Dioxide and Zinc Oxide,Amazonian Clay 12-Hour Full Coverage Foundation Broad Spectrum SPF 15 Sunscreen,898517197,11496
667905186,11/4/2023,AIR,MEDICAL AIR,753891596,11497
936759554,11/17/2022,Loratadine,Allergy Relief,62856092,11498
179049531,8/22/2023,OXYGEN,OXYGEN,986432212,11499
929495993,1/24/2023,Quetiapine fumarate,SEROQUEL,525470834,11500
131226744,2/23/2023,Tacrolimus,Tacrolimus,700240328,11501
355684843,11/26/2022,Phendimetrazine Tartrate,Phendimetrazine Tartrate,320432402,11502
446766303,5/31/2023,Levofloxacin,Levofloxacin,837749245,11503
162619125,4/29/2023,"AVOBENZONE, OCTISALATE, OCTINOXATE, OXYBENZONE",Total Suncare Sunscreen SPF 15,559388733,11504
430090804,7/28/2023,"Dextromethorphan Hydrobromide, Guaifenesin, Phenylephrine Hydrochloride",Wal Tussin,231392472,11505
929852202,4/3/2023,"Apis 30c, Anacardium 30c, Belladonna 30c, Borax 30c, Calc Phos 30c, Chamomilla 30c, Cina 30c, Ipecac 30c, Kali Carb, Lac Can 30c, Stramoniumn 30c",Kicking and Screaming,821884164,11506
259414321,9/19/2023,"Avobenzone, Homosalate,Octisalate, Octocrylene, Oxybenzone",Ships Ahoy Seashore Sunscreen Broad Spectrum SPF 30,264174687,11507
612353430,12/16/2022,"Avobenzone, Homosalate, Octisalate, and Oxybenzone",Coppertone Sport AccuSpray,84704238,11508
683718115,6/22/2023,Milrinone Lactate,Milrinone Lactate,666716175,11509
492633903,4/25/2023,Homeopathic Liquid,Metal-Chord,779941389,11510
524144042,10/5/2023,American Beech,American Beech,316875241,11511
413048255,1/28/2023,Simvastatin,Simvastatin,145036888,11512
83064117,2/13/2023,TRICLOSAN,DG BODY,86604517,11513
923435345,10/30/2023,DOCUSATE SODIUM -SENNOSIDES,SENEXON-S,848344783,11514
425070747,1/17/2023,"Benzocaine, Menthol",Double Prawn Brand Herbal Oil,565377768,11515
889020261,6/27/2023,White petrolatum,Creamy Petroleum,816548704,11516
684268227,8/16/2023,Octocrylene and Octinoxate,Urban Defense,227010807,11517
606810008,12/4/2022,Triamcinolone Acetonide,Triamcinolone Acetonide,742041410,11518
426460444,7/8/2023,Octinoxate and Titanium dioxide,SHISEIDO THE MAKEUP PERFECT SMOOTHING COMPACT FOUNDATION (Refill),354636790,11519
280721554,1/12/2023,meloxicam,Meloxicam,364779149,11520
541280529,2/18/2023,Alcohol,Avant Foaming Hand Sanitizer,967051114,11521
954171943,12/31/2022,Rosuvastatin calcium,CRESTOR,739531310,11522
977546713,12/6/2022,OXYBUTYNIN CHLORIDE,Oxybutynin Chloride,231170029,11523
45579951,12/17/2022,Paroxetine Hydrochloride,Paroxetine,415092686,11524
407376071,3/11/2023,Paroxetine Hydrochloride,Paroxetine,685766483,11525
332573127,7/30/2023,LIDOCAINE HYDROCHLORIDE,Rite Aid Burn Relief,892466058,11526
890567543,2/16/2023,nafcillin sodium,Nafcillin,667805562,11527
574562559,8/2/2023,Furosemide,Furosemide,345421752,11528
181179485,8/17/2023,"hypromellose, tetrahydrozoline HCl, zinc sulfate",Rohto Relief,197677169,11529
269342070,3/29/2023,"Acetaminophen, Dextromethorphan Hydrobromide, Phenylephrine Hydrochloride",equate daytime,530103186,11530
771339834,7/1/2023,Multi Vitamin with Fluoride,Multi Vitamin with Fluoride,844561658,11531
680925510,6/13/2023,salicylic acid,G.M. Collin Complex Acne,316841341,11532
754915735,8/30/2023,Chlorpheniramine Maleate,Allergy,322114020,11533
670374437,12/25/2022,Homeopathic Liquid,Dental-Chord,631285783,11534
316045058,4/2/2023,OCTINOXATE,flormar REBORN DOUBLE RADIANCE PRIMER HIGHLIGHTER SUNSCREEN BROAD SPECTRUM SPF 10,747193545,11535
349413147,9/27/2023,Ibrutinib,IMBRUVICA,857842158,11536
493458121,9/1/2023,Aspirin,Pain Relief Aspirin,847421326,11537
459877212,2/4/2023,Esomeprazole magnesium,NEXIUM,422046345,11538
199982835,8/11/2023,"DEXTRAN 70, POLYETHYLENE GLYCOL 400, POVIDONE, TETRAHYDROZOLINE HCL",OPTICAL ADVANCED EYE,62674061,11539
417958880,10/7/2023,Loratadine,Claritin,601918930,11540
295523732,6/2/2023,"Formicum acidum, Gambogia, Natrum bicarbonicum, Natrum nitricum, Natrum Nitrosum, Natrum sulphuricum, Nux vomica, Phosphoricum acidum, Phytolacca decandra, Rosa canina, Saccharinum",Aller-Detox Food Additives and Preservatives,173607718,11541
781111203,2/19/2023,atorvastatin calcium,Atorvastatin Calcium,785973041,11542
299287501,6/12/2023,Phenazopyridine Hydrochloride,Phenazopyridine Hydrochloride,291078712,11543
372645975,8/7/2023,"Absinthium, Adenosinum cyclophosphoricum, Adrenalinum, Adrenocorticotrophin, Allium cepa, Ambrosia artemissfolia, Caulophyllum thalictroides, Conium maculatum, Cortisone aceticum, Euphrasia officinalis, Fagopyrum esculentum, Galphimia glauca, Histaminum hydrochloricum, Kali muriaticum, Melilotus officinalis, Mucosa nasalis suis, Natrum muriaticum, RNA, Rumex crispus, Sabadilla, Secale cornutum",AllergyEase Plains,425269856,11544
695761727,10/23/2023,"Aletris farinosa, Apis mellifica, Arnica montana, Belladonna, Caulophyllum thalictroides, Chamomilla, Cimicifuga racemosa, Ferrum metallicum, Kali carbonicum, Sabina, Secale cornutum, Viburnum opulus",Birth Ease,226934857,11545
903522810,2/14/2023,Sodium Fluoride,Rembrandt Canker Sore,120223760,11546
64649834,1/17/2023,ETHYL ALCOHOL,ORCHID BY H E B,448283482,11547
286813280,11/13/2023,"Fucus vesiculosus, Lycopodium clavatum, Natrum muriaticum, Spongia tosta, Thyroidinum",Homeopathic Thyroid Formula,170598357,11548
622007997,12/8/2022,Vasopressin,Vasopressin,421045209,11549
794956730,12/31/2022,Simvastatin,Simvastatin,607681595,11550
501887693,6/28/2023,"Baptisia tinctoria, Echinacea, Hydrastis canadensis, Lym D Nosode, Arsenicum album, Bryonia, Chelidonium majus, Colchicum autumnale, Kalmia latifolia, Ledum palustre, Lycopodium clavatum, Phosphorus, Rhus toxicodendron,",Lyme,889722477,11551
842039415,1/21/2023,TOPIRAMATE,TOPIRAMATE,203000145,11552
3656310,7/28/2023,House Dust,House Dust,62505395,11553
122892748,9/12/2023,Acetaminophen,childrens fever reducer and pain reliever,814755149,11554
540737015,2/4/2023,not applicable,Acne,981089876,11555
837517493,3/13/2023,Simvastatin,Simvastatin,333845615,11556
246977070,6/9/2023,Felbamate,Felbamate,553237679,11557
963696580,3/27/2023,Dimethicone,Kendall Moisture Barrier,204913870,11558
681378859,12/2/2022,ALCOHOL,Fast,206636350,11559
371971711,6/1/2023,Caffeine,Stay Awake,790878684,11560
312559297,11/21/2022,haloperidol,Haloperidol,975972568,11561
989089405,12/28/2022,"SODIUM PHOSPHATE, MONOBASIC, MONOHYDRATE, AND SODIUM PHOSPHATE, DIBASIC ANHYDROUS",Visicol,225299968,11562
444582180,12/9/2022,Clonidine Hydrochloride,Clonidine Hydrochloride,290533830,11563
13895437,6/18/2023,Acetaminophen,Extra Strength Acetaminophen,426101339,11564
736170966,5/31/2023,Naproxen Sodium,rx act all day pain relief,399388732,11565
964754686,2/16/2023,Hydroxyzine Hydrochloride,Hydroxyzine Hydrochloride,450658408,11566
560727429,9/2/2023,Levetiracetam,Levetiracetam,225825384,11567
79888423,12/29/2022,Benzethonium chloride,Lysol,88420477,11568
647038014,7/5/2023,methylphenidate hydrochloride,METHYLIN,915669969,11569
570869097,7/11/2023,ondansetron hydrochloride,ondansetron hydrochloride,298778071,11570
397618396,2/25/2023,Octinoxate and Titanium Dioxide,No7 Beautifully Matte Foundation Sunscreen Broad Spectrum SPF 15 Wheat,296897508,11571
378029901,10/25/2023,Doxycycline,Doxycycline,669017571,11572
242634818,9/15/2023,ALETRIS FARINOSA ROOT - ALDESLEUKIN - ALPHA LIPOIC ACID - ATOSIBAN - CHASTE TREE - COBALAMIN - COPPER - CORTICOTROPIN - COTTON - CYCLAMEN PURPURASCENS TUBER - DOPAMINE - FOLIC ACID - FOLLICLE STIMULAT,GUNA-VENUS,641421685,11573
616854067,9/14/2023,Crab,CRAB,952728246,11574
691093364,10/8/2023,ENALAPRIL MALEATE,ENALAPRIL MALEATE,73649927,11575
641951885,8/25/2023,Etodolac,Etodolac,671507928,11576
442323821,12/29/2022,Argentum Bryophyllum,Argentum Bryophyllum,286025845,11577
180107638,3/30/2023,FOSAPREPITANT DIMEGLUMINE,EMEND,304922871,11578
160863979,2/2/2023,Carvedilol,Carvedilol,582980783,11579
789795825,1/29/2023,Fentanyl Citrate,Fentanyl Citrate,288518803,11580
981240503,3/10/2023,"BENZOCAINE, ISOPROPYL ALCOHOL",MK Sting Relief Pads,484167075,11581
834924429,3/3/2023,ESCITALOPRAM OXALATE,Lexapro,772005956,11582
842438631,7/12/2023,White Oak,White Oak,264582659,11583
367060004,5/13/2023,Gabapentin,Gabapentin,592112447,11584
175439459,4/16/2023,Calendula officinalis,Calendula,894373636,11585
227729402,8/30/2023,Salt Grass,DISTICHLIS SPICATA POLLEN,497715155,11586
25416013,7/3/2023,Sulfamethoxazole and Trimethoprim,Bactrim,438624573,11587
102289362,3/27/2023,Mercurialis Calendula Healing,Mercurialis Calendula Healing,345715688,11588
161635100,3/4/2023,TITANIUM DIOXIDE,SHISEIDO THE MAKEUP FOUNDATION,132559883,11589
846513872,2/20/2023,Hydrocortisone Acetate Pramoxine Hcl,Hydrocortisone Acetate Pramoxine Hcl,967079673,11590
328911711,6/11/2023,ESLICARBAZEPINE ACETATE,Aptiom,477166121,11591
489527006,9/27/2023,False Ragweed Bur,AMBROSIA ACANTHICARPA POLLEN,182844422,11592
270526393,1/21/2023,GABAPENTIN,GABAPENTIN,547880674,11593
120571533,10/12/2023,"Zinc Oxide, Titanium Dioxide",Josie Maran Argan Daily Moisturizer SPF47 Protect and Perfect,995701962,11594
508805346,7/21/2023,Isopropyl Alcohol,Alcohol Prep Pad,741359872,11595
154448411,10/17/2023,Sennosides,Laxative pills,20314008,11596
238702139,1/23/2023,Aspirin,Low Dose Aspirin,646819878,11597
610113393,2/24/2023,Salicylic Acid,Salicylic Acid,886992264,11598
872161015,3/23/2023,captopril and hydrochlorothiazide,Captopril and Hydrochlorothiazide,798580686,11599
242980924,6/24/2023,Loratadine,kirkland signature allerclear,137845579,11600
532120877,1/13/2023,HYDROGEN PEROXIDE,Hydrogen Peroxide,844857052,11601
32655613,9/3/2023,"EUCALYPTOL, MENTHOL, METHYL SALICYLATE, THYMOL",Royal Mouthwash Fresh and Clean Original Mint,561739729,11602
404040600,11/15/2022,Hydrocodone Bitartrate and Acetaminophen,Hydrocodone Bitartrate and Acetaminophen,589802751,11603
463972829,2/19/2023,Aurum 6,Aurum 6,938341356,11604
812284032,11/8/2023,Torsemide,Torsemide,412252964,11605
696316096,11/17/2022,Acetaminophen and DIPHENHYDRAMINE HYDROCHLORIDE,Acetaminophen PM Rapid Release,688954037,11606
639734238,7/14/2023,Glycerin,Aqua Rush Cover Cushion,195133202,11607
986623950,4/27/2023,Methylphenidate hydrochloride,Concerta,993194584,11608
583157990,6/3/2023,light mineral oil and mineral oil,Soothe XP,751677696,11609
632221002,9/16/2023,Ibuprofen,ibuprofen,629097045,11610
736175321,5/28/2023,Brome Grass,Brome Grass,734762728,11611
287976736,8/18/2023,Morphine Sulfate,Morphine Sulfate,184662655,11612
597236130,11/10/2023,Titanium Dioxide,ESIKA,636811037,11613
775433990,11/29/2022,Diltiazem Hydrochloride,Diltiazem Hydrochloride,633502640,11614
654347166,1/6/2023,"Polyvinyl Alcohol, Povidone",REFRESH Classic,539492226,11615
747024555,11/23/2022,Bismuth subsalicylate,Stomach Relief,359353686,11616
734621422,4/13/2023,Pantoprazole Sodium,Pantoprazole Sodium,804688279,11617
708816922,8/1/2023,Hydrogen Peroxide,Hydrogen Peroxide,510708767,11618
725594002,2/3/2023,Allopurinol,Allopurinol,667148888,11619
260885583,1/12/2023,ALUMINUM CHLOROHYDRATE,Roll On Anti Perspirant,439725005,11620
374775741,3/21/2023,Guaifenesin,up and up childrens mucus relief,366580016,11621
716329104,3/9/2023,OCTINOXATE and TITANIUM DIOXIDE,Ceramide Lift and Firm Makeup Broad Spectrum Sunscreen SPF 15 Vanilla Shell,832436540,11622
577558059,10/3/2023,Doxazosin,Doxazosin,118189821,11623
327235437,7/1/2023,TECHNETIUM TC-99M SODIUM PERTECHNETATE,Technetium Tc99m Generator,142386290,11624
96173480,11/3/2023,Methylergonovine Maleate,Methylergonovine Maleate,10890207,11625
174487443,11/15/2022,Glycerin,Lubriderm Intense Skin Repair,364075393,11626
26871029,4/19/2023,"Acetaminophen, Diphenhydramine HCl, Phenylephrine HCl",Wal-Dryl Severe Allergy and Sinus Headache,841358317,11627
444896358,2/4/2023,Pseudoephedrine hydrochloride,Childrens Uniphed,830073825,11628
376740955,10/4/2023,Penicillin V Potassium,Penicillin V Potassium,616964315,11629
332319080,7/25/2023,"OCTINOXATE, ZINC OXIDE",Tropical Vanilla Body Sunscreen Broad Spectrum SPF 32,289140264,11630
295580481,1/7/2023,NOT APPLICABLE,Female Stimulant,564585080,11631
224576452,2/16/2023,"Aesculus, Cina, Croton, Fagopyrum, Kali sulph, Sulphur",Anal Itch Assist,425903349,11632
907269136,10/28/2023,Polyethylene Glycol 3350,Polyethylene Glycol 3350,79773476,11633
597593580,2/23/2023,Nicotine Polacrilex,Good Neighbor Pharmacy Nicotine,177646991,11634
677859883,8/7/2023,"Acetaminophen, Dextromethorphan Hydrobromide, Phenylephrine Hydrochloride",wal flu severe cold and cough,846745304,11635
701400803,8/15/2023,ETHYL ALCOHOL,Instant Hand Sanitizer Fresh Aloe,988770075,11636
846134136,5/17/2023,PROMETHAZINE HYDROCHLORIDE,PROMETHAZINE HYDROCHLORIDE,791742898,11637
973849613,11/27/2022,Sodium Fluoride,Burkhart,529288405,11638
647170996,1/26/2023,Estradiol,Estradiol,314273459,11639
18327677,2/10/2023,Ethyl Alcohol,Appeal Alcohol Foaming Hand Sanitizer,797445830,11640
849381731,3/5/2023,venlafaxine hydrochloride,Effexor,453787601,11641
44235147,11/16/2022,Enalapril Maleate,Vasotec,388503082,11642
913309351,3/3/2023,Ibuprofen,Ibuprofen,640029536,11643
387659324,8/15/2023,Risperidone,Risperidone,735342884,11644
865110024,3/31/2023,sumatriptan succinate,sumatriptan succinate,585713445,11645
506675805,6/10/2023,Hepatitis B Immune Globulin (Human),HepaGam B,393558923,11646
416321767,2/13/2023,phenobarbital elixir,Donnatal,757255325,11647
974913807,3/9/2023,hydrocortisone,Duane Reade,308646340,11648
603332554,3/17/2023,Venlafaxine Hydrochloride,Venlafaxine Hydrochloride,687945795,11649
939763697,2/2/2023,"ECHINACEA ANGUSTIFOLIA, ECHINACEA PURPUREA, ACONITUM NAPELLUS, ARNICA MONTANA, CALENDULA OFFICIANALIS, HAMAMELIS VIRGINIANA, BELLADONNA, BELLIS PERENNIS, CHAMOMILLIA, MILLEFOLIUM, HYPERICUM PERFORATUM, SYMPHYTUM OFFICINALE, COLCHICINUM",TRANZGEL,623031103,11650
72651913,2/1/2023,Titanium Dioxide,bareMinerals bareSkin Pure Brightening Serum Foundation Broad Spectrum SPF 20,876250646,11651
774258852,3/24/2023,Titanium Dioxide,Golden Medium Foundation SPF 15,344454710,11652
65579292,3/15/2023,"OCTINOXATE, TITANIUM DIOXIDE",CD DIORSKIN NUDE SKIN-GLOWING MAKEUP SUNSCREEN BROAD SPECTRUM SPF 15 063 Amber,995352285,11653
949299187,6/30/2023,Oxygen,Oxygen,973927366,11654
368679711,4/21/2023,nitroglycerin,NITROGLYCERIN,218742481,11655
827092263,1/18/2023,Octinoxate,No7 Lift and Luminate Foundation Sunscreen Broad Spectrum SPF 15 Deeply Beige,517790823,11656
519586999,1/7/2023,MIDAZOLAM HYDROCHLORIDE,Midazolam,964797340,11657
687807620,8/22/2023,simvastatin,simvastatin,575157065,11658
528039841,1/28/2023,ranitidine hydrochloride,ZANTAC,468469624,11659
534937297,3/3/2023,Wheat Smut,Wheat Smut,883643157,11660
663092903,5/26/2023,simvastatin,simvastatin,704435054,11661
979498836,5/3/2023,BENZALKONIUM CHLORIDE,CLEANpHIRST Alcohol Free Antiseptic Hand Sanitizer,948301490,11662
560724164,10/11/2023,DOXYCYCLINE,Doxy 100,992901019,11663
609005333,10/11/2023,oxybutynin,Oxytrol For Women,462510418,11664
483430600,8/4/2023,ATROPINE SULFATE,Atropine Sulfate,386514075,11665
659181148,2/20/2023,Mirtazapine,Mirtazapine,1590456,11666
910626098,8/25/2023,"OCTISALATE, TITANIUM DIOXIDE",FLAWLESS FINISH FOUNDATION,54935676,11667
311171704,8/6/2023,"Kali phos, Nat phos, Nat sulph",Triple Complex Mood Tonic,161105413,11668
86342595,8/28/2023,N-ACETYLGLUCOSAMINE,Cheon Shim Bo Yun,146106230,11669
366056535,3/7/2023,Loratadine,Loratadine,681225657,11670
408516699,4/19/2023,"Acetaminophen, Diphenhydramine HCl",Non-Aspirin PM,390007509,11671
493848503,1/27/2023,"Acetaminophen, Dextromethorphan Hydrobromide, and Phenylephrine Hydrochloride",DayQuil,648341355,11672
68782544,1/28/2023,"OCTISALATE, AVOBENZONE, HOMOSALATE",DAYWEAR,179766140,11673
545936628,5/9/2023,TITANIUM DIOXIDE and ZINC OXIDE,Mustela SPF 50,143586442,11674
106773189,2/21/2023,Aspirin,Safety Coated Enteric Aspirin,976032998,11675
758178489,10/2/2023,OCTINOXATE and TITANIUM DIOXIDE,SHISEIDO UV PROTECTIVE FOUNDATION,118190694,11676
599973552,6/6/2023,"Piperonyl Butoxide, Pyrethrum Extract",Lice Complete Kit,576286948,11677
346236492,11/24/2022,OCTINOXATE,flormar PERFECT COVERAGE FOUNDATION SUNSCREEN BROAD SPECTRUM SPF 15 106 Classic Ivory,235592819,11678
379288612,10/23/2023,Escitalopram,Escitalopram,190580163,11679
798785822,1/17/2023,Ethyl Alcohol,Waterless Anti-Bacterial Hand Cleanser,595786856,11680
494412744,1/24/2023,sulfacetamide sodium and sulfur,Sumadan,604700309,11681
713269179,7/23/2023,Valproate Sodium,Valproate Sodium,902219821,11682
588324427,2/1/2023,Oxymorphone Hydrochloride,OPANA,188976169,11683
147682400,12/2/2022,Prednisone,Prednisone,369442227,11684
227407039,9/11/2023,Salicylic Acid,Spot Repairing Serum,18906918,11685
668387637,1/21/2023,Cephalexin,Cephalexin,35693825,11686
459483348,9/1/2023,Guaifenesin and Dextromethorphan Hydrobromide,Siltussin DM,362364938,11687
251204737,5/1/2023,STANNOUS FLUORIDE,GINGIMED,973178479,11688
935632193,8/9/2023,Rho(D) Immune Globulin (Human),HyperRHO S/D Full Dose,421353640,11689
908093611,4/1/2023,"Chlorpheniramine maleate, Phenylephrine HCl",Sinus and Allergy Releif PE,665583477,11690
406551038,4/23/2023,"OCTINOXATE, TITANIUM DIOXIDE, OXYBENZONE",DiorSnow Light Veil 021 Linen SPF 20,672042085,11691
976199213,1/10/2023,Homeopathic Liquid,Colo-Chord,208512165,11692
352785434,3/8/2023,Hydromorphone Hydrochloride,EXALGO,696254421,11693
83621353,7/14/2023,Berberis Urtica,Berberis Urtica,785024059,11694
510688990,10/27/2023,Allantoin,Perfect Calming BB Remover,104852602,11695
540453638,12/19/2022,ciprofloxacin,ciprofloxacin,169056437,11696
704418072,1/13/2023,Chloroxylenol,Antimicrobial Hand Wash,353612846,11697
355668781,9/20/2023,Diclofenac Sodium,Diclofenac Sodium,623874543,11698
991648299,3/2/2023,"Zinc Oxide, Titanium Dioxide",supernatural airbrushed canvas broad spectrum spf 15 sunscreen,174674776,11699
829497834,11/16/2022,Naproxen,Naproxen,207832878,11700
763226793,11/26/2022,Alprazolam,Alprazolam,248029357,11701
971742313,9/29/2023,Acetaminophen and Diphenhydramine Citrate,Headache Relief PM,358243418,11702
725290432,11/29/2022,Citalopram Hydrobromide,Citalopram Hydrobromide,90632849,11703
84579475,12/6/2022,glipizide,Glipizide,998686365,11704
907570501,7/15/2023,Protriptyline Hydrochloride,Protriptyline Hydrochloride,819078814,11705
164150420,6/4/2023,PANTOPRAZOLE SODIUM,Pantoprazole Sodium Delayed-Release Delayed-Release,412893753,11706
247549439,12/14/2022,rizatriptan benzoate,rizatriptan benzoate,32778867,11707
546490937,9/20/2023,Isopropyl Alcohol,Isopropyl Rubbing Alcohol,930710192,11708
384384733,4/29/2023,"OCTINOXATE, OXYBENZONE, TITANIUM DIOXIDE, ZINC OXIDE",Surfers Skin Sunscreen,645199470,11709
561560932,1/13/2023,"AVOBENZONE, HOMOSALATE, OCTISALATE, OCTOCRYLENE, OXYBENZONE",BANANA BOAT,396282953,11710
609184778,10/23/2023,DIMETHICONE,By Pharmicell Lab Luxury Cell Performance,537457424,11711
98866391,9/24/2023,Aluminum Chlorohydrate,Suave,202267689,11712
899685884,8/12/2023,Venlafaxine,Venlafaxine,696593451,11713
361146666,1/30/2023,Nasal Throat Spray,Cold and Infection Defense,173354845,11714
83035294,3/8/2023,Voriconazole,Voriconazole,195955527,11715
408988146,1/23/2023,olanzapine,Olanzapine,467823139,11716
884749817,3/12/2023,Amiloride Hydrochloride and Hydrochlorothiazide,Amiloride Hydrochloride and Hydrochlorothiazide,446009214,11717
681421065,1/29/2023,"Butalbital, Acetaminophen, and Caffeine","Butalbital, Acetaminophen and Caffeine",404831768,11718
569494558,12/27/2022,Tetracaine Hydrochloride,TetraVisc,582248667,11719
134747644,6/25/2023,Diethylpropion Hydrochloride,Diethylpropion Hydrochloride,362633029,11720
326564666,5/15/2023,Zinc Oxide Dimethicone,Rash Relief,260717309,11721
608782820,9/27/2023,"Alfalfa, Laminaria digitata, Symphytum officinale, Ascorbic acid, Melatonin, Calcarea carbonica, Cuprum metallicum, Ferrum metallicum, Iodium,",EMF Protect and Balance,630281586,11722
623117164,8/10/2023,Miconazole Nitrate,Ting,895975590,11723
697819283,1/20/2023,VENLAFAXINE HYDROCHLORIDE,VENLAFAXINE HYDROCHLORIDE,816280609,11724
981872599,12/26/2022,Potassium Nitrate and Sodium Fluoride,Up and UP Sensitive Toothpaste Enamel Strengthening formula,239527640,11725
824071025,3/3/2023,ASPIRIN,ASPIRIN,362959196,11726
759409774,4/18/2023,Pancrelipase,Creon,524081774,11727
719084784,1/17/2023,Glycerin,Lemon Glycerin,982501745,11728
416517840,2/3/2023,Felodipine,Felodipine,786322265,11729
88469060,5/21/2023,meclizine hydrochloride,Meclizine Hydrochloride,469585889,11730
20251192,9/1/2023,nicotine polacrilex,NICORETTE,787573949,11731
912250234,3/31/2023,Ranitidine,Acid Reducer,346855516,11732
648637190,7/30/2023,calcium carbonate,Medi First Antacid,313267691,11733
627295430,7/11/2023,Olanzapine,Olanzapine,621609609,11734
574250864,3/22/2023,Fluconazole,Fluconazole,650036716,11735
954409582,4/24/2023,"Tolnafate, Triclosan",Nail MD,85032150,11736
637930041,12/3/2022,"SAMBUCUS NIGRA FLOWER, CALENDULA OFFICINALIS FLOWER, ECHINACEA ANGUSTIFOLIA",ORIGINAL HEALING,749112003,11737
67726324,8/24/2023,milnacipran hydrochloride,Savella,667496237,11738
886519362,6/28/2023,"BROMPHENIRAMINE MALEATE, DEXTROMETHORPHAN HYDROBROMIDE, PHENYLEPHRINE HYDROCHLORIDE",Altipres-B,498148613,11739
683599713,10/27/2023,Morphine Sulfate,Morphine Sulfate,648972547,11740
905133870,10/6/2023,Treatment Set TS344592,Treatment Set TS344592,804337980,11741
54807809,7/5/2023,DIMETHICONE,SNAYTOX ESSENCE BOOSTER,509309578,11742
918802160,4/25/2023,diltiazem hydrochloride,Diltiazem Hydrochloride,235463303,11743
326381769,6/15/2023,"brimonidine tartrate, timolol maleate",COMBIGAN,27255569,11744
629803972,7/11/2023,Haloperidol lactate,Haloperidol,532706040,11745
882643866,8/2/2023,standardized senna concentrate and docusate sodium,Senokot-S,692001184,11746
118409202,11/25/2022,Betamethasone Valerate,Betamethasone Valerate,142758365,11747
133660443,5/21/2023,Titanium Dioxide,Wet n Wild Fergie BB Cream SPF 15,82048598,11748
684964320,8/24/2023,ISOPROTERENOL HYDROCHLORIDE,Isuprel,174628396,11749
610564100,10/1/2023,Levocetirizine Dihydrochloride,Levocetirizine Dihydrochloride,560384589,11750
504987079,6/29/2023,Meprobamate,Meprobamate,624936117,11751
512286269,10/1/2023,Prednisone,Prednisone,398885724,11752
673495404,8/15/2023,bicalutamide,Bicalutamide,54328749,11753
931340413,6/5/2023,"Calc phos, Kali sulph, Nat sulphuricum",Triple Complex Diabetonic,992634308,11754
868337415,2/2/2023,WITCH HAZEL,MEDICATED-PADS Hemorrhoidal Pads with Witch Hazel,793003815,11755
185397112,11/8/2023,Carvedilol,Carvedilol,495787877,11756
227666653,1/15/2023,"OCTINOXATE, OCTOCRYLENE, OCTISALATE, and Avobenzone",Kinesys Broad Spectrum SPF 30 Alcohol-Free Performance Sunscreen - Fragrance Free,267743189,11757
701419932,7/5/2023,Salicylic Acid,Clearasil Ultra,55659397,11758
382541939,10/23/2023,Aspirin,Medi First Plus Aspirin,122404338,11759
11465808,3/15/2023,desipramine hydrochloride,Norpramin,77165315,11760
973249224,6/27/2023,Dextromethorphan,Delsym,275412918,11761
565773684,2/23/2023,Dextroamphetamine Sulfate,Dextroamphetamine Sulfate,828460468,11762
373457762,2/15/2023,Tolterodine Tartrate,Tolterodine Tartrate,556879037,11763
946066686,5/13/2023,SODIUM ACETATE,Sodium Acetate,514125439,11764
915915359,3/28/2023,Naproxen,Naproxen,727065332,11765
841220295,1/18/2023,Benzalkonium Chloride,First Aid Antiseptic,422709967,11766
891740419,1/4/2023,Aluminum Zirconium Tetrachlorohydrex GLY,Degree,355411103,11767
78096869,7/4/2023,Tetrahydrozoline hydrochloride,CVS Redness Relief Original,722061898,11768
10058585,6/3/2023,ACETAMINOPHEN,NON-ASPIRIN,834934164,11769
927826504,8/11/2023,"Measles, Mumps, Rubella and Varicella Virus Vaccine Live",ProQuad,399411276,11770
82201640,12/22/2022,siltuximab,SYLVANT,711641592,11771
679040922,3/15/2023,Lorazepam,Lorazepam,828018247,11772
8214143,3/3/2023,Titanium dioxide,CLE DE PEAU BEAUTE CREAM COMPACT FOUNDATION,220892804,11773
783014871,8/29/2023,CITALOPRAM,CITALOPRAM HYDROBROMIDE,927887398,11774
312694714,1/31/2023,Aspirin,Regular Strength Tri-Buffered Aspirin,196667880,11775
698528279,12/13/2022,"Camphor, Menthol, Methyl Salicylate",Yu Long You Pain Relieving,606450439,11776
365868447,2/28/2023,OCTINOXATE and TITANIUM DIOXIDE,PERFECTION LUMIERE VELVET,425822956,11777
514002217,7/15/2023,Donepezil Hydrochloride,Donepezil Hydrochloride,204069482,11778
377203045,5/19/2023,"ARBUTIN, ETHYLHEXYL METHOXYCINNAMATE",Dr Young 2p Brightening UV Sun Block SPF50 PA,783006925,11779
864680049,7/1/2023,Gabapentin,Gabapentin,663380934,11780
141844428,11/22/2022,isosorbide mononitrate,isosorbide mononitrate,370327248,11781
993787413,12/17/2022,Serotonin (Hydrochloride),Serotonin,751139588,11782
370116206,3/16/2023,Triclosan,Passion Flower Antibacterial Foaming Hand Wash,71234680,11783
881854347,5/15/2023,"norethindrone acetate, ethinyl estradiol and ferrous fumarate",GILDESS FE 1/20,158221518,11784
64369548,4/19/2023,Naproxen Sodium,All Day Pain Relief,610043626,11785
62065555,8/25/2023,Mango,Mango,302026565,11786
309780922,2/14/2023,Levothyroxine,Levothyroxine,614049323,11787
611166744,2/19/2023,"ascorbic acid, cholecalciferol, .alpha.-tocopherol, dl-, folic acid, pyridoxine hydrochloride, cyanocobalamin, calcium formate, ferrous asparto glycinate, magnesium oxide and doconexent",PRENATE DHA,146173247,11788
840874677,9/8/2023,Hydromorphone Hydrochloride,Hydromorphone Hydrochloride,447848844,11789
152363534,8/29/2023,Lidocaine Hydrochloride,Lidocaine Hydrochloride,962204244,11790
908799167,10/19/2023,SALICYLIC ACID,EQUALINE,58847187,11791
410720609,1/23/2023,ciprofloxacin hydrochloride,Ciprofloxacin,727571485,11792
599411168,11/11/2023,Povidone-iodine,Aplicare Povidone-iodine Scrub,387562934,11793
563841750,2/16/2023,Octreotide Acetate,Octreotide Acetate,578778803,11794
604208557,8/5/2023,Treatment Set TS346791,Treatment Set TS346791,852057075,11795
568849533,11/24/2022,baclofen,Lioresal,841305837,11796
994502402,8/5/2023,Octinoxate and Titanium Dioxide,LBEL NATURAL FINISH MOISTURIZING FOUNDATION SPF 25,163440809,11797
337884490,9/1/2023,Isosorbide mononitrate,Isosorbide Mononitrate,234840191,11798
379401887,11/29/2022,Lisinopril,Lisinopril,628295878,11799
37547453,3/29/2023,imipramine pamoate,TOFRANIL-PM,293277773,11800
445693930,10/12/2023,Pyrethrum Extract and Piperonyl Butoxide,LiceMD,380391051,11801
439203399,7/27/2023,GUAIFENESIN DEXTROMETHORPHAN,GUAIFENESIN DM,822119060,11802
375113928,5/18/2023,Cephalosporium,Cephalosporium,216341589,11803
316810608,4/2/2023,CEFPROZIL,CEFPROZIL,341005835,11804
248766555,6/16/2023,Pentoxifylline,Pentoxifylline,723143458,11805
254932529,7/27/2023,Tramadol Hydrochloride and Acetaminophen,Tramadol Hydrochloride and Acetaminophen,871416790,11806
116605209,6/18/2023,Tramadol Hydrochloride and Acetaminophen,Tramadol Hydrochloride and Acetaminophen,975198286,11807
291401558,5/12/2023,Naproxen,Naproxen,180585272,11808
33823587,5/5/2023,buprenorphine,Butrans,552127421,11809
207759652,3/29/2023,TRICLOSAN,ANTIBACTERIAL FOAMING,53267561,11810
852230860,2/12/2023,BENZETHONIUM CHLORIDE,Insti-Foam Sanitizer,488000191,11811
606552784,11/18/2022,Moexipril Hydrochloride and Hydrochlorothiazide,Moexipril Hydrochloride and Hydrochlorothiazide,172196320,11812
662580237,11/12/2023,clonidine hydrochloride,Clonidine Hydrochloride,394991105,11813
623742180,10/12/2023,Glycerin,Lemon Glycerin,673388522,11814
17838729,8/5/2023,Titanium Dioxide and Octinoxate,Eve Lom Radiance Perfected Tinted Moisturiser Broad Spectrum SPF 15 Sunscreen,524560183,11815
757496180,7/16/2023,Lisinopril,Lisinopril,454773624,11816
228275309,3/1/2023,Tobramycin,Tobramycin,237338496,11817
465157569,5/5/2023,Oxygen,Oxygen,558371102,11818
12770105,12/22/2022,Trandolapril,Trandolapril,174952221,11819
121688913,2/14/2023,"BACITRACIN ZINC, NEOMYCIN SULFATE, POLYMYXIN-B SULFATE",SHOPKO TRIPLE ANTIBIOTIC,958673895,11820
712985292,8/15/2023,Treatment Set TS348283,Treatment Set TS348283,15872130,11821
787869255,5/27/2023,BENZALKONIUM CHLORIDE,Anti-Bacterial Wipes,100833952,11822
664303690,1/29/2023,pomalidomide,Pomalyst,443049773,11823
342140108,2/3/2023,Docusate sodium and sennosides,Laxacin,373128023,11824
85930588,8/15/2023,Dipyridamole,Dipyridamole,583820076,11825
129986089,11/15/2022,Lycopodium Clavatum,Lycopodium Clavatum,16645202,11826
295784076,9/18/2023,"Acetaminophen, Chlorpheniramine Maleate and Phenylephrine HCl",Allergy Mutli-Symptom,358659356,11827
580911384,6/9/2023,ETHYL ALCOHOL,Spa Originals Instant Hand Sanitizer,767925392,11828
113919077,9/13/2023,"Arnica, Apis, Hepar Sulph, Hypericum, Ledum, Silicea",Infected Cuts and Punctures,442239244,11829
672934120,3/11/2023,"Acetaminophen, Dextromethorphan HBr, Doxylamine succinate, Phenylephrine HCl",Up and Up Cold Flu Relief Day Night,360962395,11830
384550996,7/12/2023,Promethazine Hydrochloride and Dextromethorphan Hydrobromide,Promethazine Hydrochloride and Dextromethorphan Hydrobromide,969926022,11831
388886075,7/25/2023,Triclosan,Olive Oil Antibacterial Foaming Hand Wash,760783680,11832
602030742,9/1/2023,PHOSPHORUS,Phosphorus,426150282,11833
94029214,6/6/2023,Clindamycin Hydrochloride,Clindamycin Hydrochloride,245156077,11834
990159038,7/5/2023,"Octinoxate, Titanium Dioxide",Neova DNA Damage Control - Silc Sheer,845135006,11835
77082600,11/25/2022,PYRITHIONE ZINC,Satinique Dandruff Control Hair Cleanser,95439846,11836
733500779,12/25/2022,Diethylpropion hydrochloride,Diethylpropion HCl Controlled-Release,491504279,11837
539046325,8/14/2023,Sodium Monofluorophosphate,Colgate Anticavity,561522838,11838
671063286,5/4/2023,Trandolapril,Trandolapril,63383900,11839
483721096,8/25/2023,ETHYL ALCOHOL,Antibactierial Hand Sanitizer,726967084,11840
168767817,4/21/2023,Divalproex Sodium,Divalproex Sodium,951806645,11841
499843032,11/25/2022,"Antihemophilic Factor, Human Recombinant",ADVATE,56796787,11842
228873423,5/21/2023,"Acetaminophen, Phenylephrine HCl, Dextromethorphan HBr, Chlorpheniramine maleate",Cold Multi-Symptom,592008114,11843
49711208,2/10/2023,Erythromycin,Erythromycin Base,737894934,11844
195543056,12/29/2022,Labetalol Hydrochloride,Labetalol Hydrochloride,642803844,11845
968529204,10/24/2023,Ciprofloxacin Hydrochloride,Ciprofloxacin,750433834,11846
71449088,6/28/2023,"Acetaminophen, Dextromethorphan Hydrobromide, Doxylamine Succinate",Good Sense night time,627864350,11847
976913668,3/11/2023,Cetirizine HCl,24-Hour All Day Allergy,222715264,11848
581110891,1/14/2023,Buspirone Hydrochloride,Buspirone Hydrochloride,649394034,11849
532807356,8/5/2023,Epicoccum nigrum,Epicoccum nigrum,591904943,11850
151394823,3/19/2023,Menthol,Flexall Pain Relieving,810238921,11851
126447834,1/8/2023,White Ash,White Ash,666059384,11852
760616210,6/12/2023,Diltiazem Hydrochloride,Diltiazem Hydrochloride,381282331,11853
622904785,1/5/2023,Paricalcitol,Paricalcitol,924528870,11854
785393695,12/19/2022,"Aconitum napellus, Arsenicum album, Baptisia tinctoria, Belladonna, Bryonia, Causticum, Echinacea, Eupatorium perfoliatum, Ferrum phosphoricum, Gelsemium sempervirens, Hydrastis canadensis,",Infect Rescue,86059531,11855
18935872,3/7/2023,Minocycline Hydrochloride,Minocycline Hydrochloride,407769727,11856
577828562,9/5/2023,BENZALKONIUM CHLORIDE,Hy5 Alcohol Free Fragrance Free Foaming Hand Sanitizer,282326788,11857
476799766,4/9/2023,"Homosalate, Octinoxate, Avobenzone and Octocrylene",LIPSTICK QUEEN ENDLESS SUMMER Broad Spectrum SPF 15 Sunscreen,186918018,11858
526461806,9/23/2023,Cetirizine Hydrochloride,Zyrtec,890414331,11859
781193254,5/31/2023,Escitalopram,Escitalopram,708402744,11860
776478100,3/7/2023,Sodium fluoride,ACT Anticavity Fluoride Kids Bubblegum,447124052,11861
120811548,8/25/2023,Cetylpyridinium chloride,Crest Pro-Health Multi-Protection,418087409,11862
718747937,7/21/2023,Risperidone,Risperidone,196178628,11863
760784565,4/23/2023,Tobacco Leaf,Tobacco Leaf,627492498,11864
976829706,9/3/2023,Quetiapine Fumarate,Quetiapine Fumarate,134474461,11865
733336987,7/1/2023,betamethasone valerate,Betamethasone Valerate,853201296,11866
265004036,12/15/2022,Metformin hydrochloride,Metformin hydrochloride,474252687,11867
860844044,9/26/2023,Loratadine,Childrens Loratadine,137137630,11868
426570652,6/22/2023,"AVOBENZONE, OCTINOXATE, and OCTISALATE",LAB SERIES SKINCARE FOR MEN DAILY MOISTURE DEFENSE BROAD SPECTRUM SPF 15,661910972,11869
397341561,3/17/2023,Morphine Sulfate,Morphine Sulfate,536786017,11870
704939453,3/17/2023,"Dihydrocodeine Bitartrate, Phenylephrine Hydrochloride, Guaifenesin",Donatuss,778253730,11871
964254321,9/24/2023,Aspirin,Flanax Aspirin Pain Reliever,518505968,11872
768531715,5/16/2023,peginterferon alfa-2b,PEGINTRON,707411426,11873
79849873,9/9/2023,Olanzapine,ZYPREXA,249741020,11874
112050774,11/3/2023,Glycerin,BEEVENOM EMULSION,783018434,11875
640655792,12/3/2022,"Calc sil, Echinacea, Hepar sulph, Silica mar, Sulfur iod",Boil-Rx,349597755,11876
819781736,5/14/2023,"acetaminophen, caffeine, dihydrocodeine bitartrate",Trezix,582503638,11877
937583169,4/13/2023,Bayberry Wax Myrtle,MORELLA CERIFERA POLLEN,759950584,11878
651954870,8/15/2023,Hydrocortisone,hydrocortisone,625735054,11879
957193537,1/20/2023,Alcohol,Harris Teeter,570818174,11880
622668493,3/1/2023,Hydrogen Peroxide,Hydrogen Peroxide,902124954,11881
827208536,3/5/2023,Ampicillin Sodium,Ampicillin,245274251,11882
629714906,8/17/2023,amitriptyline hydrochloride,Amitriptyline Hydrochloride,478632290,11883
198503727,7/4/2023,topiramate,Trokendi XR,500039825,11884
842240643,7/20/2023,phenylephrine hydrochloride and witch hazel,Leader,338587764,11885
92418185,3/5/2023,MEPROBAMATE,MEPROBAMATE,751396983,11886
171027756,8/18/2023,Minoxidil,Minoxidil,50742910,11887
992482953,3/1/2023,Omeprazole,leader omeprazole,165462262,11888
442485769,12/10/2022,Ibuprofen,Green Guard Ibupro Relief,863180058,11889
833206616,9/23/2023,Raspberry,Raspberry,102052438,11890
998381945,6/14/2023,TRICLOSAN,dalan OCEAN BREEZE antibacterial deodorant,871619181,11891
501687521,5/16/2023,Lidocaine,Premjact Male Desensitizer,423531147,11892
380160113,12/17/2022,Theophylline,Theophylline,187843865,11893
145283606,10/16/2023,Ovarium 6 Special Order,Ovarium 6 Special Order,667342061,11894
667838248,12/10/2022,Isoniazid,Isoniazid,140472123,11895
745642011,5/19/2023,Guaifenesin,MUCUS RELIEF,966654090,11896
391371243,2/7/2023,Sodium Fluoride,Ludent,196472497,11897
325851640,11/15/2022,"Acetaminophen, Aspirin, and Caffeine",Bayer Migraine Formula,353386211,11898
519352015,10/16/2023,PROPRANOLOL HYDROCHLORIDE,PROPRANOLOL HYDROCHLORIDE,980884320,11899
958079043,4/19/2023,"Acetaminophen, dextromethorphan HBr, doxylamine succinate, phenylephrine HCl",Topcare Nite Time Day Time,846986230,11900
194462625,6/17/2023,Salicylic Acid,salicylic acid,376436306,11901
435417071,4/17/2023,Bupropion Hydrochloride,Bupropion Hydrochloride,942341893,11902
150123663,9/28/2023,Fenofibric Acid,FIBRICOR,521982124,11903
486892455,8/7/2023,TRICLOSAN,Dial Pomeganate and Tangerine Antibacterial Soap,927918713,11904
904768403,9/26/2023,"Serotonin,",Serotonin,781909731,11905
446995489,3/31/2023,Ethyl Alcohol,Instant Hand Sanitizer,547279741,11906
541972642,11/9/2023,CASTOR OIL,LEADER Castor,215793399,11907
600736399,5/7/2023,Naproxen,Naproxen,486924060,11908
48241537,8/6/2023,montelukast sodium,Montelukast Sodium,148654152,11909
968470230,1/22/2023,SODIUM FLUORIDE,Anticavity Fluoride Rinse,197898918,11910
817682976,11/3/2023,"Avobenzone, Homosalate, Octinoxate, Octisalate, Oxybenzone",Tahitian Noni,160534729,11911
576160026,9/9/2023,Homeopathic Liquid,ReHydration,653097176,11912
600458655,6/7/2023,Clonazepam,Clonazepam,121001453,11913
14729337,7/24/2023,Ropinirole Hydrochloride,Ropinirole Hydrochloride,606965170,11914
826824829,4/8/2023,Botrytis cinerea,Botrytis cinerea,637796172,11915
745382784,5/10/2023,Sisal,Sisal,435260700,11916
339404484,3/23/2023,Meloxicam,Meloxicam,706180084,11917
858722699,3/31/2023,simvastatin,Simvastatin,623294770,11918
928172777,12/3/2022,"Acetaminophen, dextromethorphan HBr, doxylamine succinate, phenylephrine HCl",Day Night Cold and Flu,660125232,11919
993616157,2/2/2023,Dimethicone,Kendall Moisturizing,768934003,11920
356077440,5/12/2023,SIMVASTATIN,ZOCOR,350104204,11921
391391735,4/29/2023,"OCTINOXATE, TITANIUM DIOXIDE, and ZINC OXIDE",IOPE RETIGEN MOISTURE TWIN CAKE NO.23,484172695,11922
433534460,12/4/2022,Hydrocortisone,Family Wellness Maximum Strength Hydrocortisone,883839913,11923
545446823,5/2/2023,Amoxicillin,Amoxicillin,488400609,11924
716542496,9/15/2023,methimazole,Methimazole,625023306,11925
328967704,8/25/2023,ranolazine,Ranexa,829378323,11926
995873062,7/29/2023,Ranitidine,cool mint acid reducer,738299771,11927
384101798,10/8/2023,doxycycline hyclate,Morgidox,76270626,11928
205906209,3/22/2023,Trazodone Hydrochloride,Trazodone Hydrochloride,881194918,11929
302805846,7/15/2023,POVIDONE-IODINE,Povidone Iodine,890556032,11930
210624318,3/8/2023,Hydrocortisone Acetate,Gadaderm Hydrocortisone,655152320,11931
501053955,4/16/2023,Naproxen sodium,health mart naproxen sodium,734169746,11932
390953777,10/20/2023,Calcium carbonate,Sunmark smooth antacid,37776151,11933
297815792,4/25/2023,Neostigmine Methylsulfate,Neostigmine Methylsulfate,929970592,11934
54714811,8/18/2023,sertraline hydrochloride,Sertraline Hydrochloride,946192834,11935
690645100,8/4/2023,THIAMINE HYDROCHLORIDE,Thiamine,880451231,11936
219232192,1/19/2023,Chlordiazepoxide Hydrochloride,Chlordiazepoxide Hydrochloride,415234328,11937
136451256,1/13/2023,Ferrous Sulfate,Ferrous Sulfate,666654684,11938
944985595,8/8/2023,Ibuprofen,Childrens Ibuprofen,583467087,11939
901957228,7/31/2023,diphenoxylate hydrochloride and atropine sulfate,Diphenoxylate Hydrochloride and Atropine Sulfate,527249909,11940
386849291,1/31/2023,Nitrous Oxide,Nitrous Oxide,14394039,11941
930662332,6/20/2023,Levothyroxine sodium,Levothyroxine sodium,218900712,11942
603403273,8/10/2023,Oxytocin,Oxytocin,300141645,11943
775537436,12/15/2022,Bismuth subsalicylate,Leader Stomach Relief,630381666,11944
66019639,4/2/2023,"OCTINOXATE, TITANIUM DIOXIDE, ZINC OXIDE",SnowSkin Sunscreen Zinc,786152038,11945
230633368,9/8/2023,Metronidazole,Metronidazole,858357322,11946
604607254,7/3/2023,"phenylephrine hcl, brompheniramine maleate",dg health cold and allergy,22415356,11947
663015605,4/11/2023,Atropine Sulfate,Atropine Sulfate,366151155,11948
802501974,9/14/2023,Flumazenil,Flumazenil,954313360,11949
237566859,3/6/2023,ALCOHOL,Instant Hand Sanitizer With Aloe and Vitamin E,386026887,11950
585745370,12/30/2022,magnesium hydroxide,SUNMARK MILK OF MAGNESIA MINT,324923515,11951
3232695,5/29/2023,Rat Epithelium,Rat Epithelium,943575883,11952
497968230,9/14/2023,Simethicone,Extra Strength Gas Relief,883167311,11953
951162148,1/10/2023,Aluminum Zirconium Tetrachlorohydrex GLY,Suave,731826895,11954
218822694,4/27/2023,Octinoxate and Oxybenzone,LBEL COULEUR LUXE AMPLIFIER XP,703959081,11955
216038628,1/3/2023,Aluminum Zirconium Tetrachlorohydrex GLY,Degree,744223687,11956
408581588,1/25/2023,TITANIUM DIOXIDE and ZINC OXIDE,ZO SKIN HEALTH,612258223,11957
830589708,10/27/2023,Sodium Monofluorophosphate,Morning Fresh,709888692,11958
244843522,11/12/2023,TECHNETIUM TC-99M SODIUM PERTECHNETATE,Technetium Tc99m Generator,669229183,11959
83956336,11/6/2023,Eszopiclone,Eszopiclone,858823891,11960
667292344,12/22/2022,baclofen,Gablofen,654723307,11961
313315230,6/21/2023,Fluoxetine Hydrochloride,Fluoxetine,63960445,11962
290694386,3/23/2023,Dicloxacillin Sodium,Dicloxacillin Sodium,42843440,11963
551641634,8/1/2023,Octinoxate and Titanium Dioxide,NARS ALL DAY LUMINOUS FOUNDATION,819407643,11964
578227703,3/2/2023,Penicillin V Potassium,Penicillin V Potassium,25927147,11965
609288834,9/22/2023,Lorazepam,Lorazepam,353202695,11966
415094585,3/28/2023,KETOROLAC TROMETHAMINE,KETOROLAC TROMETHAMINE,747592361,11967
826593984,9/18/2023,"OCTINOXATE, TITANIUM DIOXIDE",Rimmel London,627415781,11968
212119027,9/25/2023,Cisplatin,Cisplatin,18573610,11969
230991545,4/18/2023,Lamivudine and Zidovudine,Lamivudine and Zidovudine,39917989,11970
438271467,8/14/2023,Beef Bovine spp.,"Food - Animal Products and Poultry Products, Beef Bovine spp.",878378933,11971
990556088,11/25/2022,VENLAFAXINE HYDROCHLORIDE,VENLAFAXINE HYDROCHLORIDE,879106274,11972
11062866,4/28/2023,EPICOCCUM NIGRUM,EPICOCCUM NIGRUM,454491716,11973
889647053,9/2/2023,ESZOPICLONE,Lunesta,483478758,11974
630004724,8/15/2023,"Acetaminophen, Chlorpheniramine maleate, Dextromethorphan HBr, Phenylephrine HCl",cold relief,572319515,11975
872337423,4/22/2023,Cayenne Pepper,Cayenne Pepper,366575206,11976
222165261,4/15/2023,Methocarbamol,Methocarbamol,846657317,11977
243591285,8/15/2023,triamterene and hydrochlorothiazide,Triamterene and Hydrochlorothiazide,25021711,11978
763490710,5/8/2023,Pioglitazone,Pioglitazone,74695298,11979
820113207,5/6/2023,Ciprofloxacin,Ciprofloxacin,147212329,11980
970860805,3/10/2023,Chloroxylenol,VioNex,811639771,11981
916822126,1/21/2023,Acyclovir Sodium,Acyclovir Sodium,331010101,11982
846094085,2/4/2023,bisacodyl,Bisacodyl,2297959,11983
403107675,12/22/2022,"Beta vulgaris, Carduus marianus, Taraxacum officinale, Cholesterinum, Fel tauri, Chelidonium majus, Lycopodium clavatum,",Hepastat,934262350,11984
357515682,10/23/2023,TITANIUM DIOXIDE,PHYTOGENIC INFINITE MAKEUP BASE,290461967,11985
920818614,10/5/2023,Doxazosin,Doxazosin,900240510,11986
289381070,5/18/2023,Aluminum Zirconium Pentachlorohydrex Gly,RG TD5 Inv.Solid Antiperspirant Deodorant Cooling,973387827,11987
787922866,8/8/2023,Risperidone,Risperidone,681948800,11988
278002978,4/2/2023,febuxostat,ULORIC,178145847,11989
887948857,7/11/2023,"BENZALKONIUM CHLORIDE, POVIDONE-IODINE, ACETAMINOPHEN, ASPIRIN, DIPHENHYDRAMINE HYDROCHLORIDE, IBUPROFEN, BACITRACIN ZINC, NEOMYCIN SULFATE, POLYMYXIN B SULFATE",Mountain Series Weekender Medical,187208422,11990
945715198,12/5/2022,Duck Feathers,Duck Feathers,341300963,11991
657859842,6/4/2023,Clonidine,Nexiclon XR,56390042,11992
151626072,3/2/2023,"OCTINOXATE, ZINC OXIDE",Vanilla Latte Tinted Moisturizer Broad Spectrum SPF 25 Sunscreen Light,590508251,11993
719293060,4/1/2023,Diaper Rash Treatment,Bye Bye Diaper Rash,935388170,11994
117357365,7/3/2023,Cyclobenzaprine Hydrochloride,Cyclobenzaprine Hydrochloride,969405591,11995
833102407,4/6/2023,Oxygen,Oxygen,381131738,11996
362852210,5/27/2023,Mometasone Furoate,Mometasone Furoate,592055135,11997
740899269,11/16/2022,PredniSONE,PredniSONE,599939092,11998
394438088,9/23/2023,Alcohol,HAND SANITIZER,207667394,11999
889044800,5/6/2023,Salicylic Acid,Neutrogena Oil Free Moisture,447750689,12000
497106257,6/13/2023,"Dextromethorphan Hydrobromide, Guaifenesin",Good Sense Childrens Mucus Relief Cough,429411258,12001
408577266,4/8/2023,Galantamine,Galantamine,797862327,12002
2409334,1/7/2023,"ZINC OXIDE, OCTINOXATE, TITANIUM DIOXIDE",NOEVIR N5,479407967,12003
353677209,7/4/2023,Fluoxetine hydrochloride,Prozac,210876543,12004
343965990,3/19/2023,"AVOBENZONE, OCTOCRYLENE, OXYBENZONE",HAWAIIAN Tropic,604515794,12005
242936040,11/27/2022,Trichophyton Mentagrophytes,TRICHOPHYTON MENTAGROPHYTES,989879335,12006
756298882,9/22/2023,Nicotine Polacrilex,nicotine,220735964,12007
171657244,6/1/2023,Ruta Graveolens,Pain Relief,808413564,12008
613968411,11/2/2023,"acetaminophen, dextromethorphan hydrobromide, guaifenesin, and phenylephrine hydrochloride",Childrens Delsym,829467866,12009
271806562,2/9/2023,Ampicillin Sodium,Ampicillin,188513616,12010
235147950,3/17/2023,Cimetidine,Cimetidine,901854803,12011
478426857,9/7/2023,Glimepiride,Glimepiride,491919538,12012
295919907,1/19/2023,Mucor plumbeus,Mucor plumbeus,659724148,12013
657399829,5/3/2023,Nicotine Polacrilex,nicotine,145389062,12014
565819314,10/2/2023,Primaquine Phosphate,Primaquine Phosphate,776243688,12015
423615432,11/25/2022,spironolactone,Spironolactone,184592138,12016
427381682,1/28/2023,Sword Fish,Sword Fish,621004408,12017
425004667,2/6/2023,ARSENIC TRIOXIDE,ARSENICUM ALBUM,252815187,12018
325144382,8/30/2023,nifedipine,Nifedipine,545455312,12019
226273392,9/6/2023,Metoclopramide,Metoclopramide,523320726,12020
38951085,8/13/2023,Aspirin,Aspirin,598563519,12021
725681819,2/14/2023,Alendronate Sodium,Alendronate Sodium,937545077,12022
455155097,4/14/2023,Peanut,Peanut,99096823,12023
538183510,10/20/2023,Diltiazem Hydrochloride Extended-Release Tablets,Diltiazem Hydrochloride,436995951,12024
284049780,3/14/2023,Amoxicillin,Amoxicillin,42423535,12025
422653031,11/29/2022,hydrocodone bitartrate,Zohydro,806821599,12026
427415199,4/2/2023,Ibuprofen,Ibuprofen,428044745,12027
139233221,12/14/2022,prazosin hydrochloride,Prazosin Hydrochloride,585156219,12028
250835853,8/17/2023,"Acetaminophen, Chlorpheniramine Maleate, Dextromethorphan HBr, Phenylephrine HCl",multi symptom cold relief,960806565,12029
876500628,5/21/2023,".Alpha.-Tocopherol Acetate, DL-, Ascorbic Acid, Cyanocobalamin, Sodium Fluoride, Folic Acid, Niacin, Pyridoxine, Riboflavin, Thiamine, Vitamin A, and Vitamin D",Multivitamin with fluoride,376111879,12030
863409933,9/13/2023,Not applicable,Enviroclenz,246164908,12031
606061785,7/1/2023,Yellow Dock,Yellow Dock,208177476,12032
415866127,8/18/2023,Oxygen,Oxygen,35575624,12033
924676133,3/10/2023,NAJA NAJA VENOM,NYLOXIN,255011495,12034
707648784,8/14/2023,PSYLLIUM HUSK,equate Sugar Free Fiber Therapy Smooth Texture Orange Flavor,204613429,12035
805635015,10/5/2023,Pyrithione Zinc,LBEL,3920046,12036
485089362,11/11/2023,Hydrocortisone,healthy accents cortisone,730244038,12037
448756554,3/9/2023,diphenhydramine citrate and ibuprofen,sunmark ibuprofen pm,907809267,12038
669697225,3/8/2023,Acetaminophen,Pain and Fever,328484013,12039
345173546,7/29/2023,Aluminum Sesquichlorohydrate,CYZONE,154597673,12040
364544781,1/23/2023,"Calc phos, Kali sulph, Nat sulphuricum",Triple Complex Glucose Control,697094684,12041
517422240,1/14/2023,"Octinoxate, Octisalate, and Oxybenzone",Neutrogena OIl Free Moisture,929063617,12042
636681870,1/26/2023,APIOLUM,APIOLUM,603095791,12043
29988551,1/3/2023,adenosine,Adenosine,333820060,12044
497638317,3/4/2023,Ondansetron HCL,Ondansetron HCL,682607507,12045
450682005,4/15/2023,Fexofenadine HCl,Allergy Relief,994855858,12046
954218805,11/21/2022,Miconazole Nitrate,Monistat 1 Combination Pack,592374001,12047
685575616,7/8/2023,Fluoxetine,Fluoxetine,273416192,12048
510585577,12/3/2022,Treatment Set TS346620,Treatment Set TS346620,364249880,12049
306897816,5/16/2023,"TRIBASIC CALCIUM PHOSPHATE, MATRICARIA RECUTITA, ARABICA COFFEE BEAN, ATROPA BELLADONNA, MAGNESIUM PHOSPHATE, DIBASIC TRIHYDRATE, SILICON DIOXIDE, and RHEUM OFFICINALE ROOT",NIGHTTIME TEETHING,273661298,12050
68767149,5/1/2023,Levothyroxine sodium,Levothyroxine sodium,65371072,12051
425210336,9/5/2023,Oxymetazoline HCl,nasal,180138867,12052
916490281,2/26/2023,Dermatophagoides pteronyssinus,STANDARDIZED MITE D PTERONYSSINUS,155537626,12053
87184498,9/30/2023,Aluminum Zirconium Tetrachlorohydrex GLY,Degree Women UltraClear Pure Rain,506688784,12054
852133997,4/30/2023,Hydrocortisone,Scalpicin,71090443,12055
787929590,4/28/2023,CAULOPHYLLUM THALICTROIDES,CAULOPHYLLUM THALICTROIDES,394352457,12056
803450269,2/26/2023,Benzocaine,Lollicaine Pina Colada,581906070,12057
695175759,3/17/2023,flurazepam hydrochloride,Flurazepam Hydrochloride,719019779,12058
221760789,9/6/2023,Ibuprofen,sunmark ibuprofen,649261849,12059
53633777,9/23/2023,tetrahydrozoline HCl,Redness reliever,333221560,12060
834169277,9/7/2023,TRETINOIN,TRETIN.X,372813190,12061
301507928,8/27/2023,Phenazopyridine,Phenazopyridine Hydrochloride,85007457,12062
873371236,10/8/2023,Beractant,Survanta,388072192,12063
513036315,10/25/2023,Benzalkonium Chloride,Kleenex Foam Antibacterial Skin Cleanser,502880069,12064
27187572,10/16/2023,Donepezil Hydrochloride,Donepezil Hydrochloride,403168081,12065
398663336,12/12/2022,Menthol,Cryogel Island Rain Natural Pain Relieving,444020272,12066
194328808,12/11/2022,Acetaminophen,Extra Strength Acetaminophen,643925198,12067
277780574,7/7/2023,TOPIRAMATE,TOPIRAMATE,395843428,12068
842915162,11/5/2023,Tuna Fish,Tuna Fish,567334355,12069
987839155,8/22/2023,Earwax Removal Kit,Earwax Removal Kit,388051628,12070
546736957,12/5/2022,naproxen,Naprosyn,390924633,12071
954165628,10/18/2023,TITANIUM DIOXIDE,CLARINS Broad Spectrum SPF 15 Sunscreen Extra-Firming Foundation Tint 108,416720452,12072
119537419,4/7/2023,TITANIUM DIOXIDE,CLARINS Ever Matte Broad Spectrum SPF 15 Tint 107,797659316,12073
586744017,6/27/2023,PRIMIDONE,PRIMIDONE,752517319,12074
298509707,4/2/2023,Progesterone Injection,Progesterone Injection,47866943,12075
42648016,8/1/2023,Salicylic Acid,Acne and Blemish Target,877265404,12076
947156628,5/29/2023,Fluoxetine Hydrochloride,Fluoxetine,228493718,12077
308786299,6/2/2023,Venlafaxine Hydrochloride,Venlafaxine Hydrochloride,806283022,12078
454383847,9/23/2023,QUETIAPINE FUMARATE,QUETIAPINE FUMARATE,939205933,12079
982052424,8/9/2023,"Acetaminophen, Aspirin, Caffeine",Smart Sense migraine relief,257708969,12080
952085204,7/26/2023,"Acetaminophen, Dextromethorphan HBr, Phenylephrine HCl",Cold Head Congestion Daytime Non-Drowsy,883510909,12081
881267372,7/24/2023,nifedipine,nifedipine,472481729,12082
271259766,2/21/2023,fluconazole,Diflucan,780975441,12083
505521120,5/1/2023,povidone-iodine,Povidone Iodine,873684294,12084
159206232,9/12/2023,"Arnica, Apis, Hepar Sulph, Hypericum, Ledum, Silicea",Infected Cuts and Punctures,318485506,12085
451205447,11/21/2022,light mineral oil and mineral oil,Soothe XP,970283344,12086
357454314,12/8/2022,Fenofibric Acid,Trilipix,813290433,12087
388634783,11/29/2022,Ibuprofen,Ibuprofen,684321934,12088
140081176,2/23/2023,Antihemophilic Factor Recombinant,Recombinate,396824525,12089
844721343,11/26/2022,Miconazole nitrate,Baza Antifungal,747195788,12090
491192690,1/1/2023,MALATHION,OVIDE,738184994,12091
510936819,11/29/2022,Ibuprofen,Ibuprofen,306449774,12092
603527018,1/18/2023,Benzalkonium Chloride,Antibacterial Foaming Hand,31093536,12093
693435088,5/18/2023,Quetiapine fumarate,Quetiapine fumarate,443159557,12094
668350701,6/5/2023,"Dextromethorphan Hydrobromide, Guaifenesin",Good Neighbor Pharmacy Tussin dm,505834958,12095
615674929,12/20/2022,ciprofloxacin,Ciprofloxacin,732127954,12096
44038450,5/18/2023,Labetalol hydrochloride,Labetalol hydrochloride,203291276,12097
294791092,1/29/2023,CLOSTRIDIUM TETANI TOXOID ANTIGEN (FORMALDEHYDE INACTIVATED),TETANUS TOXOID ADSORBED,699496459,12098
201274492,3/13/2023,Bismuth Subsalicylate,Bismuth Subsalicylate,384857728,12099
791480689,1/12/2023,Homeopathic Sublingual Immunotherapy,Allergena,820763212,12100
670291414,5/15/2023,Petrolatum,Care One Medicated Lip Balm in a Pot,632031678,12101
936577767,11/15/2022,"Elaps corallinus, Aconitum nap.,Aur. met., Baryta carb., Belladonna, Crotalus horridus, Gelsemium, Hamamelis, Lachesis, Merc. viv.,Phosphorus, Picricum ac., Plumbum met., Pulsatilla,Rhus toxicodendron, Stramonium, Theridion, Euphrasia",Macular Degeneration,45145366,12102
946920632,5/29/2023,"Naproxen sodium, Pseudoephedrine HCl",Good Neighbor Pharmacy Sinus and Cold D,404231713,12103
659685884,12/27/2022,Theraflu Nighttime,Flu Relief Therapy Night Time,769193118,12104
394723032,8/25/2023,Nitrogen,Nitrogen,858031186,12105
307784313,10/3/2023,"DEXTROMETHORPHAN HYDROBROMIDE, GUAIFENESIN",Tussin DM,666404959,12106
417615488,12/23/2022,pioglitazone and glimepiride,Duetact,995167361,12107
836163506,10/18/2023,Oxymetazoline HCl,nasal mist,969806601,12108
147722291,12/21/2022,Magnesium citrate,Magnesium Citrate,161179524,12109
921386868,5/11/2023,Poverty Weed,Poverty Weed,587742970,12110
290666718,10/21/2023,Lovastatin,Lovastatin,312156718,12111
540036846,2/16/2023,Ibuprofen,Ibuprofen,800183744,12112
588424005,2/25/2023,Wheat Smut,Wheat Smut,582841888,12113
259670692,3/13/2023,lorazepam,Lorazepam,5567131,12114
606783373,7/11/2023,simethicone,gas relief,505693890,12115
439951387,6/18/2023,Irbesartan,Irbesartan,791250786,12116
672276676,5/13/2023,Titanium Dioxide and Zinc Oxide,Purminerals 4-in-1 Mineral Tinted Moisturizer Broad Spectrum SPF 20 (LIGHT),130571109,12117
677794415,2/10/2023,Oxygen,Oxygen,875417523,12118
814671755,2/26/2023,Norethindrone,Norethindrone,842734890,12119
231613109,3/23/2023,SODIUM BICARBONATE,Neut Sodium Bicarbonate,533119949,12120
355010798,12/10/2022,Nabumetone,Nabumetone,240344681,12121
328792628,5/9/2023,amlodipine besylate and olmesartan medoxomil,Azor,966324907,12122
97042407,9/13/2023,"Acetaminophen, Dextromethorphan HBr, Phenylephrine HCl, Doxylamine succinate",Cold and Flu,267175698,12123
308865076,12/20/2022,"polyethylene glycol, propylene glycol",Eye Lubricant,789751037,12124
449718899,5/24/2023,SODIUM FLUORIDE and TRICLOSAN,Colgate,864220310,12125
482471694,5/9/2023,"acetaminophen, dextromethorphan hydrobromide and doxylamine succinate",McKesson Nite Time,734341774,12126
446170938,8/3/2023,"hyoscyamine sulfate, methenamine, methylene blue, phenyl salicylate, and sodium phosphate, monobasic, monohydrate",Urelle,864719756,12127
521030252,9/13/2023,"Octinoxate, Octisalate, and Titanium Dioxide",09 Balancing Foundation,697049992,12128
203840163,5/12/2023,Neomycin Sulfate,Antibiotic,187125560,12129
798337305,8/19/2023,"Butalbital, Aspirin, Caffeine, and Codeine Phosphate",Fiorinal with Codeine,28045487,12130
119101680,3/28/2023,"Acetaminophen, Dextromethorphan HBr, Doxylamine succinate",Nighttime,558447165,12131
409650745,7/4/2023,"Acetaminophen, Phenylephrine HCl",equate sinus,908185378,12132
234430210,9/5/2023,"Octocrylene, Avobenzone",SPF-15 Sunscreen,495424841,12133
142809365,2/25/2023,Dicloxacillin Sodium,Dicloxacillin Sodium,752047936,12134
899760267,4/3/2023,Fragaria Vitis Liver Support,Fragaria Vitis Liver Support,313519494,12135
503497595,10/15/2023,Calcitriol,Calcitriol,520593545,12136
832651281,9/20/2023,"Boldo, Carduus Marianus, Curcuma Longa, Echinacea, Taraxacum Officinale, Magnesia Phosphorica, Gallbladder",Liver Tonic II,110191095,12137
659391801,6/14/2023,icatibant acetate,Firazyr,676935066,12138
377100876,8/30/2023,paroxetine hydrochloride,PAXIL,61612635,12139
685139579,5/13/2023,alcohol,Clear Defense,760052236,12140
881690775,7/21/2023,"Calcium citrate, Iron pentacarbonyl, Cholecalciferol, .Alpha.-Tocopherol, Dl-, Pyridoxine hydrochloride, Folic Acid, Docusate Sodium, and Doconexent",CitraNatal Harmony 3.0,758646284,12141
430431981,8/6/2023,Citalopram hydrobromide,Citalopram hydrobromide,223365582,12142
351818361,4/29/2023,"Acetylcholine chloride, Dopamine, GABA, Octopamine, Serotonin, Taurine, Adenosinum cyclophosphoricum, Cerebrum (suis), Diencephalon (suis), Pineal gland (suis), Thalamus opticus (suis),",Brain Blance Core Formula,715222613,12143
894651423,8/2/2023,Diltiazem HCl,Diltiazem HCl,974261172,12144
338046042,12/24/2022,Treatment Set TS128811,Treatment Set TS128811,455378373,12145
245452192,7/24/2023,GABAPENTIN,GABAPENTIN,993573279,12146
667105932,7/21/2023,Bismuth subsalicylate,stomach relief,429524030,12147
826729846,4/10/2023,"Acetaminophen, dextromethorphan HBr, guaifenesin, Phenylephrine HCl",HealthMart Mucus Relief FM,503292829,12148
995457920,4/11/2023,Polyethylene Glycol 400,CVS Long Lasting Lubricant Eye,526234604,12149
282618318,9/25/2023,"Norethindrone Acetate and Ethinyl Estradiol, and Ferrous Fumarate",Tilia Fe,389263482,12150
596043592,5/24/2023,Stannous Fluoride,Home Care Fluoride,423750746,12151
448387542,9/15/2023,ZOLPIDEM TARTRATE,ZOLPIDEM TARTRATE,167149706,12152
182767711,2/16/2023,Allantoin,Whitening Repairing Cover Cushion,725148885,12153
46721888,1/5/2023,"Triticum aestivum, Chelidonium majus, Taraxacum officinale, Glutathione, Hepar suis, Thyroidinum (suis), Lycopodium clavatum, Nux vomica, Phosphoricum acidum,",Hepatatox,271367290,12154
590664994,7/12/2023,Calcium carbonate,Antacid,360920760,12155
945848506,1/8/2023,Sepia,Sepia,351155334,12156
399412928,3/27/2023,Gerbil Epithelium,Gerbil Epithelium,398053484,12157
553565185,1/25/2023,DIPHENDYDRAMINE HYDROCHLORIDE,DIPHENDYDRAMINE HYDROCHLORIDE,446219873,12158
826901275,1/20/2023,"OCTINOXATE, TITANIUM DIOXIDE",CD DIORSKIN NUDE SKIN-GLOWING MAKEUP SUNSCREEN BROAD SPECTRUM SPF 15 050 Dark Beige,610671700,12159
405292649,11/26/2022,warfarin sodium,COUMADIN,62402667,12160
580323134,11/10/2023,Acetaminophen,pain relief,476321216,12161
178689303,2/4/2023,"Pancreas, Stomach, Arsenicum album, Graphites, Lycopodium clavatum, Nux vomica, Phosphorus, Syzygium jambolanum,",Gastropanpar,680145556,12162
545628771,8/3/2023,Terazosin,Terazosin,636520697,12163
648039486,2/1/2023,Lenscale,Lenscale,829420116,12164
91474288,12/3/2022,Titanium Dioxide,ck one 3-in-1 face makeup,505455481,12165
409812249,8/16/2023,morphine sulfate,Kadian,348420494,12166
260588416,6/13/2023,"Dihydrocodeine Bitartrate, Phenylephrine Hydrochloride, Pyrilamine Maleate",POLY HIST,677253395,12167
283110160,6/10/2023,Loratadine,Loratadine ODT,835227317,12168
769121426,11/21/2022,Metoprolol Tartrate,Metoprolol Tartrate,338410930,12169
87265262,6/19/2023,SAW PALMETTO and CALCIUM SULFIDE,Sabal Homaccord,82516801,12170
970369248,12/22/2022,Amitriptyline Hydrochloride,Amitriptyline Hydrochloride,490636288,12171
126869490,9/12/2023,Diclofenac Sodium,Diclofenac Sodium,830911448,12172
716944080,2/4/2023,Paroxetine,Paroxetine,307020250,12173
942208866,10/27/2023,"Loratadine, Pseudoephedrine",wal itin d,653344568,12174
45482183,9/13/2023,Desloratadine,Desloratadine,803974891,12175
997042991,9/17/2023,Dimethicone,XtraCare with cooling action Oatmeal Skin Relief Calmin,319052571,12176
702325671,3/27/2023,LEMON CHINESE QUINCE EXTRACT BERBERIS VULGARIS FRUIT SILICON DIOXIDE,Lemon Quince Allergy Relief,456625759,12177
563371964,1/15/2023,CAPSAICIN,GOOD NEIGHBOR PHARMACY CAPSAICIN,286802785,12178
793820462,2/28/2023,Octocrylene and Octinoxate,No7 CC,160595895,12179
932143186,11/11/2023,"Codeine Phosphate, Dexchorpheniramine Maleate, Phenylephrine Hydrochloride",PRO-RED,394950834,12180
438478845,3/31/2023,ALCOHOL,FRESH SPLASH SCENTED HAND SANITIZER,664878310,12181
990078370,10/31/2023,"Adenosinum cyclophosphoricum, Adrenalinum, Adrenocorticotrophin, Allium cepa, Alnus serrulata, Carduus benedictus, Cichorium intybus, Cortisone aceticum, Dolichos pruriens, Euphrasia officinalis, Galphimia glauca, Histaminum hydrochloricum, Juglans cinerea, Kali muriaticum, Mucosa nasalis suis, Nasturtium, Natrum muriaticum, Rhus tox, RNA, Sabadilla, Sassafras officinale",AllergyEase Southern,411640905,12182
740074642,2/13/2023,Methimazole,Methimazole,766949552,12183
863564595,11/15/2022,Triclosan,Citrus Basil Antibacterial Foaming Hand Wash,136525515,12184
690509795,5/20/2023,Anastrozole,Anastrozole,629360169,12185
400674037,3/19/2023,GOSSYPIUM HERBACEUM ROOT BARK,Nausea,978079253,12186
375173414,12/25/2022,CETIRIZINE HYDROCHLORIDE,CETIRIZINE HYDROCHLORIDE,740012748,12187
90641352,7/17/2023,"Coccus cacti, Drosera (Rotundifolia), Scilla maritima, Stica pulmonaria, Arsenicum iodatum, Causticum, Cuprum aceticum, Carbo vegetabilis, Kali carbonicum, Lachesis mutus,",Bronchial Cough,634565899,12188
462439265,10/11/2023,BENZOYL PEROXIDE,ACNE TREATMENT SERUM,170169666,12189
163342584,11/30/2022,Phentermine Hydrochloride,Phentermine Hydrochloride,575653879,12190
220801958,8/26/2023,Phentermine Hydrochloride,Phentermine Hydrochloride,613797911,12191
385811128,3/25/2023,Benzoyl Peroxide,Acne Treatment Kit,805570965,12192
334196513,4/6/2023,SALICYLIC ACID,ACNE CLEANSING PADS,533980153,12193
141620302,6/12/2023,SODIUM MONOFLUOROPHOSPHATE,Dental plus Baking Soda,410895481,12194
583219003,4/27/2023,Mugwort,Mugwort,172199378,12195
82969947,3/6/2023,Benztropine Mesylate,Benztropine Mesylate,42603162,12196
687295094,2/10/2023,NIACIN,NIACIN,457685546,12197
290340026,2/28/2023,Salicylic Acid,Santalia Clinical Acne,737188999,12198
613853292,3/27/2023,Dimethicone,Remedy Skin Repair,941996225,12199
118448974,5/7/2023,Cetirizine,Cetirizine Hydrochloride,334830018,12200
933801659,6/19/2023,minoxidil,MINOXIDIL,827834808,12201
338336417,8/31/2023,fluticasone propionate and salmeterol,ADVAIR,82428620,12202
478546078,3/1/2023,Homosalate and Octinoxate and Octisalate and Oxybenzone and Avobenzone and Octocrylene,Banana Boat Ultra Defense SPF 30 Canada,920397895,12203
955072259,6/3/2023,Phentermine Hydrochloride,Phentermine Hydrochloride,598094261,12204
398293507,7/28/2023,methyldopa,Methyldopa,710298268,12205
99149250,3/11/2023,"Acetaminophen, Dextromethorphan HBr, Guaifenesin, Phenylephrine HCl",Severe Cold and Congestion Maximum Strength,544336421,12206
994939009,3/24/2023,Live Oak,Live Oak,701693862,12207
139790977,11/10/2023,certolizumab pegol,Cimzia,617236500,12208
340338147,12/18/2022,BENZALKONIUM CHLORIDE,SANITACK SANITIZING WIPES PLUS,426606480,12209
153244944,6/15/2023,Cyclobenzaprine Hydrochloride,Cyclobenzaprine Hydrochloride,954134662,12210
550963175,4/27/2023,OCTINOXATE and TITANIUM DIOXIDE,SHISEIDO RADIANT LIFTING FOUNDATION,970865766,12211
954317746,10/6/2023,Simvastatin,Simvastatin,483638406,12212
792485043,5/14/2023,Diphenhydramine HCl,sleep time,705580317,12213
597910298,12/18/2022,Oxygen,Oxygen,799059055,12214
517999398,12/16/2022,Triclosan,Pomegranate Antibacterial Foaming Hand Wash,17338453,12215
425448195,7/20/2023,"Acetaminophen, Dextromethorphan HBr, Chlorpheniramine maleate",Maximum Strength Flu HBP,377306027,12216
200356955,11/3/2023,Octreotide acetate,Octreotide acetate,588625438,12217
224932690,5/6/2023,Ranitidine,Good Neighbor Pharmacy Acid Control 150,858545236,12218
87702350,7/8/2023,Azithromycin,Azithromycin,207627194,12219
31905340,8/15/2023,Sodium Monofluorophosphate,United Airlines Business Class Kit,886836391,12220
35090995,7/25/2023,OXYBUTYNIN CHLORIDE,OXYBUTYNIN CHLORIDE,357098270,12221
140758241,3/25/2023,Hydrocortisone,Apres Peel Soothing Balm,749114152,12222
689750741,9/20/2023,GABAPENTIN,GABAPENTIN,642128006,12223
875579948,6/12/2023,aluminum chlorohydrate,Fresh Sugar Roll-On Deodorant Antiperspirant,54104016,12224
43208299,5/10/2023,Amoxicillin and Clavulanate Potassium,Amoxicillin and Clavulanate Potassium,65340054,12225
287101098,7/5/2023,BISMUTH SUBSALICYLATE,Peptic Relief,127514732,12226
733900,8/4/2023,Sodium Fluoride,Walgreen Anticavity Whitening,603227507,12227
891925600,12/21/2022,Methyl Salicylate and Menthol,Noble Lion Medicated Balm,793312476,12228
135100904,4/19/2023,ACARBOSE,Acarbose,926837897,12229
839849900,12/30/2022,TITANIUM DIOXIDE,SHISEIDO THE MAKEUP FOUNDATION,651066349,12230
534266192,10/2/2023,Octinoxate,Purminerals 4-in-1 14-Hour Wear Foundation Broad Spectrum SPF 15 (BLUSH MEDIUM),738850041,12231
934481359,6/20/2023,Diphenhydramine HCl,Sleep Aid,905531458,12232
482491371,4/30/2023,Fluocinolone Acetonide,Retisert,202945400,12233
22442498,9/14/2023,Queen Palm,Queen Palm,948692529,12234
218291623,3/25/2023,OCTINOXATE and TITANIUM DIOXIDE,NARS FOUNDATION,954112687,12235
304866080,10/18/2023,Oxycodone,Oxycodone Hydrochloride,353318290,12236
788181635,10/13/2023,Carisoprodol,Carisoprodol,38612144,12237
802324303,4/20/2023,"Octinoxate, Titanium Dioxide",Sheer Defense Tinted Moisturizer SPF 15 ML 40,878198207,12238
662077738,8/23/2023,Sodium Acetate,Sodium Acetate,30260222,12239
408703234,10/17/2023,GLYCERIN,MIRU Oriental Whitening Ampoule,416034690,12240
429121311,1/19/2023,JATROPHA CURCAS SEED,STOMACH CRAMPS,865213684,12241
412788829,12/31/2022,Carvedilol,Carvedilol,693441454,12242
925538491,7/27/2023,SODIUM MONOFLUOROPHOSPHATE,Dental guardian,595184482,12243
503086699,9/29/2023,Timolol Maleate,Timolol Maleate,36541113,12244
852873389,6/13/2023,POTASSIUM CHLORIDE,POTASSIUM CHLORIDE,267413981,12245
511120621,8/19/2023,Nefazodone Hydrochloride,Nefazodone Hydrochloride,118145479,12246
357651368,7/30/2023,Glycerin,Infant Glycerin Laxative,56538788,12247
870431441,7/30/2023,Pyrithione Zinc,Clear,631870869,12248
873840672,7/4/2023,Niacinamide,A.H.C. C-SERUM,627832947,12249
13308260,10/22/2023,"glycerin, phenylephrine HCl, pramoxine HCl, white petrolatum",hemorrhoidal,963998441,12250
621031025,11/14/2022,SALICYLIC ACID,ACNE,783858327,12251
840453275,8/12/2023,Nicotine Polacrilex,nicorelief,787822005,12252
4890573,6/12/2023,fentanyl,DURAGESIC,751031194,12253
996167606,2/25/2023,Guaifenesin,Shopko Chest Congestion Relief,655100135,12254
759978817,3/12/2023,Benzethonium Chloride,Vanilla Bean Anti-bacterial foaming Hand Wash,668110119,12255
913923318,6/18/2023,Adenosine,Adenosine,686409607,12256
341385643,5/27/2023,Sucralfate,Sucralfate,759161476,12257
608179847,1/20/2023,Ofloxaxin,Ofloxacin,569000498,12258
916772277,7/7/2023,Hand Sanitizer Wipes,Tough Guy Hand Sanitizer Wipes,53392125,12259
541117079,2/28/2023,methylprednisolone,Methylprednisolone,355821067,12260
233286180,9/2/2023,Desloratadine,Desloratadine,190058585,12261
459133712,10/31/2023,Sodium Fluoride,CLOSE UP,795916875,12262
213791608,1/26/2023,Omeprazole,leader omeprazole,904946044,12263
766444189,6/26/2023,Benzalkonium chloride,Hand Wash,750457543,12264
665389352,5/25/2023,Aspirin,Aspirin,911206717,12265
808510805,1/16/2023,Acetaminophen,TYLENOL,978085718,12266
627721778,9/22/2023,"VITAMIN A PALMITATE, ASCORBIC ACID, CHOLECALCIFEROL, .ALPHA.-TOCOPHEROL ACETATE, D-, THIAMINE HYDROCHLORIDE, RIBOFLAVIN, NIACIN, PYRIDOXINE HYDROCHLORIDE, CYANOCOBALAMIN, FERRIC PYROPHOSPHATE, FERROUS CYSTEINE GLYCINATE, and SODIUM FLUORIDE",ESCAVITE LQ,772647129,12267
772568374,1/20/2023,LISINOPRIL,Lisinopril,644204092,12268
62572268,3/28/2023,Amlodipine Besylate,Amlodipine Besylate,927165195,12269
539240740,1/15/2023,Ranitidine,good sense acid reducer,418668646,12270
22610471,6/25/2023,Ondansetron,Ondansetron,400366873,12271
873927051,5/30/2023,"Berberis Vulgaris, Cantharis, Clematis Erecta, Lac Caninum, Lycopodium Clavatum, Pulsatilla, Sarsaparilla",Cystoges HP,604383105,12272
115247276,11/15/2022,"Hydroxyamphetamine hydrobromide, tropicamide",Paremyd,786646728,12273
403929380,1/19/2023,ARNICA MONTANA,Arnica,747988027,12274
780055903,5/10/2023,Ibuprofen,Ibuprofen,515946802,12275
106368338,6/24/2023,Morphine Sulfate,Morphine Sulfate,421660732,12276
226837777,11/3/2023,venlafaxine hydrochloride,venlafaxine,123224346,12277
283629364,12/13/2022,ATORVASTATIN CALCIUM,ATORVASTATIN CALCIUM,298641329,12278
689990914,11/12/2023,Mirtazapine,MIRTAZAPINE,544608506,12279
217145466,7/18/2023,"Phenylephrine HCl, Witch hazel",Equaline hemorrhoidal cooling,305845556,12280
456053693,8/9/2023,"OCTISALATE, OCTINOXATE, ZINC OXIDE",SOLAR SENSE CLEAR ZINC SUNSCREEN FACE and BODY SPORT BROAD SPECTRUM SPF 50 Plus,635180616,12281
735964542,2/16/2023,coagulation factor ix (recombinant),BeneFIX,254289496,12282
510784768,12/10/2022,"Titanium Dioxide, Ethylhexyl Methoxycinnamate, Ethylhexyl Salicylate",IQueen CCC Light,744132499,12283
122417593,10/11/2023,indocyanine green,IC-Green,838486941,12284
655807151,5/27/2023,Ciprofloxacin,Ciprofloxacin,14003406,12285
203800247,3/3/2023,oxymetazoline hydrochloride,care one nasal,2232128,12286
249314599,6/3/2023,Trazodone Hydrochloride,Trazodone Hydrochloride,937385430,12287
746678791,10/29/2023,Midazolam hydrochloride,Midazolam hydrochloride,568706422,12288
233185944,7/30/2023,Dextromethorphan Hydrobromide and Promethazine Hydrochloride,Dextromethorphan Hydrobromide and Promethazine Hydrochloride,872187881,12289
409138671,8/26/2023,Cetirizine Hydrochloride,Cetirizine Hydrochloride,216523313,12290
911909673,12/11/2022,Ethyl Alcohol,Antibacterial Hand Towelettes,84624609,12291
514328790,4/30/2023,Atenolol,Atenolol,335106388,12292
750198281,3/30/2023,Fludrocortisone Acetate,Fludrocortisone Acetate,878716595,12293
321897426,12/6/2022,galantamine hydrobromide,Galantamine,666832461,12294
502127591,5/7/2023,Oxygen,Oxygen,710642619,12295
476376747,2/16/2023,Trace Elements 4,Multitrace-4,831776062,12296
129561187,11/21/2022,Promethazinehydrochloride and phenylephrine hydrochloride,Promethazine VC,786222900,12297
222332977,11/12/2023,Venlafaxine,Venlafaxine,515400834,12298
140534956,2/6/2023,Salicylic Acid,Clearasil Ultra,952690846,12299
142156147,11/10/2023,Rabbit Hair,Rabbit Hair,841533027,12300
257129064,4/29/2023,amlodipine besylate and valsartan,Exforge,654504908,12301
