policy_number,phone_number,insurance_provider,billing_amount,payment_status,patient_id
845558,6554312068,Blue Cross Blue Shield,Won,Partial,619486079
290575,4578859079,Cigna,Yuan Renminbi,Paid,892708688
745381,3178531339,Cigna,Naira,Paid,22195242
117516,4537755142,Blue Cross Blue Shield,Franc,Partial,668808523
175910,8723684055,Aetna,Yuan Renminbi,Unpaid,467612663
621702,7845274897,Aetna,Rupiah,Partial,61715603
206404,2509749117,Blue Cross Blue Shield,Euro,Partial,412618858
958981,9024801713,Aetna,Zloty,Partial,947226484
635043,8937113816,Cigna,Peso,Partial,801335117
537629,4512939323,Blue Cross Blue Shield,Yen,Unpaid,737229538
912164,1792649405,Blue Cross Blue Shield,Real,Partial,636959196
726738,3266925290,Blue Cross Blue Shield,Ruble,Partial,299616270
412349,8874450519,Cigna,Yuan Renminbi,Partial,998132204
821611,4851509116,Aetna,Peso,Partial,676991253
885507,6434628507,Aetna,Ruble,Partial,535659829
794947,9857044882,Blue Cross Blue Shield,Euro,Paid,997566304
219518,1905466676,Cigna,Kuna,Partial,518353983
107508,9699242987,Aetna,Yuan Renminbi,Unpaid,973884491
259774,2872742338,Cigna,Rand,Unpaid,19218704
580570,2506931009,Blue Cross Blue Shield,Rand,Unpaid,270549175
460683,6503047059,Cigna,Quetzal,Unpaid,209923864
421810,2496453292,Cigna,Ruble,Unpaid,137555123
425945,6409716540,Blue Cross Blue Shield,Ruble,Paid,140977191
716072,7656049794,Blue Cross Blue Shield,Rupiah,Unpaid,636359507
738208,4687899618,Cigna,Zloty,Unpaid,70148713
872498,4453033515,Cigna,Birr,Unpaid,383354783
916931,9629010010,Blue Cross Blue Shield,Yuan Renminbi,Partial,704120718
409179,4888606222,Cigna,Rupiah,Paid,268909923
481330,5504784500,Aetna,Shekel,Paid,451085417
256833,5502355438,Blue Cross Blue Shield,Shilling,Paid,175968229
105345,3494092446,Aetna,Dram,Partial,610584136
192006,7073186338,Aetna,Real,Unpaid,561344897
168007,6073330795,Aetna,Yuan Renminbi,Partial,998726632
384101,1465400067,Cigna,Real,Partial,337089339
750744,6237463818,Blue Cross Blue Shield,Zloty,Paid,706231568
794885,2395883917,Aetna,Peso,Paid,918665870
456949,7186852413,Blue Cross Blue Shield,Bolivar,Partial,705611321
462749,1261422723,Blue Cross Blue Shield,Rupiah,Unpaid,270932787
612825,6474708228,Aetna,Euro,Partial,223978219
999261,3649634542,Cigna,Ringgit,Unpaid,149248170
497321,6054953216,Blue Cross Blue Shield,Euro,Partial,265070821
309917,3893569903,Blue Cross Blue Shield,Peso,Unpaid,545441107
370436,6578601002,Blue Cross Blue Shield,Ruble,Unpaid,485141889
707303,7943020052,Blue Cross Blue Shield,Dollar,Unpaid,763165452
389961,8634854393,Aetna,Euro,Paid,685725493
405683,7654314642,Aetna,Euro,Partial,182844664
279602,5116548302,Cigna,Yen,Partial,916677356
890717,5816049173,Aetna,Peso,Partial,357367853
750251,8286330705,Blue Cross Blue Shield,Ruble,Partial,622392191
643001,5518155496,Cigna,Rupiah,Paid,43273828
505277,9501625380,Blue Cross Blue Shield,Ruble,Paid,86155929
694732,5536077578,Cigna,Krona,Unpaid,507055576
492480,4767743188,Aetna,Peso,Partial,307893801
182820,3541282276,Cigna,Baht,Partial,663957156
792093,2143578312,Cigna,Peso,Unpaid,714333176
821575,9722665173,Blue Cross Blue Shield,Dollar,Partial,400106479
488100,6181078987,Aetna,Yuan Renminbi,Partial,995096308
263875,7846888989,Cigna,Dirham,Paid,798502775
777270,3011768139,Aetna,Yuan Renminbi,Paid,419853502
402694,2325129917,Aetna,Hryvnia,Partial,451414638
861354,2436002582,Blue Cross Blue Shield,Peso,Paid,568952270
704938,7944831878,Aetna,Ruble,Partial,493466447
764516,5621436791,Blue Cross Blue Shield,Euro,Partial,141915822
668629,2312953503,Aetna,Euro,Paid,244505818
919471,9916555186,Blue Cross Blue Shield,Real,Paid,497746884
371837,5766556542,Aetna,Som,Unpaid,602220202
767308,2372028027,Aetna,Kwacha,Paid,428589723
588664,4497512022,Aetna,Rupiah,Unpaid,281852462
477762,8789797135,Aetna,Euro,Partial,819361042
426411,1266694087,Cigna,Lempira,Unpaid,893389209
643272,7711441781,Blue Cross Blue Shield,Zloty,Paid,84494254
732707,3705356691,Cigna,Lev,Unpaid,533454936
702338,3484958258,Blue Cross Blue Shield,Baht,Partial,819542153
104574,9939095785,Cigna,Yuan Renminbi,Unpaid,428101685
722550,8259654346,Aetna,Ruble,Paid,237724864
868825,5461177113,Cigna,Rupee,Paid,807574651
221927,7815157761,Blue Cross Blue Shield,Yuan Renminbi,Paid,356217138
396664,4473728771,Aetna,Peso,Unpaid,264503896
954359,5784008729,Aetna,Kwanza,Unpaid,332749365
877757,6615943457,Cigna,Peso,Unpaid,110885783
348206,5871926631,Blue Cross Blue Shield,Dollar,Paid,435852138
974985,9669049909,Cigna,Yuan Renminbi,Paid,23289163
612903,8509357188,Aetna,Krone,Partial,210758845
915704,6018644563,Cigna,Dollar,Partial,420377926
376593,4518915594,Cigna,Euro,Partial,71883115
583113,3569498153,Cigna,Yuan Renminbi,Unpaid,519021437
437616,1867605571,Aetna,Euro,Partial,819499806
975210,2689358263,Aetna,Real,Paid,357174398
664316,3941948390,Aetna,Yuan Renminbi,Partial,118718403
394981,6228907487,Blue Cross Blue Shield,Shekel,Unpaid,682730119
669439,2135001220,Aetna,Dong,Paid,779692843
699593,8484514851,Aetna,Rupiah,Partial,966561466
368174,4966710856,Blue Cross Blue Shield,Franc,Paid,428639568
849497,2351374849,Blue Cross Blue Shield,Rupiah,Unpaid,872993792
641204,8634885339,Blue Cross Blue Shield,Dinar,Partial,211820509
250387,6007823632,Cigna,Real,Paid,973051723
565366,8269927821,Blue Cross Blue Shield,Ruble,Unpaid,402541488
315629,7827642471,Cigna,Shekel,Partial,812263271
136977,7303189505,Cigna,Euro,Partial,486519720
287979,7744005635,Blue Cross Blue Shield,Yuan Renminbi,Partial,263114127
814243,7936988122,Aetna,Real,Partial,363429428
390559,2496529684,Cigna,Yuan Renminbi,Unpaid,980267652
179325,2214170577,Aetna,Euro,Paid,625704501
726600,6644144629,Blue Cross Blue Shield,Ruble,Partial,27052530
547797,2663677999,Blue Cross Blue Shield,Yuan Renminbi,Unpaid,580152369
718685,6067737693,Aetna,Peso,Partial,665158476
710722,8753211681,Blue Cross Blue Shield,Rupiah,Partial,868965426
739311,2324339290,Cigna,Rupiah,Unpaid,170168746
707584,3252097311,Aetna,Yen,Paid,850786317
348257,8699059961,Cigna,Yuan Renminbi,Partial,986935235
774092,2058685248,Aetna,Shilling,Unpaid,330037848
727912,8895315493,Aetna,Real,Partial,863907370
587264,6683634437,Aetna,Lev,Partial,637676207
605679,1055382806,Aetna,Euro,Partial,355755490
924581,5542505514,Aetna,Baht,Partial,758980115
673109,4343803047,Blue Cross Blue Shield,Dollar,Paid,927568245
357520,9524993120,Aetna,Yuan Renminbi,Partial,556553122
590634,6352823724,Aetna,Yuan Renminbi,Partial,265104769
585730,4929162997,Aetna,Yuan Renminbi,Unpaid,495145350
630715,6672917497,Aetna,Euro,Paid,542987340
182644,8803504027,Blue Cross Blue Shield,Yuan Renminbi,Partial,343416509
125342,4826277840,Cigna,Peso,Paid,879419974
744636,3824446567,Cigna,Dinar,Partial,465471842
692229,5964648350,Blue Cross Blue Shield,Real,Unpaid,394561574
566214,1271301315,Cigna,Yuan Renminbi,Unpaid,678980314
710933,4125243814,Blue Cross Blue Shield,Dinar,Partial,628975390
274332,3459272863,Aetna,Yuan Renminbi,Partial,786632343
521953,8596761223,Blue Cross Blue Shield,Shekel,Partial,780389679
458394,7013672258,Blue Cross Blue Shield,Peso,Unpaid,894988093
654515,8846716157,Aetna,Yuan Renminbi,Unpaid,85912857
318318,8777127595,Aetna,Yuan Renminbi,Paid,464105653
954103,3476929232,Blue Cross Blue Shield,Yuan Renminbi,Unpaid,501240471
643272,1601928923,Aetna,Peso,Partial,736976614
240231,4462166172,Blue Cross Blue Shield,Franc,Unpaid,189195112
435780,7619515949,Blue Cross Blue Shield,Franc,Paid,970400818
944106,6822275406,Blue Cross Blue Shield,Litas,Paid,328916208
908714,2211213240,Cigna,Yuan Renminbi,Unpaid,725137844
620253,4434648771,Cigna,Rupiah,Unpaid,878816364
921622,3407280334,Cigna,Ruble,Partial,645873334
410062,4931783973,Aetna,Yuan Renminbi,Paid,647910025
954157,1476681009,Aetna,Sol,Partial,807001272
913101,1362967929,Cigna,Litas,Paid,345537363
431014,1157617804,Cigna,Yuan Renminbi,Unpaid,972176057
538869,3723162187,Aetna,Rupiah,Paid,923473238
816649,7745982760,Blue Cross Blue Shield,Koruna,Paid,923137516
721013,4001534977,Aetna,Guarani,Partial,297181670
894424,4488487614,Blue Cross Blue Shield,Won,Partial,830274531
900802,8842024349,Aetna,Rupiah,Paid,967019844
681876,6658962737,Blue Cross Blue Shield,Yuan Renminbi,Partial,454949492
329977,4922244336,Cigna,Euro,Unpaid,317356374
126148,1869421153,Cigna,Rupiah,Partial,98693118
582483,6124184998,Aetna,Rupiah,Paid,859007943
880259,6213790576,Aetna,Afghani,Unpaid,936928571
344936,3125298781,Cigna,Baht,Partial,205802252
466458,3948634797,Blue Cross Blue Shield,Dollar,Partial,491186752
519679,1161206456,Aetna,Dollar,Paid,223671959
755510,2096302210,Blue Cross Blue Shield,Peso,Unpaid,574472765
148432,9465993473,Cigna,Yuan Renminbi,Unpaid,952307752
345370,3884425328,Aetna,Peso,Unpaid,147194170
409967,9932523682,Cigna,Yuan Renminbi,Unpaid,854815299
632819,4503555983,Blue Cross Blue Shield,Cordoba,Unpaid,440602340
681178,8527046383,Blue Cross Blue Shield,Peso,Paid,442514024
824398,3325160934,Cigna,Ariary,Paid,367039032
581679,9679612855,Blue Cross Blue Shield,Ruble,Partial,221469783
196839,6943627893,Blue Cross Blue Shield,Rupiah,Partial,984167189
539575,4266209578,Aetna,Euro,Unpaid,787798578
353454,2174878785,Aetna,Peso,Paid,142845775
868408,3223147959,Cigna,Rupiah,Unpaid,821563403
894308,7825616114,Cigna,Euro,Partial,113428938
777868,5285578766,Aetna,Rupiah,Unpaid,278052903
578376,2681900949,Blue Cross Blue Shield,Zloty,Paid,27219464
300220,2436539452,Aetna,Yuan Renminbi,Partial,629539270
938854,4988581931,Cigna,Rupiah,Partial,522766694
945386,6465999405,Aetna,Yuan Renminbi,Unpaid,704278225
535291,8482853109,Aetna,Euro,Unpaid,809434019
359037,4811755539,Aetna,Yuan Renminbi,Paid,285355146
491094,4064237920,Cigna,Yuan Renminbi,Partial,448795592
289147,7941090220,Cigna,Kwacha,Unpaid,330412646
161588,9211405720,Aetna,Forint,Paid,936759440
964638,9182204358,Aetna,Won,Partial,617333642
376104,6505066027,Blue Cross Blue Shield,Dollar,Paid,149020403
803723,3002934125,Cigna,Euro,Paid,589910221
146339,8438819428,Cigna,Koruna,Partial,518193599
155079,7905740643,Blue Cross Blue Shield,Euro,Paid,242159553
486835,1775557274,Cigna,Peso,Partial,134715238
587184,7271741633,Cigna,Rupiah,Partial,715650420
707590,4265500952,Aetna,Dollar,Unpaid,914591828
273613,5738135670,Cigna,Euro,Partial,972153413
231492,2764450696,Cigna,Peso,Paid,125269602
308611,6455194863,Aetna,Pound,Partial,719924698
395387,5701453589,Cigna,Manat,Unpaid,886564882
407045,7772690481,Cigna,Ariary,Unpaid,91001578
625916,3275922024,Aetna,Dirham,Unpaid,772603404
689255,7957163469,Blue Cross Blue Shield,Rupiah,Paid,877066317
586612,9975551388,Aetna,Koruna,Partial,898517197
378847,5132784228,Cigna,Ruble,Partial,753891596
937013,6742318432,Blue Cross Blue Shield,Euro,Unpaid,62856092
453421,1968769403,Blue Cross Blue Shield,Shilling,Partial,986432212
235306,2032874126,Aetna,Euro,Paid,525470834
380268,1242087296,Blue Cross Blue Shield,Yen,Unpaid,700240328
942527,4767444969,Cigna,Peso,Partial,320432402
507583,1893066294,Blue Cross Blue Shield,Real,Partial,837749245
503881,5802831904,Blue Cross Blue Shield,Yuan Renminbi,Unpaid,559388733
945507,4904147847,Blue Cross Blue Shield,Real,Paid,231392472
188197,8546078572,Blue Cross Blue Shield,Pound,Paid,821884164
983313,3067565293,Cigna,Lev,Paid,264174687
344919,8222793728,Blue Cross Blue Shield,Peso,Partial,84704238
350140,6955945745,Blue Cross Blue Shield,Euro,Partial,666716175
631792,4417796937,Blue Cross Blue Shield,Euro,Paid,779941389
559745,1345234008,Blue Cross Blue Shield,Peso,Unpaid,316875241
888115,5928903319,Blue Cross Blue Shield,Peso,Paid,145036888
675554,5681097810,Aetna,Peso,Paid,86604517
923318,9848463402,Cigna,Krona,Unpaid,848344783
330776,8493403214,Aetna,Euro,Paid,565377768
530418,1139077368,Cigna,Peso,Unpaid,816548704
953792,6929228493,Cigna,Ruble,Paid,227010807
380818,6148052727,Aetna,Yuan Renminbi,Unpaid,742041410
116593,6896084081,Cigna,Yuan Renminbi,Unpaid,354636790
577797,1066231530,Cigna,Euro,Paid,364779149
124500,3422192130,Cigna,Krone,Paid,967051114
316223,3597287930,Cigna,Koruna,Paid,739531310
259223,4277133578,Cigna,Real,Partial,231170029
413961,8984859939,Cigna,Rupee,Partial,415092686
535568,2763036784,Blue Cross Blue Shield,Yuan Renminbi,Partial,685766483
962090,4396545561,Blue Cross Blue Shield,Peso,Paid,892466058
289265,1242924600,Cigna,Euro,Paid,667805562
603555,3111113414,Aetna,Rupiah,Paid,345421752
830723,7993881553,Cigna,Rupee,Paid,197677169
934388,7225764917,Blue Cross Blue Shield,Krona,Partial,530103186
351961,3397282264,Aetna,Yuan Renminbi,Unpaid,844561658
388096,8666150934,Aetna,Yuan Renminbi,Paid,316841341
727449,3518414390,Blue Cross Blue Shield,Forint,Unpaid,322114020
491575,2167556831,Cigna,Dollar,Partial,631285783
492888,3403800934,Cigna,Bolivar,Unpaid,747193545
976407,7363631025,Aetna,Yuan Renminbi,Paid,857842158
997935,9469277732,Blue Cross Blue Shield,Yuan Renminbi,Partial,847421326
826243,3528842841,Cigna,Peso,Partial,422046345
566236,2455010480,Blue Cross Blue Shield,Kip,Unpaid,62674061
570400,8253873646,Aetna,Real,Unpaid,601918930
264869,7524464562,Blue Cross Blue Shield,Peso,Partial,173607718
189936,3922496186,Cigna,Franc,Paid,785973041
995335,3322116874,Blue Cross Blue Shield,Rupiah,Unpaid,291078712
929695,7708115214,Aetna,Dollar,Paid,425269856
470934,4066993121,Cigna,Euro,Partial,226934857
781512,4745099263,Aetna,Yuan Renminbi,Partial,120223760
185391,4601774057,Aetna,Koruna,Paid,448283482
112817,6981845884,Aetna,Rupiah,Paid,170598357
744995,6873348370,Cigna,Yuan Renminbi,Partial,421045209
987271,9731784730,Cigna,Rupiah,Paid,607681595
947226,1076170788,Aetna,Peso,Unpaid,889722477
111620,7633862308,Cigna,Shekel,Paid,203000145
615031,8903117842,Blue Cross Blue Shield,Rupiah,Paid,62505395
174925,4751141589,Aetna,Tugrik,Unpaid,814755149
842052,2891201301,Aetna,Yuan Renminbi,Unpaid,981089876
329822,2663004772,Aetna,Peso,Paid,333845615
166161,8416188713,Cigna,Peso,Unpaid,553237679
463497,2527506703,Cigna,Afghani,Unpaid,204913870
292810,7573715035,Cigna,Won,Unpaid,206636350
690792,3561941994,Aetna,Krona,Unpaid,790878684
343375,7366908231,Aetna,Koruna,Unpaid,975972568
745879,9359535042,Cigna,Euro,Paid,225299968
883646,4465560760,Blue Cross Blue Shield,Litas,Paid,290533830
616809,7498131168,Aetna,Peso,Unpaid,426101339
720338,8214144075,Blue Cross Blue Shield,Rial,Partial,399388732
932978,7601016234,Blue Cross Blue Shield,Kwacha,Unpaid,450658408
379609,2069072385,Aetna,Yuan Renminbi,Paid,225825384
909216,5484075245,Blue Cross Blue Shield,Zloty,Partial,88420477
482443,6017920745,Blue Cross Blue Shield,Peso,Unpaid,915669969
491147,1327216059,Aetna,Euro,Partial,298778071
216452,9032040552,Cigna,Peso,Paid,296897508
617311,4832123112,Blue Cross Blue Shield,Ruble,Paid,669017571
501715,3746821021,Cigna,Koruna,Paid,641421685
124753,7948981772,Cigna,Rupiah,Unpaid,952728246
473276,9789649829,Aetna,Yuan Renminbi,Unpaid,73649927
937532,7671204926,Aetna,Peso,Partial,671507928
525498,8225427862,Cigna,Yuan Renminbi,Paid,286025845
780055,5746320818,Cigna,Ruble,Unpaid,304922871
347681,6792916372,Cigna,Kuna,Paid,582980783
967134,3015222451,Aetna,Peso,Partial,288518803
988426,6749883530,Cigna,Zloty,Partial,484167075
714600,2669143023,Cigna,Ruble,Partial,772005956
512636,1914096989,Aetna,Euro,Unpaid,264582659
565028,4467823954,Blue Cross Blue Shield,Yuan Renminbi,Paid,592112447
759356,8084691340,Blue Cross Blue Shield,Rupiah,Paid,894373636
301193,2693415000,Cigna,Real,Partial,497715155
172948,4645397527,Blue Cross Blue Shield,Franc,Partial,438624573
179287,2169036726,Cigna,Sol,Partial,345715688
932285,5061496687,Aetna,Tugrik,Unpaid,132559883
438521,4367701808,Blue Cross Blue Shield,Peso,Partial,967079673
118137,2261071665,Cigna,Peso,Partial,477166121
373410,8302491109,Aetna,Yuan Renminbi,Paid,182844422
430591,6688046793,Aetna,Quetzal,Paid,547880674
690557,6979653251,Cigna,Yen,Partial,995701962
351346,4131851742,Blue Cross Blue Shield,Euro,Partial,741359872
232724,3232019629,Blue Cross Blue Shield,Yuan Renminbi,Partial,20314008
247896,8935771666,Blue Cross Blue Shield,Yuan Renminbi,Partial,646819878
505981,8924418527,Cigna,Yuan Renminbi,Unpaid,886992264
179725,7858613298,Aetna,Euro,Unpaid,798580686
850355,7653540742,Blue Cross Blue Shield,Euro,Partial,137845579
332510,5383778227,Blue Cross Blue Shield,Yuan Renminbi,Unpaid,844857052
615864,6153802282,Cigna,Quetzal,Unpaid,561739729
698638,4586926619,Cigna,Yen,Paid,589802751
692649,5032874208,Aetna,Rupiah,Paid,938341356
878748,9198899892,Aetna,Euro,Paid,412252964
257675,4548342929,Cigna,Zloty,Partial,688954037
572811,4977867740,Aetna,Zloty,Paid,195133202
411356,2113881775,Cigna,Yuan Renminbi,Partial,993194584
219406,3514719010,Cigna,Franc,Paid,751677696
633157,1891180475,Aetna,Rupiah,Partial,629097045
628946,4366568178,Aetna,Dalasi,Partial,734762728
251643,4121757814,Blue Cross Blue Shield,Dollar,Partial,184662655
560067,1722413445,Aetna,Peso,Unpaid,636811037
626668,2483697065,Blue Cross Blue Shield,Yuan Renminbi,Paid,633502640
425738,8446752781,Blue Cross Blue Shield,Yuan Renminbi,Unpaid,539492226
708734,4596746160,Aetna,Rupiah,Paid,359353686
583991,6254562681,Aetna,Rupiah,Paid,804688279
464739,8921819648,Blue Cross Blue Shield,Krona,Unpaid,510708767
363567,2802226888,Aetna,Hryvnia,Unpaid,667148888
750482,9469020537,Blue Cross Blue Shield,Peso,Partial,439725005
572364,5004470049,Cigna,Ruble,Paid,366580016
352183,5022384341,Blue Cross Blue Shield,Rupiah,Paid,832436540
431245,9585591524,Aetna,Cedi,Unpaid,118189821
135563,1541418823,Cigna,Euro,Paid,142386290
690402,9294255435,Cigna,Koruna,Paid,10890207
572200,8122321104,Cigna,Rupiah,Paid,364075393
362014,2561955646,Blue Cross Blue Shield,Ruble,Unpaid,841358317
379603,5727735513,Cigna,Ruble,Paid,830073825
108566,8882530216,Blue Cross Blue Shield,Bolivar,Paid,616964315
500377,3028500859,Aetna,Dollar,Partial,289140264
494238,1621198333,Cigna,Tugrik,Paid,564585080
853238,5797790695,Aetna,Zloty,Paid,425903349
782377,2311061431,Blue Cross Blue Shield,Baht,Partial,79773476
715035,6676407280,Blue Cross Blue Shield,Yuan Renminbi,Unpaid,177646991
752352,1534706184,Blue Cross Blue Shield,Gourde,Paid,846745304
608968,1581165885,Cigna,Rupee,Paid,988770075
855747,8103980793,Cigna,Real,Partial,791742898
629831,4867788542,Blue Cross Blue Shield,Krone,Partial,529288405
529906,9798157824,Blue Cross Blue Shield,Yuan Renminbi,Paid,314273459
129949,1192001525,Cigna,Yuan Renminbi,Unpaid,797445830
373283,7993131501,Cigna,Rupiah,Unpaid,453787601
698933,4963906895,Aetna,Euro,Partial,388503082
183279,8591893194,Blue Cross Blue Shield,Dollar,Paid,640029536
368529,7669950856,Cigna,Lek,Unpaid,735342884
791528,6216108007,Cigna,Sol,Paid,585713445
465195,5088135105,Aetna,Real,Partial,393558923
843803,8091158928,Aetna,Yuan Renminbi,Paid,757255325
209259,2843004131,Blue Cross Blue Shield,Tugrik,Unpaid,308646340
655737,6525493313,Blue Cross Blue Shield,Peso,Paid,687945795
681693,5726066465,Cigna,Naira,Paid,623031103
228096,8406784244,Blue Cross Blue Shield,Koruna,Partial,876250646
249293,2489408097,Blue Cross Blue Shield,Dram,Unpaid,344454710
753638,8409785627,Blue Cross Blue Shield,Rupiah,Paid,995352285
319868,2469206697,Blue Cross Blue Shield,Euro,Partial,973927366
197026,6913972876,Aetna,Zloty,Unpaid,218742481
252695,4529394739,Cigna,Real,Partial,517790823
617383,3743476738,Blue Cross Blue Shield,Peso,Unpaid,964797340
173094,1022354015,Aetna,Franc,Paid,575157065
747772,2288502199,Aetna,Birr,Partial,468469624
999584,3113739327,Blue Cross Blue Shield,Zloty,Partial,883643157
324037,9457180051,Cigna,Rupiah,Partial,704435054
327711,6579858841,Cigna,Euro,Unpaid,948301490
254174,7038639642,Aetna,Dollar,Partial,992901019
898910,7309231361,Blue Cross Blue Shield,Peso,Paid,462510418
986461,8321321910,Cigna,Yuan Renminbi,Partial,386514075
670058,7481280387,Blue Cross Blue Shield,Ruble,Partial,1590456
831832,5447239102,Blue Cross Blue Shield,Yuan Renminbi,Paid,54935676
247943,4975225423,Aetna,Peso,Partial,161105413
976020,6251637137,Cigna,Dollar,Unpaid,146106230
561632,5648267397,Aetna,Rupiah,Partial,681225657
660017,9153494871,Blue Cross Blue Shield,Zloty,Unpaid,390007509
716199,8122865056,Cigna,Rupiah,Partial,648341355
491349,1345927501,Aetna,Rupiah,Partial,179766140
972526,5202780750,Blue Cross Blue Shield,Ruble,Partial,143586442
113901,3612434703,Aetna,Rupiah,Partial,976032998
121322,5997576478,Cigna,Rupee,Unpaid,118190694
196661,1353192377,Aetna,Real,Paid,576286948
380835,7663501426,Blue Cross Blue Shield,Yuan Renminbi,Paid,235592819
128956,7844105527,Blue Cross Blue Shield,Yuan Renminbi,Paid,190580163
256101,2732036832,Blue Cross Blue Shield,Peso,Partial,595786856
837251,6202408000,Cigna,Yuan Renminbi,Unpaid,604700309
419363,2827674666,Blue Cross Blue Shield,Yuan Renminbi,Unpaid,902219821
863266,2692434401,Aetna,Yuan Renminbi,Unpaid,188976169
507842,3815177157,Aetna,Tugrik,Unpaid,369442227
606128,5115847447,Cigna,Yuan Renminbi,Paid,18906918
782133,7168997973,Blue Cross Blue Shield,Real,Unpaid,35693825
311063,1929026329,Aetna,Yuan Renminbi,Unpaid,362364938
203111,7959374746,Blue Cross Blue Shield,Rupiah,Paid,973178479
326685,9766973782,Aetna,Yuan Renminbi,Unpaid,421353640
883474,7457868606,Cigna,Euro,Unpaid,665583477
574422,3952899348,Blue Cross Blue Shield,Euro,Partial,672042085
710882,5064807383,Aetna,Rupiah,Unpaid,208512165
788230,8006449303,Cigna,Zloty,Partial,696254421
705563,6946964979,Aetna,Sol,Unpaid,785024059
734898,6177968280,Blue Cross Blue Shield,Dollar,Partial,104852602
327507,3862807291,Blue Cross Blue Shield,Peso,Paid,169056437
619209,3047749990,Cigna,Dollar,Partial,353612846
843605,9569208926,Cigna,Krona,Partial,623874543
721401,2098167563,Blue Cross Blue Shield,Ruble,Paid,174674776
297673,9741083492,Aetna,Yen,Partial,207832878
489591,9527501879,Cigna,Afghani,Paid,248029357
271887,1076314652,Blue Cross Blue Shield,Rupiah,Paid,358243418
405238,1298159688,Aetna,Yuan Renminbi,Partial,90632849
329002,3375536736,Aetna,Euro,Partial,998686365
565349,4695292725,Aetna,Rupiah,Partial,819078814
641302,7584908233,Blue Cross Blue Shield,Pound,Unpaid,412893753
112842,4301611063,Cigna,Euro,Partial,32778867
900976,2633335379,Aetna,Rupiah,Partial,930710192
277243,8133083544,Cigna,Yuan Renminbi,Paid,645199470
807315,2798450584,Cigna,Dinar,Paid,396282953
396214,5042460773,Blue Cross Blue Shield,Rupiah,Partial,537457424
273465,4235113634,Cigna,Rupiah,Paid,202267689
864969,5662576384,Blue Cross Blue Shield,Peso,Partial,696593451
553547,1145202485,Blue Cross Blue Shield,Peso,Paid,173354845
885639,4077802452,Cigna,Dollar,Paid,195955527
254628,6593726476,Blue Cross Blue Shield,Leone,Partial,467823139
918362,2636077309,Aetna,Euro,Partial,446009214
422067,4683981510,Aetna,Rupiah,Paid,404831768
311515,3623215013,Aetna,Yuan Renminbi,Partial,582248667
737258,4976665286,Cigna,Rupee,Partial,362633029
261250,8409143217,Aetna,Euro,Partial,260717309
208442,3692390648,Aetna,Euro,Unpaid,630281586
234002,6006643371,Aetna,Rupiah,Paid,895975590
409164,4697740921,Blue Cross Blue Shield,Dram,Paid,816280609
970539,9185946173,Cigna,Baht,Paid,239527640
999504,5291288467,Cigna,Dollar,Unpaid,362959196
887397,3168696097,Cigna,Yuan Renminbi,Paid,524081774
300735,2364227823,Blue Cross Blue Shield,Colon,Unpaid,982501745
265182,4739415832,Cigna,Rupee,Partial,786322265
241835,9904896600,Cigna,Rand,Partial,469585889
673675,3574836678,Cigna,Yuan Renminbi,Unpaid,787573949
874209,6709262927,Cigna,Euro,Paid,346855516
962661,6198721964,Aetna,Ruble,Paid,313267691
365546,2776315154,Blue Cross Blue Shield,Yuan Renminbi,Paid,621609609
159816,5935395422,Aetna,Peso,Unpaid,650036716
305087,4389323859,Blue Cross Blue Shield,Peso,Paid,85032150
345090,7073979078,Aetna,Euro,Paid,749112003
929648,4722025035,Cigna,Yuan Renminbi,Partial,667496237
652795,4476733930,Cigna,Yuan Renminbi,Paid,498148613
381139,1655882253,Aetna,Euro,Partial,648972547
541410,8477619942,Aetna,Krona,Paid,804337980
169030,7555492186,Aetna,Real,Paid,509309578
646537,3522220723,Blue Cross Blue Shield,Balboa,Unpaid,235463303
694622,4927966391,Blue Cross Blue Shield,Yuan Renminbi,Unpaid,27255569
773523,3387294449,Blue Cross Blue Shield,Dollar,Unpaid,532706040
280130,1921787372,Aetna,Krona,Paid,692001184
203966,7771848976,Cigna,Yuan Renminbi,Paid,142758365
589617,2142451198,Cigna,Dollar,Paid,82048598
741640,4169739736,Cigna,Zloty,Unpaid,174628396
670448,3673743704,Aetna,Ruble,Unpaid,560384589
842260,3446936059,Aetna,Naira,Unpaid,624936117
468542,5362328395,Aetna,Rupiah,Paid,398885724
689387,3757589554,Aetna,Rupiah,Partial,54328749
561686,6343651017,Blue Cross Blue Shield,Ruble,Unpaid,992634308
883850,3401433150,Cigna,Ruble,Unpaid,793003815
832571,6405621756,Cigna,Rupiah,Partial,495787877
128509,6156842395,Aetna,Koruna,Unpaid,267743189
719258,6966643962,Cigna,Yuan Renminbi,Unpaid,55659397
466933,8922533217,Aetna,Krone,Paid,122404338
923735,8569299178,Blue Cross Blue Shield,Euro,Unpaid,77165315
138744,1803400396,Cigna,Kwacha,Partial,275412918
782361,6517599558,Blue Cross Blue Shield,Dollar,Paid,828460468
361378,8548799605,Aetna,Real,Paid,556879037
296134,6276030142,Cigna,Koruna,Unpaid,514125439
551335,5843803914,Blue Cross Blue Shield,Peso,Paid,727065332
731263,7344104587,Blue Cross Blue Shield,Franc,Partial,422709967
179650,6293574293,Cigna,Euro,Unpaid,355411103
831297,8313157401,Blue Cross Blue Shield,Euro,Unpaid,722061898
794581,8425945848,Aetna,Euro,Partial,834934164
287501,9731518473,Cigna,Franc,Partial,399411276
359342,6022608595,Blue Cross Blue Shield,Euro,Unpaid,711641592
998337,8881120300,Cigna,Yuan Renminbi,Unpaid,828018247
461141,1169581613,Cigna,Rupiah,Unpaid,220892804
805327,3457424337,Blue Cross Blue Shield,Ruble,Unpaid,927887398
454675,5014512802,Blue Cross Blue Shield,Rupee,Paid,196667880
463912,1726619194,Blue Cross Blue Shield,Dollar,Unpaid,606450439
495626,6699416185,Blue Cross Blue Shield,Yuan Renminbi,Paid,425822956
328643,3219022972,Aetna,Yuan Renminbi,Partial,204069482
573407,2775038741,Cigna,Real,Paid,783006925
962812,5111857847,Cigna,Ruble,Partial,663380934
281888,6024964832,Blue Cross Blue Shield,Peso,Paid,370327248
659554,5605785190,Cigna,Real,Paid,751139588
704396,7767225211,Blue Cross Blue Shield,Krone,Partial,71234680
389445,6927518822,Cigna,Kuna,Unpaid,158221518
732060,1416657726,Blue Cross Blue Shield,Dinar,Partial,610043626
421393,4175009722,Cigna,Yuan Renminbi,Unpaid,302026565
339649,3789269491,Aetna,Tenge,Paid,614049323
649828,6306314957,Blue Cross Blue Shield,Krona,Paid,146173247
141446,2985676386,Blue Cross Blue Shield,Rupiah,Partial,447848844
159937,6586086486,Cigna,Krone,Partial,962204244
849608,4304634782,Cigna,Rupiah,Paid,58847187
728085,2525176387,Blue Cross Blue Shield,Peso,Unpaid,727571485
600901,4313673005,Blue Cross Blue Shield,Dinar,Paid,387562934
543123,6591686552,Aetna,Yuan Renminbi,Partial,578778803
734966,7136579002,Aetna,Yuan Renminbi,Unpaid,852057075
327390,1494768803,Cigna,Euro,Paid,841305837
276534,3072106120,Blue Cross Blue Shield,Rand,Unpaid,163440809
475711,6569856380,Aetna,Euro,Paid,234840191
547583,8682606145,Aetna,Rupiah,Partial,628295878
864100,8821955140,Cigna,Zloty,Paid,293277773
318145,6034122124,Cigna,Ruble,Partial,380391051
879972,8294932329,Cigna,Euro,Unpaid,822119060
185540,9525477563,Aetna,Ruble,Unpaid,216341589
610210,4734548468,Aetna,Ariary,Paid,341005835
447680,6253098147,Blue Cross Blue Shield,Ruble,Paid,723143458
201718,6363744828,Blue Cross Blue Shield,Yuan Renminbi,Unpaid,871416790
128189,5745217000,Aetna,Peso,Unpaid,975198286
709071,3981947444,Aetna,Zloty,Partial,180585272
823339,4975952267,Aetna,Yuan Renminbi,Paid,552127421
165500,3607157262,Cigna,Euro,Paid,53267561
756347,6769834589,Blue Cross Blue Shield,Hryvnia,Partial,488000191
803460,9335767110,Cigna,Euro,Unpaid,172196320
548796,4065167922,Aetna,Yuan Renminbi,Paid,394991105
554906,1592989076,Blue Cross Blue Shield,Dinar,Unpaid,673388522
680517,7001913736,Aetna,Yuan Renminbi,Paid,524560183
290621,4384257270,Blue Cross Blue Shield,Peso,Unpaid,454773624
924429,9851928298,Cigna,Yuan Renminbi,Unpaid,237338496
931961,6935470828,Cigna,Rupiah,Unpaid,558371102
122923,6321330517,Blue Cross Blue Shield,Krone,Unpaid,174952221
235174,3777602956,Cigna,Peso,Partial,958673895
973131,1348064818,Blue Cross Blue Shield,Ruble,Paid,15872130
403895,8046266125,Cigna,Yuan Renminbi,Unpaid,100833952
164179,7027040527,Cigna,Dollar,Unpaid,443049773
495105,8419197724,Blue Cross Blue Shield,Dinar,Partial,373128023
197450,8275203228,Cigna,Zloty,Partial,583820076
629484,7452027151,Cigna,Hryvnia,Paid,16645202
486143,2957774803,Cigna,Ruble,Partial,358659356
802350,1163454657,Cigna,Real,Unpaid,767925392
331758,5671821220,Blue Cross Blue Shield,Vatu,Unpaid,442239244
909937,6276320343,Aetna,Dong,Partial,360962395
694839,1551366093,Cigna,Yuan Renminbi,Paid,969926022
639130,4321849501,Aetna,Euro,Unpaid,760783680
411569,2011043602,Cigna,Manat,Paid,426150282
332314,4904868675,Blue Cross Blue Shield,Peso,Partial,245156077
505225,5493006295,Aetna,Franc,Unpaid,845135006
416107,6565543473,Cigna,Lek,Unpaid,95439846
832197,3084472601,Cigna,Yuan Renminbi,Unpaid,491504279
389707,4388379562,Cigna,Sol,Paid,561522838
440990,5122672289,Blue Cross Blue Shield,Dollar,Unpaid,63383900
958827,2182374761,Blue Cross Blue Shield,Kuna,Partial,726967084
903981,2688349923,Aetna,Real,Unpaid,951806645
900482,5666195635,Aetna,Peso,Partial,56796787
646098,9829590117,Cigna,Euro,Partial,592008114
483235,7352062019,Aetna,Yuan Renminbi,Paid,737894934
340843,3031171815,Aetna,Rupiah,Partial,642803844
943960,5137119796,Aetna,Euro,Partial,750433834
602080,3929698641,Cigna,Shilling,Partial,627864350
877387,6974559788,Blue Cross Blue Shield,Birr,Unpaid,222715264
178523,3958932134,Cigna,Dollar,Unpaid,649394034
559122,1777636250,Aetna,Zloty,Unpaid,591904943
832765,5609838000,Aetna,Peso,Partial,810238921
800518,1066871080,Cigna,Krona,Paid,666059384
725241,9183250172,Aetna,Dollar,Unpaid,381282331
506555,2638844793,Cigna,Peso,Unpaid,924528870
810189,7243407940,Aetna,Yen,Paid,86059531
512345,1411010941,Aetna,Denar,Partial,407769727
281220,2562422566,Blue Cross Blue Shield,Euro,Paid,282326788
972954,5762892442,Aetna,Real,Unpaid,186918018
885510,8681734019,Blue Cross Blue Shield,Dollar,Partial,890414331
438981,9818602480,Aetna,Yen,Partial,708402744
409589,4853457949,Blue Cross Blue Shield,Real,Partial,447124052
395084,8708849871,Aetna,Euro,Unpaid,418087409
237130,5831786129,Aetna,Koruna,Unpaid,196178628
693317,8206278374,Cigna,Yen,Paid,627492498
375712,1313365794,Cigna,Shilling,Unpaid,134474461
259252,2531446757,Aetna,Dollar,Partial,853201296
516103,1487849617,Blue Cross Blue Shield,Yuan Renminbi,Partial,474252687
801056,9673310140,Cigna,Manat,Partial,137137630
259027,2744337788,Blue Cross Blue Shield,Yuan Renminbi,Unpaid,661910972
375565,6057767899,Aetna,Rupiah,Partial,536786017
161636,1142732032,Aetna,Ruble,Paid,778253730
441166,5519077269,Aetna,Real,Unpaid,518505968
995020,5249425003,Cigna,Sol,Unpaid,707411426
242603,3398743833,Blue Cross Blue Shield,Peso,Unpaid,249741020
295894,8877530817,Aetna,Balboa,Unpaid,783018434
881316,7252822860,Aetna,Koruna,Partial,349597755
188671,9042895605,Aetna,Real,Paid,582503638
403645,7915400045,Cigna,Ruble,Paid,759950584
608944,9714837206,Cigna,Euro,Partial,625735054
963598,9725575582,Cigna,Yuan Renminbi,Partial,570818174
840558,8261970586,Aetna,Dram,Unpaid,902124954
304694,8433293389,Blue Cross Blue Shield,Rupiah,Partial,245274251
696574,4243186314,Cigna,Rial,Unpaid,478632290
494007,9111300218,Blue Cross Blue Shield,Pound,Unpaid,500039825
669074,6456654600,Cigna,Peso,Unpaid,338587764
893697,4903293955,Aetna,Rupiah,Partial,751396983
124452,1034915849,Aetna,Dong,Partial,50742910
208833,7763897693,Cigna,Baht,Paid,165462262
521774,4671335626,Blue Cross Blue Shield,Rupiah,Paid,863180058
865006,9586939243,Cigna,Ringgit,Unpaid,102052438
440264,1011626750,Cigna,Hryvnia,Partial,871619181
878397,1663616869,Aetna,Peso,Partial,423531147
169280,1655441409,Cigna,Real,Paid,187843865
184814,9108159367,Aetna,Euro,Paid,667342061
611966,8254701202,Blue Cross Blue Shield,Ruble,Paid,140472123
275616,7471753378,Blue Cross Blue Shield,Euro,Paid,966654090
936894,2605626345,Blue Cross Blue Shield,Ruble,Paid,196472497
815463,7828963736,Aetna,Yuan Renminbi,Unpaid,353386211
947469,9453005475,Aetna,Rupiah,Unpaid,980884320
184515,9206761440,Blue Cross Blue Shield,Rupiah,Partial,846986230
368120,7892069996,Blue Cross Blue Shield,Krona,Unpaid,376436306
881365,4739126168,Blue Cross Blue Shield,Krona,Unpaid,942341893
491626,2858735595,Aetna,Yuan Renminbi,Unpaid,521982124
531988,2148963630,Cigna,Rupiah,Unpaid,927918713
132922,6402240815,Cigna,Euro,Unpaid,781909731
903547,1497394177,Aetna,Yuan Renminbi,Paid,547279741
510981,1109218439,Aetna,Yuan Renminbi,Unpaid,215793399
188302,8119298186,Cigna,Yuan Renminbi,Unpaid,486924060
751959,6923103257,Cigna,Sol,Unpaid,148654152
464141,1002197904,Aetna,Rupiah,Paid,197898918
924288,9989230554,Aetna,Yen,Paid,160534729
739998,9458746640,Cigna,Real,Paid,653097176
979840,9757098902,Cigna,Yuan Renminbi,Paid,121001453
974452,9511455822,Aetna,Peso,Paid,606965170
758241,9242100393,Aetna,Yuan Renminbi,Partial,637796172
880677,6055464829,Cigna,Sol,Unpaid,435260700
916870,1816134517,Blue Cross Blue Shield,Koruna,Paid,706180084
218186,4676408816,Blue Cross Blue Shield,Yuan Renminbi,Partial,623294770
724163,8572074912,Blue Cross Blue Shield,Yen,Paid,660125232
463014,8508462565,Cigna,Dollar,Unpaid,768934003
465770,6345331825,Cigna,Yen,Paid,350104204
477093,3954893217,Aetna,Shekel,Unpaid,484172695
227553,7682609804,Blue Cross Blue Shield,Baht,Unpaid,883839913
305324,4934359478,Cigna,Peso,Partial,488400609
648207,5332447046,Cigna,Franc,Paid,625023306
152421,2247533695,Blue Cross Blue Shield,Peso,Unpaid,829378323
194727,6595702353,Cigna,Balboa,Unpaid,738299771
640110,4211435940,Cigna,Pula,Paid,76270626
475913,7165839732,Aetna,Peso,Unpaid,881194918
959108,2563773952,Aetna,Yuan Renminbi,Partial,890556032
897642,5337123148,Cigna,Rupiah,Paid,655152320
517786,5353626341,Aetna,Denar,Unpaid,734169746
445954,6959392662,Blue Cross Blue Shield,Kuna,Partial,37776151
584048,8108012694,Aetna,Krone,Partial,929970592
835728,2402054717,Blue Cross Blue Shield,Peso,Paid,946192834
126542,1652928776,Cigna,Yuan Renminbi,Paid,880451231
336178,1367443397,Cigna,Peso,Partial,415234328
292861,9761738088,Cigna,Ruble,Paid,666654684
457123,4547305763,Blue Cross Blue Shield,Dinar,Partial,583467087
719653,6716002417,Cigna,Krona,Paid,527249909
335667,4313749779,Blue Cross Blue Shield,Yuan Renminbi,Paid,14394039
177959,9429237269,Blue Cross Blue Shield,Rupiah,Unpaid,218900712
302241,9325174475,Aetna,Euro,Partial,300141645
542493,3905584788,Blue Cross Blue Shield,Rupiah,Unpaid,630381666
951624,4669353757,Cigna,Rupiah,Paid,786152038
183097,1486994831,Cigna,Dinar,Partial,858357322
598045,1932195179,Blue Cross Blue Shield,Euro,Partial,22415356
274591,5322444878,Aetna,Yuan Renminbi,Unpaid,366151155
578923,2751980644,Cigna,Won,Unpaid,954313360
938852,3471413671,Cigna,Peso,Paid,386026887
470218,8967728056,Aetna,Yuan Renminbi,Partial,324923515
761591,2945015548,Blue Cross Blue Shield,Yuan Renminbi,Partial,943575883
791990,8903041342,Cigna,Euro,Partial,883167311
149115,5264001164,Blue Cross Blue Shield,Dong,Unpaid,731826895
319821,8645238652,Cigna,Yen,Unpaid,703959081
348016,1736552643,Cigna,Yuan Renminbi,Paid,744223687
528354,8265899266,Cigna,Yuan Renminbi,Unpaid,612258223
546667,8133252503,Cigna,Yuan Renminbi,Paid,709888692
447048,8556564163,Blue Cross Blue Shield,Rupiah,Partial,669229183
520303,3651099653,Aetna,Peso,Unpaid,858823891
388361,7898958818,Cigna,Euro,Unpaid,654723307
858007,1355471408,Aetna,Rupiah,Partial,63960445
570407,8301445382,Aetna,Krona,Unpaid,42843440
179008,4066427445,Aetna,Rupiah,Paid,819407643
930518,8612390366,Cigna,Euro,Paid,25927147
211040,5182048633,Blue Cross Blue Shield,Yuan Renminbi,Paid,353202695
245904,6765492841,Cigna,Zloty,Partial,747592361
721670,1721042601,Cigna,Euro,Unpaid,627415781
653766,7388067998,Aetna,Manat,Unpaid,18573610
756643,9839614530,Aetna,Rupiah,Partial,39917989
635349,6789571193,Cigna,Euro,Unpaid,878378933
941573,4727530543,Aetna,Peso,Partial,879106274
864522,5365327267,Cigna,Kwacha,Partial,454491716
882461,1515524241,Cigna,Zloty,Unpaid,483478758
658322,4574091546,Aetna,Euro,Unpaid,572319515
198433,2439109626,Cigna,Real,Unpaid,366575206
410664,7005214197,Aetna,Yuan Renminbi,Paid,846657317
180669,2239930736,Cigna,Euro,Paid,25021711
161010,7851308552,Blue Cross Blue Shield,Yuan Renminbi,Paid,74695298
201119,3194988064,Aetna,Koruna,Paid,147212329
379286,6379200002,Blue Cross Blue Shield,Won,Partial,811639771
419559,9078307149,Blue Cross Blue Shield,Euro,Partial,331010101
123840,1294156568,Blue Cross Blue Shield,Yen,Paid,2297959
109517,4039366327,Blue Cross Blue Shield,Peso,Paid,934262350
171287,7956352754,Aetna,Euro,Partial,290461967
494675,4372456476,Blue Cross Blue Shield,Ruble,Partial,900240510
471178,3359978735,Blue Cross Blue Shield,Rupiah,Paid,973387827
593769,8301808232,Blue Cross Blue Shield,Euro,Partial,681948800
352613,4193365254,Cigna,Dollar,Unpaid,178145847
582197,9471975095,Aetna,Yuan Renminbi,Unpaid,187208422
380059,9474329873,Cigna,Yuan Renminbi,Unpaid,341300963
794652,2921844886,Blue Cross Blue Shield,Rupiah,Unpaid,56390042
347807,3669017278,Blue Cross Blue Shield,Rupiah,Paid,590508251
310340,5448032687,Cigna,Rupiah,Unpaid,935388170
730950,7582334869,Blue Cross Blue Shield,Denar,Unpaid,969405591
141258,6604588404,Cigna,Rupiah,Unpaid,381131738
956306,8227987549,Aetna,Euro,Paid,592055135
608662,9351433728,Aetna,Som,Paid,599939092
847632,7196712708,Blue Cross Blue Shield,Dollar,Unpaid,207667394
126473,8273247073,Cigna,Euro,Paid,447750689
519974,7198046965,Aetna,Koruna,Unpaid,429411258
761950,1578694333,Cigna,Rupiah,Partial,797862327
320965,3835225792,Aetna,Hryvnia,Partial,479407967
838806,3778233571,Cigna,Peso,Unpaid,210876543
354995,1118278707,Blue Cross Blue Shield,Dong,Unpaid,604515794
751647,2399011988,Cigna,Ruble,Partial,989879335
534690,7595535757,Cigna,Dinar,Partial,220735964
537972,3136411293,Blue Cross Blue Shield,Franc,Paid,808413564
733475,3461758911,Cigna,Rupiah,Partial,829467866
755653,1471582277,Cigna,Peso,Partial,188513616
218209,9939061185,Blue Cross Blue Shield,Rupee,Unpaid,901854803
182922,3007833330,Aetna,Hryvnia,Unpaid,491919538
534431,3191737104,Blue Cross Blue Shield,Rupee,Partial,659724148
550895,8684229904,Blue Cross Blue Shield,Yuan Renminbi,Partial,145389062
870209,3692573187,Cigna,Shekel,Partial,776243688
391276,6021807377,Blue Cross Blue Shield,Euro,Partial,184592138
314011,8575377869,Blue Cross Blue Shield,Hryvnia,Paid,621004408
813681,8113673897,Cigna,Yuan Renminbi,Unpaid,252815187
287195,9388722086,Aetna,Naira,Unpaid,545455312
126621,9102397685,Cigna,Ruble,Unpaid,523320726
918038,1918710953,Blue Cross Blue Shield,Rupiah,Paid,598563519
635237,1045513002,Aetna,Dirham,Partial,937545077
392461,9621362278,Blue Cross Blue Shield,Hryvnia,Paid,99096823
350804,4536058028,Aetna,Rupiah,Partial,436995951
140115,8244068259,Blue Cross Blue Shield,Afghani,Partial,42423535
362397,3673013302,Cigna,Rand,Unpaid,806821599
765779,7819812258,Aetna,Krona,Paid,428044745
299927,5668557977,Aetna,Euro,Partial,585156219
826807,3649775588,Aetna,Yuan Renminbi,Unpaid,960806565
109337,1227256260,Blue Cross Blue Shield,Real,Paid,376111879
523597,7768432906,Cigna,Rupiah,Paid,246164908
961691,7778684961,Cigna,Rupiah,Unpaid,208177476
127215,3152936420,Blue Cross Blue Shield,Quetzal,Unpaid,35575624
760294,1346871216,Cigna,Peso,Paid,255011495
646166,7718989680,Cigna,Dollar,Partial,204613429
971037,3357898405,Aetna,Sol,Partial,3920046
947928,8155145900,Blue Cross Blue Shield,Zloty,Partial,730244038
231342,1601448579,Blue Cross Blue Shield,Rupiah,Partial,907809267
223907,2242507422,Blue Cross Blue Shield,Naira,Paid,328484013
239504,3336213934,Aetna,Zloty,Unpaid,154597673
539283,2537255660,Aetna,Won,Partial,697094684
896383,4882906961,Aetna,Yuan Renminbi,Paid,929063617
864475,2706778134,Aetna,Hryvnia,Partial,603095791
953988,5542308841,Cigna,Zloty,Partial,333820060
736277,4477331045,Cigna,Euro,Partial,682607507
451550,8591737796,Aetna,Dollar,Unpaid,994855858
675968,1711463915,Blue Cross Blue Shield,Euro,Paid,592374001
224347,4732507082,Aetna,Yuan Renminbi,Paid,273416192
188152,7322447397,Cigna,Yuan Renminbi,Unpaid,364249880
602933,3641267910,Blue Cross Blue Shield,Yuan Renminbi,Partial,273661298
193691,8898211067,Blue Cross Blue Shield,Yuan Renminbi,Paid,65371072
187006,9859514311,Blue Cross Blue Shield,Zloty,Paid,180138867
552614,2992343033,Aetna,Yuan Renminbi,Paid,155537626
483946,4466858476,Aetna,Yuan Renminbi,Partial,506688784
475296,5262213820,Cigna,Real,Partial,71090443
269831,4369723030,Cigna,Yuan Renminbi,Paid,394352457
403852,8998626609,Cigna,Lek,Paid,581906070
545444,7742962306,Cigna,Franc,Paid,719019779
199390,4401127436,Blue Cross Blue Shield,Euro,Unpaid,649261849
774435,5091221646,Cigna,Cordoba,Partial,333221560
927023,1184713060,Blue Cross Blue Shield,Ruble,Partial,372813190
460364,3422799705,Aetna,Yen,Partial,85007457
429984,9533337443,Cigna,Yuan Renminbi,Unpaid,388072192
219721,4266435931,Cigna,Hryvnia,Unpaid,502880069
653939,8549371818,Blue Cross Blue Shield,Kyat,Unpaid,403168081
184739,7669572140,Cigna,Dollar,Partial,444020272
482889,1601266455,Cigna,Peso,Unpaid,643925198
410577,7483706315,Blue Cross Blue Shield,Yuan Renminbi,Unpaid,395843428
705383,9753818028,Blue Cross Blue Shield,Yen,Unpaid,567334355
330851,2286589174,Blue Cross Blue Shield,Euro,Unpaid,388051628
690881,8331835586,Aetna,Yuan Renminbi,Paid,390924633
874486,1028601419,Aetna,Yen,Paid,416720452
810624,8362407438,Blue Cross Blue Shield,Euro,Partial,797659316
552052,6045467604,Blue Cross Blue Shield,Rupiah,Partial,752517319
605315,7571743793,Cigna,Pound,Unpaid,47866943
833971,7837044674,Cigna,Peso,Unpaid,877265404
882767,9203751365,Cigna,Krona,Paid,228493718
709512,5047851408,Aetna,Lempira,Unpaid,806283022
794787,1772364331,Blue Cross Blue Shield,Rupiah,Partial,939205933
333952,3738684449,Cigna,Krona,Partial,257708969
253966,7188617004,Aetna,Dollar,Partial,883510909
620714,8133895057,Blue Cross Blue Shield,Yuan Renminbi,Partial,472481729
153345,7614773257,Blue Cross Blue Shield,Yuan Renminbi,Paid,780975441
436272,3517523420,Blue Cross Blue Shield,Yuan Renminbi,Unpaid,873684294
971189,6819002099,Blue Cross Blue Shield,Rupiah,Partial,318485506
580060,5209346618,Aetna,Krona,Paid,970283344
941999,4531845575,Cigna,Yuan Renminbi,Partial,813290433
480919,5894057635,Blue Cross Blue Shield,Rupiah,Unpaid,684321934
765200,7337345181,Cigna,Lev,Unpaid,396824525
574552,1584857869,Blue Cross Blue Shield,Euro,Partial,747195788
589112,3867547825,Blue Cross Blue Shield,Peso,Paid,738184994
910074,4643958408,Cigna,Tugrik,Unpaid,306449774
171081,2719274927,Aetna,Peso,Paid,31093536
441254,6774644161,Cigna,Yuan Renminbi,Paid,443159557
617341,8816486757,Blue Cross Blue Shield,Shilling,Unpaid,505834958
502035,3101578025,Aetna,Peso,Paid,732127954
309202,5179680655,Cigna,Rial,Partial,203291276
134172,3065030505,Blue Cross Blue Shield,Peso,Unpaid,699496459
669118,8414451047,Aetna,Euro,Paid,384857728
431586,6829680633,Blue Cross Blue Shield,Franc,Unpaid,820763212
705582,7247942450,Blue Cross Blue Shield,Euro,Partial,632031678
167673,2979868842,Aetna,Yuan Renminbi,Unpaid,45145366
718395,8157991202,Cigna,Rupiah,Partial,404231713
772754,8595162914,Aetna,Dollar,Partial,769193118
338219,7199622254,Aetna,Euro,Paid,858031186
435059,7566584940,Cigna,Yuan Renminbi,Unpaid,666404959
582986,1289053317,Aetna,Real,Unpaid,995167361
512185,2791980019,Blue Cross Blue Shield,Dram,Paid,969806601
694496,1012744187,Blue Cross Blue Shield,Real,Paid,161179524
935059,7549828509,Blue Cross Blue Shield,Litas,Paid,587742970
954380,5241943628,Aetna,Lempira,Paid,312156718
526432,9893471448,Cigna,Peso,Partial,800183744
372597,2526906582,Aetna,Peso,Paid,582841888
475329,9757270676,Aetna,Sol,Partial,5567131
497358,2542138468,Aetna,Yuan Renminbi,Partial,505693890
325301,9017714279,Cigna,Yuan Renminbi,Paid,791250786
755316,9703485221,Blue Cross Blue Shield,Peso,Paid,130571109
528959,3852696843,Blue Cross Blue Shield,Sol,Unpaid,875417523
188337,1761455682,Blue Cross Blue Shield,Krone,Unpaid,842734890
775381,4159970646,Cigna,Dollar,Partial,533119949
863459,4094230097,Cigna,Dollar,Unpaid,240344681
323376,6451747369,Cigna,Rupiah,Partial,966324907
729866,4795333577,Blue Cross Blue Shield,Peso,Paid,267175698
501801,1624916112,Cigna,Baht,Unpaid,789751037
990581,8637512354,Blue Cross Blue Shield,Tugrik,Paid,864220310
222921,7712190688,Cigna,Yuan Renminbi,Partial,734341774
734483,3431937972,Cigna,Yuan Renminbi,Partial,864719756
127209,5325123769,Blue Cross Blue Shield,Yuan Renminbi,Partial,697049992
956079,2471379742,Cigna,Hryvnia,Unpaid,187125560
162984,6146365327,Aetna,Rupiah,Unpaid,28045487
496466,4839717593,Cigna,Peso,Partial,558447165
645599,6055697059,Cigna,Yuan Renminbi,Paid,908185378
435709,7893927174,Aetna,Baht,Partial,495424841
343344,1275164524,Aetna,Yen,Partial,752047936
918183,4679143669,Cigna,Euro,Partial,313519494
741298,9123821511,Aetna,Cedi,Unpaid,520593545
307859,5945347726,Cigna,Rupiah,Partial,110191095
186642,6965348116,Aetna,Real,Partial,676935066
898132,5093562492,Aetna,Dirham,Partial,61612635
651172,5645288401,Cigna,Euro,Unpaid,760052236
834607,9599180290,Blue Cross Blue Shield,Yuan Renminbi,Unpaid,758646284
799249,2501724863,Blue Cross Blue Shield,Yuan Renminbi,Partial,223365582
287720,6167475316,Blue Cross Blue Shield,Yen,Partial,715222613
301047,4701318588,Aetna,Krone,Unpaid,974261172
118170,5844807243,Blue Cross Blue Shield,Ringgit,Partial,455378373
802990,9559122540,Blue Cross Blue Shield,Euro,Partial,993573279
244572,3368262550,Cigna,Peso,Partial,429524030
210340,9662699537,Cigna,Peso,Unpaid,503292829
909889,9531533768,Aetna,Yuan Renminbi,Unpaid,526234604
765366,7482215370,Aetna,Rupiah,Partial,389263482
277042,3428185537,Aetna,Rupiah,Unpaid,423750746
418545,5328620107,Aetna,Euro,Unpaid,167149706
750241,7253881967,Cigna,Yuan Renminbi,Unpaid,725148885
927870,6908221107,Cigna,Krona,Paid,271367290
926065,1483758193,Cigna,Euro,Unpaid,360920760
738555,8567120050,Blue Cross Blue Shield,Zloty,Paid,351155334
805443,5569580834,Aetna,Yuan Renminbi,Unpaid,398053484
777213,1555163968,Blue Cross Blue Shield,Euro,Unpaid,446219873
995379,6056228364,Aetna,Zloty,Partial,610671700
158002,2382057279,Aetna,Shilling,Unpaid,62402667
688401,4271219151,Aetna,Euro,Partial,476321216
943602,1645558227,Cigna,Peso,Partial,680145556
898019,4552224506,Aetna,Dong,Unpaid,636520697
157381,6183958871,Cigna,Yuan Renminbi,Partial,829420116
663412,7369884907,Cigna,Zloty,Paid,505455481
704722,8341063948,Aetna,Pound,Unpaid,348420494
122623,5532696999,Blue Cross Blue Shield,Peso,Partial,677253395
236093,1104478678,Cigna,Rand,Partial,835227317
586404,3351842701,Blue Cross Blue Shield,Yuan Renminbi,Partial,338410930
635847,9269812198,Cigna,Euro,Partial,82516801
332796,3452289602,Blue Cross Blue Shield,Yuan Renminbi,Partial,490636288
535834,2922856818,Cigna,Yuan Renminbi,Paid,830911448
600008,9458774845,Aetna,Euro,Partial,307020250
519210,4712230555,Aetna,Euro,Paid,653344568
728230,1756478130,Aetna,Naira,Paid,803974891
301341,4683198292,Blue Cross Blue Shield,Euro,Partial,319052571
158707,3138787613,Blue Cross Blue Shield,Euro,Paid,456625759
713116,4123707333,Aetna,Dollar,Unpaid,286802785
116825,3785873875,Cigna,Dinar,Unpaid,160595895
694380,1069806620,Aetna,Kuna,Unpaid,394950834
472400,9987014538,Aetna,Rupiah,Paid,664878310
146397,8018927905,Aetna,Krona,Unpaid,411640905
715377,8624199882,Cigna,Yuan Renminbi,Unpaid,766949552
236752,8779481737,Blue Cross Blue Shield,Euro,Unpaid,136525515
955913,4468900212,Cigna,Krona,Unpaid,629360169
430595,8609517550,Cigna,Koruna,Unpaid,978079253
665764,5532588199,Cigna,Pound,Unpaid,740012748
875571,9157328719,Aetna,Tugrik,Unpaid,634565899
738486,7982813403,Aetna,Ruble,Partial,170169666
556964,2644478181,Aetna,Lek,Unpaid,575653879
391810,3725950594,Blue Cross Blue Shield,Peso,Paid,613797911
380321,6208566892,Cigna,Ruble,Paid,805570965
764236,4952670735,Aetna,Pound,Paid,533980153
627127,4676533902,Cigna,Euro,Paid,410895481
896975,6266335521,Cigna,Sol,Paid,172199378
550107,8519375584,Aetna,Yuan Renminbi,Paid,42603162
781656,9079934757,Aetna,Euro,Unpaid,457685546
514664,4676064198,Cigna,Yuan Renminbi,Paid,737188999
209245,5413926156,Cigna,Koruna,Paid,941996225
771940,8674409888,Blue Cross Blue Shield,Franc,Unpaid,334830018
445728,6976660108,Aetna,Yuan Renminbi,Unpaid,827834808
432775,3944549551,Aetna,Krona,Paid,82428620
750225,4758879151,Cigna,Ruble,Partial,920397895
599232,3066460173,Blue Cross Blue Shield,Zloty,Unpaid,598094261
213537,1797310842,Cigna,Euro,Unpaid,710298268
558676,2198157448,Aetna,Yuan Renminbi,Unpaid,544336421
756175,9152106991,Blue Cross Blue Shield,Euro,Partial,701693862
841784,5583612575,Cigna,Sol,Paid,617236500
294462,3952998633,Aetna,Rupiah,Paid,426606480
415457,2027061317,Blue Cross Blue Shield,Yuan Renminbi,Unpaid,954134662
741549,9951249822,Aetna,Rupiah,Paid,970865766
548176,7869606309,Blue Cross Blue Shield,Yuan Renminbi,Partial,483638406
843247,3347967028,Blue Cross Blue Shield,Rupiah,Unpaid,705580317
763625,4704390716,Cigna,Rupiah,Paid,799059055
710034,7111229858,Aetna,Krona,Unpaid,17338453
311871,4325293536,Blue Cross Blue Shield,Euro,Unpaid,377306027
470590,1282105027,Aetna,Yen,Partial,588625438
470566,8052616887,Cigna,Zloty,Unpaid,858545236
345781,9218485999,Blue Cross Blue Shield,Rupiah,Partial,207627194
957021,4379092721,Cigna,Ruble,Partial,886836391
694333,7655470396,Blue Cross Blue Shield,Lari,Unpaid,357098270
367386,7936639226,Blue Cross Blue Shield,Rupiah,Partial,749114152
417193,4448708499,Blue Cross Blue Shield,Dinar,Paid,642128006
377650,1439683672,Aetna,Euro,Unpaid,54104016
185375,5256537294,Blue Cross Blue Shield,Sol,Unpaid,65340054
220661,2609240364,Blue Cross Blue Shield,Ruble,Unpaid,127514732
833118,6086101366,Cigna,Peso,Partial,603227507
982718,1062810848,Aetna,Krona,Unpaid,793312476
943822,8463730011,Blue Cross Blue Shield,Real,Partial,926837897
871437,3546311210,Cigna,Pula,Partial,651066349
466284,4787320880,Aetna,Euro,Unpaid,738850041
658397,7841543784,Blue Cross Blue Shield,Euro,Paid,905531458
327331,9828816371,Blue Cross Blue Shield,Dinar,Paid,202945400
315983,4738775967,Cigna,Yuan Renminbi,Partial,948692529
760845,3542407054,Aetna,Zloty,Unpaid,954112687
700248,7136638823,Aetna,Euro,Paid,353318290
786267,5717563485,Blue Cross Blue Shield,Dollar,Partial,38612144
499503,4031795316,Blue Cross Blue Shield,Euro,Paid,878198207
836945,7045131297,Blue Cross Blue Shield,Yuan Renminbi,Paid,30260222
436667,2427558479,Aetna,Real,Paid,416034690
798205,7985448040,Aetna,Manat,Partial,865213684
696071,5281973290,Blue Cross Blue Shield,Hryvnia,Partial,693441454
747235,9634549236,Cigna,Tugrik,Partial,595184482
263353,7329163435,Blue Cross Blue Shield,Ringgit,Paid,36541113
120260,2549400262,Cigna,Tenge,Unpaid,267413981
304261,5725019595,Aetna,Yuan Renminbi,Unpaid,118145479
528758,6105895054,Cigna,Yen,Unpaid,56538788
626512,5699056872,Cigna,Dollar,Paid,631870869
761417,9148262155,Blue Cross Blue Shield,Real,Unpaid,627832947
555294,4186719929,Cigna,Ruble,Paid,963998441
686462,1227570965,Cigna,Euro,Partial,783858327
281472,4886667847,Cigna,Dinar,Unpaid,787822005
884547,1641760619,Aetna,Yuan Renminbi,Partial,751031194
855934,7592293384,Cigna,Peso,Paid,655100135
319430,2942071886,Cigna,Yuan Renminbi,Unpaid,668110119
511851,3863306036,Aetna,Naira,Partial,686409607
248050,8402865517,Blue Cross Blue Shield,Yuan Renminbi,Paid,759161476
402606,8162643664,Aetna,Shekel,Partial,569000498
140517,9534629256,Blue Cross Blue Shield,Koruna,Paid,53392125
443677,4338811344,Aetna,Real,Paid,355821067
141977,3961866957,Aetna,Zloty,Paid,190058585
461287,3324484508,Blue Cross Blue Shield,Real,Unpaid,795916875
511094,4395778942,Cigna,Sol,Unpaid,904946044
379298,4092228612,Blue Cross Blue Shield,Yuan Renminbi,Unpaid,750457543
711238,5635423517,Cigna,Rupiah,Partial,911206717
203490,3801003450,Aetna,Peso,Partial,978085718
704115,7886524338,Blue Cross Blue Shield,Yuan Renminbi,Partial,772647129
201862,6991205612,Blue Cross Blue Shield,Rupiah,Unpaid,644204092
426856,9228642559,Aetna,Euro,Partial,927165195
881854,4465668826,Cigna,Peso,Paid,418668646
303124,7841283028,Cigna,Yuan Renminbi,Partial,400366873
520856,8295299940,Aetna,Krona,Unpaid,604383105
471674,6664626066,Blue Cross Blue Shield,Rupiah,Partial,786646728
443453,3258687239,Aetna,Hryvnia,Partial,747988027
570352,1393581859,Aetna,Sol,Unpaid,515946802
111389,5304408626,Cigna,Euro,Unpaid,421660732
404812,7115065791,Aetna,Afghani,Paid,123224346
967078,9907732924,Blue Cross Blue Shield,Yen,Paid,298641329
740685,6705551614,Cigna,Rupee,Unpaid,544608506
931568,2273380439,Aetna,Bolivar,Partial,305845556
797468,5145754996,Aetna,Yen,Paid,635180616
921843,4091276038,Blue Cross Blue Shield,Yuan Renminbi,Partial,254289496
574800,3702739506,Cigna,Ruble,Partial,744132499
869078,8527016179,Cigna,Ariary,Unpaid,838486941
699394,8395027923,Blue Cross Blue Shield,Ruble,Paid,14003406
176497,7127743482,Blue Cross Blue Shield,Yuan Renminbi,Paid,2232128
147847,4839867612,Aetna,Dinar,Partial,937385430
264307,3974621810,Blue Cross Blue Shield,Kyat,Unpaid,568706422
306537,7796686103,Blue Cross Blue Shield,Ringgit,Partial,872187881
873777,3417134920,Aetna,Yen,Paid,216523313
405773,6348534797,Aetna,Lek,Unpaid,84624609
228160,5815522390,Blue Cross Blue Shield,Naira,Unpaid,335106388
195327,7791118749,Aetna,Peso,Paid,878716595
352485,9076760876,Aetna,Euro,Paid,666832461
175205,5959420897,Blue Cross Blue Shield,Peso,Partial,710642619
903517,5186402775,Cigna,Krona,Paid,831776062
174282,2852435710,Blue Cross Blue Shield,Yuan Renminbi,Unpaid,786222900
712981,2818316418,Cigna,Euro,Unpaid,515400834
613771,5317806181,Cigna,Yuan Renminbi,Partial,952690846
112423,8608843024,Cigna,Dong,Partial,841533027
806371,7868760081,Blue Cross Blue Shield,Yuan Renminbi,Unpaid,654504908
