doctor_id,first_name,last_name,age,email,specialty,years_of_experience,patient_id
11302,Aurilia,Mailey,66,amailey0@blogspot.com,Cardiology,7,619486079
11303,Selina,Gyer,70,sgyer1@alibaba.com,Dermatology,6,892708688
11304,Hanni,Byfield,44,hbyfield2@mozilla.com,Neurology,31,22195242
11305,Marjorie,Stollenberg,34,mstollenberg3@marriott.com,Cardiology,39,668808523
11306,Kerrill,Slite,36,kslite4@smh.com.au,Gastroenterology,26,467612663
11307,Romonda,Severs,63,rsevers5@macromedia.com,Dermatology,21,61715603
11308,Anissa,Kalvin,37,akalvin6@wiley.com,Dermatology,26,412618858
11309,Darrelle,Bafford,55,dbafford7@shutterfly.com,Psychiatry,19,947226484
11310,Delainey,Vyvyan,25,dvyvyan8@ucla.edu,Cardiology,19,801335117
11311,Marjy,Devericks,25,mdevericks9@latimes.com,Neurology,19,737229538
11312,Camellia,Privett,46,cprivetta@wunderground.com,Dermatology,28,636959196
11313,Darlleen,Bahde,38,dbahdeb@lulu.com,Neurology,7,299616270
11314,Weider,Seers,27,wseersc@dyndns.org,Neurology,1,998132204
11315,Giulio,Keme,41,gkemed@craigslist.org,Neurology,38,676991253
11316,Felicio,Cloutt,61,fcloutte@amazon.co.uk,Oncology,26,535659829
11317,Carmina,Randales,25,crandalesf@illinois.edu,Neurology,5,997566304
11318,Leland,Ledekker,38,lledekkerg@kickstarter.com,Psychiatry,4,518353983
11319,Toddie,Sorey,46,tsoreyh@wunderground.com,Pediatrics,40,973884491
11320,Nolly,Lenden,47,nlendeni@elegantthemes.com,Cardiology,17,19218704
11321,Olva,Fennelly,44,ofennellyj@sakura.ne.jp,Cardiology,21,270549175
11322,Montgomery,McGill,30,mmcgillk@dell.com,Cardiology,21,209923864
11323,Chrystel,Kleinholz,60,ckleinholzl@soundcloud.com,Psychiatry,7,137555123
11324,Morten,Pindar,48,mpindarm@mail.ru,Neurology,11,140977191
11325,Staci,Filochov,42,sfilochovn@intel.com,Surgery,27,636359507
11326,Cassy,Redman,25,credmano@odnoklassniki.ru,Surgery,9,70148713
11327,Federico,Bardill,36,fbardillp@europa.eu,Cardiology,26,383354783
11328,Beverlee,Barnhart,36,bbarnhartq@usnews.com,Dermatology,35,704120718
11329,Normie,Whickman,30,nwhickmanr@smh.com.au,Neurology,25,268909923
11330,Derward,Hallgath,69,dhallgaths@tumblr.com,Cardiology,27,451085417
11331,Cherlyn,Gaskins,27,cgaskinst@fc2.com,Gastroenterology,12,175968229
11332,Wallis,MacLeod,56,wmacleodu@noaa.gov,Neurology,10,610584136
11333,Laina,McCrum,36,lmccrumv@columbia.edu,Psychiatry,33,561344897
11334,Massimiliano,Moston,62,mmostonw@gravatar.com,Oncology,4,998726632
11335,Kris,Gasticke,66,kgastickex@stanford.edu,Gastroenterology,16,337089339
11336,Lon,Cokely,39,lcokelyy@merriam-webster.com,Oncology,18,706231568
11337,Jeremias,Giovannini,48,jgiovanniniz@answers.com,Neurology,37,918665870
11338,Zeb,Bartalini,41,zbartalini10@cargocollective.com,Gastroenterology,39,705611321
11339,Saw,Johnys,44,sjohnys11@mapy.cz,Psychiatry,21,270932787
11340,Dorris,Ferminger,67,dferminger12@uol.com.br,Cardiology,16,223978219
11341,Allsun,Broughton,67,abroughton13@berkeley.edu,Neurology,11,149248170
11342,Bert,Chivers,66,bchivers14@icq.com,Neurology,27,265070821
11343,Saunders,Rolfi,67,srolfi15@ted.com,Pediatrics,14,545441107
11344,Othello,MacCrann,66,omaccrann16@google.com.hk,Oncology,10,485141889
11345,Darcey,Caneo,25,dcaneo17@imageshack.us,Psychiatry,17,763165452
11346,Bradly,Dive,50,bdive18@alibaba.com,Oncology,26,685725493
11347,Lynn,Dale,57,ldale19@uol.com.br,Gastroenterology,26,182844664
11348,Chandal,Proswell,42,cproswell1a@ftc.gov,Gastroenterology,33,916677356
11349,Aurora,Scholte,67,ascholte1b@newyorker.com,Psychiatry,15,357367853
11350,Uta,Killock,50,ukillock1c@cnn.com,Surgery,13,622392191
11351,Tobie,Spatoni,35,tspatoni1d@myspace.com,Psychiatry,12,43273828
11352,Jermain,Jammet,33,jjammet1e@yelp.com,Gastroenterology,14,86155929
11353,Jarret,Pitchford,36,jpitchford1f@360.cn,Dermatology,27,507055576
11354,Henka,Blasetti,68,hblasetti1g@ft.com,Cardiology,1,307893801
11355,Vernice,Eim,30,veim1h@mlb.com,Dermatology,3,663957156
11356,Norrie,Cottage,29,ncottage1i@earthlink.net,Oncology,32,714333176
11357,Salomon,Buxsy,45,sbuxsy1j@g.co,Neurology,24,400106479
11358,Arnold,Stannion,46,astannion1k@reverbnation.com,Pediatrics,14,995096308
11359,Juline,Figgins,32,jfiggins1l@google.de,Oncology,15,798502775
11360,Moyra,Beckham,41,mbeckham1m@edublogs.org,Gastroenterology,18,419853502
11361,Devin,McKinnell,51,dmckinnell1n@wordpress.org,Oncology,5,451414638
11362,Arlene,Canceller,69,acanceller1o@dailymail.co.uk,Gastroenterology,6,568952270
11363,Darin,Arunowicz,33,darunowicz1p@4shared.com,Oncology,31,493466447
11364,Marcellina,Heckner,56,mheckner1q@ow.ly,Gastroenterology,11,141915822
11365,Ellynn,McGillivray,25,emcgillivray1r@a8.net,Neurology,17,244505818
11366,Flin,Brodeau,52,fbrodeau1s@instagram.com,Dermatology,39,497746884
11367,Marj,Sertin,59,msertin1t@jugem.jp,Pediatrics,6,602220202
11368,Antoine,MacMorland,49,amacmorland1u@economist.com,Dermatology,5,428589723
11369,Bonnie,Ashmore,45,bashmore1v@globo.com,Pediatrics,19,281852462
11370,Howey,Chastang,44,hchastang1w@godaddy.com,Dermatology,3,819361042
11371,Rivi,Redgrave,46,rredgrave1x@spiegel.de,Oncology,23,893389209
11372,Leann,Ruf,30,lruf1y@hao123.com,Pediatrics,14,84494254
11373,Lilla,Beagrie,47,lbeagrie1z@house.gov,Dermatology,32,533454936
11374,Prentice,Virgin,66,pvirgin20@foxnews.com,Cardiology,16,819542153
11375,Clayborne,Pancost,62,cpancost21@hhs.gov,Dermatology,10,428101685
11376,Kippie,Kirtley,69,kkirtley22@columbia.edu,Dermatology,26,237724864
11377,Noby,Maitland,32,nmaitland23@blogspot.com,Pediatrics,26,807574651
11378,Terrel,Blenkharn,35,tblenkharn24@cnbc.com,Surgery,11,356217138
11379,Bertram,Fancourt,55,bfancourt25@guardian.co.uk,Surgery,25,264503896
11380,Margette,Grigorkin,47,mgrigorkin26@fotki.com,Oncology,33,332749365
11381,Cornall,Robiou,27,crobiou27@nationalgeographic.com,Dermatology,22,110885783
11382,Noble,Kidson,31,nkidson28@wikia.com,Pediatrics,4,435852138
11383,Anthia,Nicely,64,anicely29@altervista.org,Pediatrics,28,23289163
11384,Caren,Ivankov,28,civankov2a@sourceforge.net,Dermatology,31,210758845
11385,Eartha,Lawrinson,44,elawrinson2b@webmd.com,Pediatrics,26,420377926
11386,Rod,Reedick,26,rreedick2c@aboutads.info,Pediatrics,28,71883115
11387,Harold,Coulthurst,48,hcoulthurst2d@who.int,Surgery,36,519021437
11388,Sanson,Overbury,65,soverbury2e@sciencedaily.com,Surgery,23,819499806
11389,Durand,Domenici,38,ddomenici2f@live.com,Pediatrics,17,357174398
11390,Sheila,Carriage,52,scarriage2g@github.com,Pediatrics,3,118718403
11391,Bamby,Cheyne,68,bcheyne2h@xinhuanet.com,Pediatrics,31,682730119
11392,Carny,Bottby,32,cbottby2i@mac.com,Oncology,24,779692843
11393,Marlo,Lascell,53,mlascell2j@cmu.edu,Pediatrics,10,966561466
11394,Hobey,Copson,61,hcopson2k@comcast.net,Gastroenterology,26,428639568
11395,Lennard,Hollyman,30,lhollyman2l@chronoengine.com,Cardiology,39,872993792
11396,Christine,Clemson,64,cclemson2m@baidu.com,Psychiatry,20,211820509
11397,Myra,Aldcorn,40,maldcorn2n@oracle.com,Surgery,40,973051723
11398,Efren,Ketchaside,64,eketchaside2o@macromedia.com,Psychiatry,18,402541488
11399,Warner,Broseke,57,wbroseke2p@free.fr,Psychiatry,18,812263271
11400,Klement,Pavelin,39,kpavelin2q@fc2.com,Dermatology,28,486519720
11401,Berna,Collumbine,42,bcollumbine2r@live.com,Neurology,25,263114127
11402,Cassandry,Forge,29,cforge2s@cpanel.net,Cardiology,8,363429428
11403,Odilia,Loxley,35,oloxley2t@wiley.com,Psychiatry,34,980267652
11404,Sheila-kathryn,Jaray,69,sjaray2u@constantcontact.com,Cardiology,32,625704501
11405,Uri,Timbs,27,utimbs2v@dailymotion.com,Cardiology,31,27052530
11406,Cathryn,Godon,52,cgodon2w@salon.com,Gastroenterology,36,580152369
11407,Kelcey,Scobbie,70,kscobbie2x@github.com,Psychiatry,40,665158476
11408,Erl,Blackaller,42,eblackaller2y@edublogs.org,Oncology,9,868965426
11409,Grady,Bartholat,49,gbartholat2z@google.nl,Dermatology,19,170168746
11410,Giulietta,Pennings,58,gpennings30@google.com,Dermatology,8,850786317
11411,Eada,Sumpter,47,esumpter31@nationalgeographic.com,Gastroenterology,15,986935235
11412,Kendre,Swatridge,29,kswatridge32@comsenz.com,Psychiatry,22,330037848
11413,Alonso,Tillyer,45,atillyer33@mapy.cz,Neurology,14,863907370
11414,Britta,Cabrera,36,bcabrera34@timesonline.co.uk,Psychiatry,9,637676207
11415,Charmaine,Menichino,48,cmenichino35@engadget.com,Gastroenterology,26,355755490
11416,Care,Keningham,58,ckeningham36@illinois.edu,Oncology,19,758980115
11417,Flem,Shillabear,40,fshillabear37@netvibes.com,Psychiatry,11,927568245
11418,Claudell,Boules,36,cboules38@rakuten.co.jp,Oncology,11,556553122
11419,Mellicent,Retchford,37,mretchford39@unc.edu,Surgery,3,265104769
11420,Linnea,Gilpin,67,lgilpin3a@instagram.com,Dermatology,19,495145350
11421,Ian,Keilloh,56,ikeilloh3b@google.co.uk,Surgery,7,542987340
11422,Drona,Gourley,62,dgourley3c@feedburner.com,Dermatology,7,343416509
11423,Jacqueline,Ledwith,62,jledwith3d@deliciousdays.com,Oncology,34,879419974
11424,Barth,Noir,54,bnoir3e@a8.net,Surgery,16,465471842
11425,Ilario,Roggers,69,iroggers3f@mediafire.com,Oncology,21,394561574
11426,Brucie,Beagles,66,bbeagles3g@sbwire.com,Surgery,18,678980314
11427,Nyssa,Sciacovelli,54,nsciacovelli3h@flavors.me,Psychiatry,2,628975390
11428,Robena,Paulig,38,rpaulig3i@csmonitor.com,Cardiology,19,786632343
11429,Giraud,Shirtcliffe,64,gshirtcliffe3j@ycombinator.com,Surgery,31,780389679
11430,Waylon,Accombe,63,waccombe3k@hatena.ne.jp,Psychiatry,14,894988093
11431,Winn,Walklot,67,wwalklot3l@ifeng.com,Pediatrics,25,85912857
11432,Patty,Betjes,34,pbetjes3m@uiuc.edu,Surgery,31,464105653
11433,Laurens,Jesty,29,ljesty3n@vk.com,Dermatology,37,501240471
11434,Raimundo,Vasser,56,rvasser3o@nature.com,Dermatology,34,736976614
11435,Aurie,Saffell,31,asaffell3p@tinypic.com,Dermatology,28,189195112
11436,Mandel,Sapseed,28,msapseed3q@wisc.edu,Surgery,28,970400818
11437,Karee,Fry,25,kfry3r@sun.com,Oncology,5,328916208
11438,Archy,Dudson,41,adudson3s@wp.com,Psychiatry,13,725137844
11439,Teodorico,Mattiuzzi,67,tmattiuzzi3t@nature.com,Psychiatry,3,878816364
11440,Pete,Wonfor,33,pwonfor3u@prlog.org,Psychiatry,4,645873334
11441,Gail,Hessel,62,ghessel3v@latimes.com,Oncology,4,647910025
11442,Floris,Braid,29,fbraid3w@dailymail.co.uk,Oncology,21,807001272
11443,Byrle,Rimer,49,brimer3x@sogou.com,Dermatology,4,345537363
11444,Anselma,Amphlett,60,aamphlett3y@ucoz.com,Dermatology,7,972176057
11445,Ira,Smeal,49,ismeal3z@craigslist.org,Dermatology,18,923473238
11446,Katheryn,Zoephel,47,kzoephel40@fc2.com,Psychiatry,6,923137516
11447,Raynard,Celiz,32,rceliz41@apple.com,Cardiology,28,297181670
11448,Matt,Wicher,53,mwicher42@admin.ch,Psychiatry,9,830274531
11449,Silvanus,Woodman,35,swoodman43@biblegateway.com,Cardiology,27,967019844
11450,Engelbert,Crosoer,68,ecrosoer44@salon.com,Pediatrics,37,454949492
11451,Claudia,Hariot,60,chariot45@symantec.com,Neurology,33,317356374
11452,Carmen,Pygott,45,cpygott46@hexun.com,Neurology,1,98693118
11453,Skye,Inchboard,44,sinchboard47@instagram.com,Surgery,25,859007943
11454,Debra,Aitkenhead,56,daitkenhead48@free.fr,Gastroenterology,13,936928571
11455,Orin,Sidebotton,47,osidebotton49@adobe.com,Psychiatry,27,205802252
11456,Tanner,O'Nolan,44,tonolan4a@dedecms.com,Pediatrics,7,491186752
11457,Crystie,Brahm,38,cbrahm4b@wikimedia.org,Psychiatry,40,223671959
11458,Sigismund,Walker,59,swalker4c@amazon.co.uk,Psychiatry,40,574472765
11459,Russell,Benois,70,rbenois4d@go.com,Oncology,31,952307752
11460,Carree,Stockell,67,cstockell4e@goo.gl,Neurology,10,147194170
11461,Homere,Troman,37,htroman4f@dedecms.com,Oncology,14,854815299
11462,Far,Dopson,30,fdopson4g@elegantthemes.com,Cardiology,6,440602340
11463,Stevie,Aleso,30,saleso4h@oakley.com,Neurology,17,442514024
11464,Zack,Balloch,67,zballoch4i@cnet.com,Cardiology,11,367039032
11465,Yetty,Glawsop,30,yglawsop4j@amazon.de,Cardiology,35,221469783
11466,Gunter,Crossingham,26,gcrossingham4k@cargocollective.com,Gastroenterology,35,984167189
11467,Romeo,Freestone,46,rfreestone4l@woothemes.com,Neurology,30,787798578
11468,Anetta,Pool,56,apool4m@themeforest.net,Cardiology,5,142845775
11469,Eddie,Turnock,49,eturnock4n@biglobe.ne.jp,Gastroenterology,3,821563403
11470,Kalila,Guiraud,66,kguiraud4o@4shared.com,Neurology,33,113428938
11471,Birdie,Pepperill,55,bpepperill4p@vkontakte.ru,Pediatrics,23,278052903
11472,Armstrong,Brewers,60,abrewers4q@shutterfly.com,Dermatology,17,27219464
11473,Ketty,Morrant,69,kmorrant4r@purevolume.com,Dermatology,17,629539270
11474,Ludovika,Willcocks,28,lwillcocks4s@nps.gov,Dermatology,3,522766694
11475,Terra,Szimoni,36,tszimoni4t@jigsy.com,Surgery,24,704278225
11476,Fin,Peasee,40,fpeasee4u@omniture.com,Pediatrics,18,809434019
11477,Vern,Kindread,66,vkindread4v@time.com,Psychiatry,35,285355146
11478,Lowell,Kale,48,lkale4w@seesaa.net,Pediatrics,22,448795592
11479,Mavra,Applewhaite,57,mapplewhaite4x@whitehouse.gov,Neurology,14,330412646
11480,Shirley,Togher,69,stogher4y@over-blog.com,Pediatrics,39,936759440
11481,Desmond,Herculson,69,dherculson4z@icq.com,Psychiatry,34,617333642
11482,Jed,Darwent,47,jdarwent50@ocn.ne.jp,Oncology,8,149020403
11483,Jarret,Hurdidge,49,jhurdidge51@oaic.gov.au,Cardiology,15,589910221
11484,Helaine,Sleney,58,hsleney52@aol.com,Cardiology,26,518193599
11485,Jemie,MacPeice,70,jmacpeice53@prweb.com,Dermatology,36,242159553
11486,Ninetta,Garrioch,70,ngarrioch54@exblog.jp,Cardiology,32,134715238
11487,Baryram,Castagno,34,bcastagno55@desdev.cn,Cardiology,5,715650420
11488,Ginelle,Kopps,58,gkopps56@samsung.com,Surgery,20,914591828
11489,Elwin,Franklen,67,efranklen57@cam.ac.uk,Psychiatry,33,972153413
11490,Suzanne,Swainson,52,sswainson58@smugmug.com,Oncology,24,125269602
11491,Sheelagh,Norwell,26,snorwell59@odnoklassniki.ru,Neurology,32,719924698
11492,Alejoa,Kike,55,akike5a@drupal.org,Pediatrics,1,886564882
11493,Helenka,Cubbino,25,hcubbino5b@paginegialle.it,Psychiatry,23,91001578
11494,Parnell,Hulland,70,phulland5c@jigsy.com,Dermatology,32,772603404
11495,Franklin,Itscowicz,25,fitscowicz5d@printfriendly.com,Oncology,28,877066317
11496,Karim,Moulster,36,kmoulster5e@ibm.com,Dermatology,9,898517197
11497,Ricki,Haddow,27,rhaddow5f@topsy.com,Psychiatry,10,753891596
11498,Delmor,Pavlitschek,60,dpavlitschek5g@nps.gov,Neurology,26,62856092
11499,Cary,Stouther,70,cstouther5h@mozilla.com,Gastroenterology,8,986432212
11500,Amelita,Draycott,55,adraycott5i@blinklist.com,Dermatology,16,525470834
11501,Alvinia,Kinsella,29,akinsella5j@spotify.com,Surgery,26,700240328
11502,Cayla,Buckthorp,54,cbuckthorp5k@twitpic.com,Cardiology,3,320432402
11503,Kizzie,Frediani,56,kfrediani5l@pen.io,Dermatology,32,837749245
11504,Natalee,Wane,49,nwane5m@walmart.com,Pediatrics,2,559388733
11505,Clare,Swale,40,cswale5n@state.gov,Gastroenterology,29,231392472
11506,Bordy,Ondrus,57,bondrus5o@blogs.com,Neurology,40,821884164
11507,Aldridge,Toupe,43,atoupe5p@comcast.net,Gastroenterology,13,264174687
11508,Opaline,Smaile,34,osmaile5q@1und1.de,Neurology,24,84704238
11509,Toby,Snozzwell,32,tsnozzwell5r@de.vu,Oncology,13,666716175
11510,Philip,York,45,pyork5s@elegantthemes.com,Oncology,18,779941389
11511,Zacharie,Tompkins,61,ztompkins5t@nytimes.com,Surgery,23,316875241
11512,Josias,Plunkett,64,jplunkett5u@fotki.com,Pediatrics,40,145036888
11513,Barclay,Simms,29,bsimms5v@cloudflare.com,Gastroenterology,13,86604517
11514,Sallie,Aldham,41,saldham5w@ameblo.jp,Gastroenterology,36,848344783
11515,Zsa zsa,Millam,44,zmillam5x@reverbnation.com,Dermatology,31,565377768
11516,Lyssa,Jarrold,62,ljarrold5y@1und1.de,Dermatology,37,816548704
11517,Malvin,Bartholat,32,mbartholat5z@walmart.com,Cardiology,37,227010807
11518,Kingsly,Beevers,56,kbeevers60@engadget.com,Psychiatry,4,742041410
11519,Fransisco,Klezmski,30,fklezmski61@vistaprint.com,Dermatology,24,354636790
11520,Marcelia,Rainbow,36,mrainbow62@unc.edu,Gastroenterology,5,364779149
11521,Nicolis,Oatley,31,noatley63@go.com,Oncology,7,967051114
11522,Catha,Sofe,62,csofe64@utexas.edu,Cardiology,32,739531310
11523,Ellene,Avrahm,61,eavrahm65@webmd.com,Pediatrics,30,231170029
11524,Melody,Janczewski,30,mjanczewski66@google.ru,Psychiatry,21,415092686
11525,Betti,Blann,58,bblann67@reverbnation.com,Psychiatry,6,685766483
11526,Carmella,Prestie,44,cprestie68@t-online.de,Oncology,3,892466058
11527,Wade,Hefner,50,whefner69@hp.com,Surgery,37,667805562
11528,Flint,Macvain,51,fmacvain6a@vinaora.com,Neurology,15,345421752
11529,Dorian,Novotni,65,dnovotni6b@seattletimes.com,Psychiatry,31,197677169
11530,Jake,Cornwall,64,jcornwall6c@redcross.org,Dermatology,27,530103186
11531,Blanca,Bremmer,52,bbremmer6d@freewebs.com,Oncology,25,844561658
11532,Daffy,Ackwood,58,dackwood6e@slashdot.org,Oncology,32,316841341
11533,Sven,Leblanc,28,sleblanc6f@ucoz.ru,Pediatrics,37,322114020
11534,Jamison,Storms,56,jstorms6g@loc.gov,Cardiology,18,631285783
11535,Ibrahim,Rylstone,28,irylstone6h@hao123.com,Cardiology,1,747193545
11536,Tessa,Shyres,38,tshyres6i@google.com.hk,Pediatrics,14,857842158
11537,Alicia,Jellings,47,ajellings6j@springer.com,Psychiatry,26,847421326
11538,Dorise,Bantham,38,dbantham6k@marriott.com,Oncology,18,422046345
11539,Rudolfo,McElree,45,rmcelree6l@europa.eu,Dermatology,16,62674061
11540,Annabelle,Kyme,69,akyme6m@ft.com,Surgery,1,601918930
11541,Chiquia,Fairholme,29,cfairholme6n@blogs.com,Pediatrics,12,173607718
11542,Helaine,Egginton,34,hegginton6o@narod.ru,Pediatrics,34,785973041
11543,Frederich,Tyrone,61,ftyrone6p@sbwire.com,Gastroenterology,36,291078712
11544,Pia,Belamy,34,pbelamy6q@google.ru,Pediatrics,27,425269856
11545,Marvin,Drayn,29,mdrayn6r@bbc.co.uk,Dermatology,32,226934857
11546,Gaultiero,Simoneschi,41,gsimoneschi6s@earthlink.net,Surgery,9,120223760
11547,Manda,Thomtson,54,mthomtson6t@adobe.com,Psychiatry,30,448283482
11548,Robin,Buesnel,60,rbuesnel6u@upenn.edu,Oncology,33,170598357
11549,Reeba,Littleover,54,rlittleover6v@163.com,Gastroenterology,40,421045209
11550,Vern,Davern,67,vdavern6w@ameblo.jp,Psychiatry,22,607681595
11551,Noach,Smartman,60,nsmartman6x@google.ru,Pediatrics,6,889722477
11302,Aurilia,Mailey,66,amailey0@blogspot.com,Cardiology,15,203000145
11303,Selina,Gyer,70,sgyer1@alibaba.com,Dermatology,14,62505395
11304,Hanni,Byfield,44,hbyfield2@mozilla.com,Neurology,21,814755149
11305,Marjorie,Stollenberg,34,mstollenberg3@marriott.com,Cardiology,16,981089876
11306,Kerrill,Slite,36,kslite4@smh.com.au,Gastroenterology,30,333845615
11307,Romonda,Severs,63,rsevers5@macromedia.com,Dermatology,16,553237679
11308,Anissa,Kalvin,37,akalvin6@wiley.com,Dermatology,17,204913870
11309,Darrelle,Bafford,55,dbafford7@shutterfly.com,Psychiatry,39,206636350
11310,Delainey,Vyvyan,25,dvyvyan8@ucla.edu,Cardiology,31,790878684
11311,Marjy,Devericks,25,mdevericks9@latimes.com,Neurology,27,975972568
11312,Camellia,Privett,46,cprivetta@wunderground.com,Dermatology,6,225299968
11313,Darlleen,Bahde,38,dbahdeb@lulu.com,Neurology,24,290533830
11314,Weider,Seers,27,wseersc@dyndns.org,Neurology,7,426101339
11315,Giulio,Keme,41,gkemed@craigslist.org,Neurology,29,399388732
11316,Felicio,Cloutt,61,fcloutte@amazon.co.uk,Oncology,3,450658408
11317,Carmina,Randales,25,crandalesf@illinois.edu,Neurology,28,225825384
11318,Leland,Ledekker,38,lledekkerg@kickstarter.com,Psychiatry,39,88420477
11319,Toddie,Sorey,46,tsoreyh@wunderground.com,Pediatrics,8,915669969
11320,Nolly,Lenden,47,nlendeni@elegantthemes.com,Cardiology,16,298778071
11321,Olva,Fennelly,44,ofennellyj@sakura.ne.jp,Cardiology,7,296897508
11322,Montgomery,McGill,30,mmcgillk@dell.com,Cardiology,23,669017571
11323,Chrystel,Kleinholz,60,ckleinholzl@soundcloud.com,Psychiatry,25,641421685
11324,Morten,Pindar,48,mpindarm@mail.ru,Neurology,1,952728246
11325,Staci,Filochov,42,sfilochovn@intel.com,Surgery,27,73649927
11326,Cassy,Redman,25,credmano@odnoklassniki.ru,Surgery,13,671507928
11327,Federico,Bardill,36,fbardillp@europa.eu,Cardiology,23,286025845
11328,Beverlee,Barnhart,36,bbarnhartq@usnews.com,Dermatology,28,304922871
11329,Normie,Whickman,30,nwhickmanr@smh.com.au,Neurology,31,582980783
11330,Derward,Hallgath,69,dhallgaths@tumblr.com,Cardiology,19,288518803
11331,Cherlyn,Gaskins,27,cgaskinst@fc2.com,Gastroenterology,39,484167075
11332,Wallis,MacLeod,56,wmacleodu@noaa.gov,Neurology,27,772005956
11333,Laina,McCrum,36,lmccrumv@columbia.edu,Psychiatry,37,264582659
11334,Massimiliano,Moston,62,mmostonw@gravatar.com,Oncology,9,592112447
11335,Kris,Gasticke,66,kgastickex@stanford.edu,Gastroenterology,28,894373636
11336,Lon,Cokely,39,lcokelyy@merriam-webster.com,Oncology,24,497715155
11337,Jeremias,Giovannini,48,jgiovanniniz@answers.com,Neurology,22,438624573
11338,Zeb,Bartalini,41,zbartalini10@cargocollective.com,Gastroenterology,6,345715688
11339,Saw,Johnys,44,sjohnys11@mapy.cz,Psychiatry,33,132559883
11340,Dorris,Ferminger,67,dferminger12@uol.com.br,Cardiology,21,967079673
11341,Allsun,Broughton,67,abroughton13@berkeley.edu,Neurology,1,477166121
11342,Bert,Chivers,66,bchivers14@icq.com,Neurology,19,182844422
11343,Saunders,Rolfi,67,srolfi15@ted.com,Pediatrics,5,547880674
11344,Othello,MacCrann,66,omaccrann16@google.com.hk,Oncology,4,995701962
11345,Darcey,Caneo,25,dcaneo17@imageshack.us,Psychiatry,11,741359872
11346,Bradly,Dive,50,bdive18@alibaba.com,Oncology,35,20314008
11347,Lynn,Dale,57,ldale19@uol.com.br,Gastroenterology,17,646819878
11348,Chandal,Proswell,42,cproswell1a@ftc.gov,Gastroenterology,12,886992264
11349,Aurora,Scholte,67,ascholte1b@newyorker.com,Psychiatry,28,798580686
11350,Uta,Killock,50,ukillock1c@cnn.com,Surgery,4,137845579
11351,Tobie,Spatoni,35,tspatoni1d@myspace.com,Psychiatry,6,844857052
11352,Jermain,Jammet,33,jjammet1e@yelp.com,Gastroenterology,12,561739729
11353,Jarret,Pitchford,36,jpitchford1f@360.cn,Dermatology,26,589802751
11354,Henka,Blasetti,68,hblasetti1g@ft.com,Cardiology,8,938341356
11355,Vernice,Eim,30,veim1h@mlb.com,Dermatology,29,412252964
11356,Norrie,Cottage,29,ncottage1i@earthlink.net,Oncology,21,688954037
11357,Salomon,Buxsy,45,sbuxsy1j@g.co,Neurology,12,195133202
11358,Arnold,Stannion,46,astannion1k@reverbnation.com,Pediatrics,5,993194584
11359,Juline,Figgins,32,jfiggins1l@google.de,Oncology,9,751677696
11360,Moyra,Beckham,41,mbeckham1m@edublogs.org,Gastroenterology,4,629097045
11361,Devin,McKinnell,51,dmckinnell1n@wordpress.org,Oncology,28,734762728
11362,Arlene,Canceller,69,acanceller1o@dailymail.co.uk,Gastroenterology,16,184662655
11363,Darin,Arunowicz,33,darunowicz1p@4shared.com,Oncology,40,636811037
11364,Marcellina,Heckner,56,mheckner1q@ow.ly,Gastroenterology,24,633502640
11365,Ellynn,McGillivray,25,emcgillivray1r@a8.net,Neurology,28,539492226
11366,Flin,Brodeau,52,fbrodeau1s@instagram.com,Dermatology,16,359353686
11367,Marj,Sertin,59,msertin1t@jugem.jp,Pediatrics,33,804688279
11368,Antoine,MacMorland,49,amacmorland1u@economist.com,Dermatology,4,510708767
11369,Bonnie,Ashmore,45,bashmore1v@globo.com,Pediatrics,14,667148888
11370,Howey,Chastang,44,hchastang1w@godaddy.com,Dermatology,35,439725005
11371,Rivi,Redgrave,46,rredgrave1x@spiegel.de,Oncology,11,366580016
11372,Leann,Ruf,30,lruf1y@hao123.com,Pediatrics,29,832436540
11373,Lilla,Beagrie,47,lbeagrie1z@house.gov,Dermatology,32,118189821
11374,Prentice,Virgin,66,pvirgin20@foxnews.com,Cardiology,3,142386290
11375,Clayborne,Pancost,62,cpancost21@hhs.gov,Dermatology,39,10890207
11376,Kippie,Kirtley,69,kkirtley22@columbia.edu,Dermatology,29,364075393
11377,Noby,Maitland,32,nmaitland23@blogspot.com,Pediatrics,26,841358317
11378,Terrel,Blenkharn,35,tblenkharn24@cnbc.com,Surgery,20,830073825
11379,Bertram,Fancourt,55,bfancourt25@guardian.co.uk,Surgery,30,616964315
11380,Margette,Grigorkin,47,mgrigorkin26@fotki.com,Oncology,25,289140264
11381,Cornall,Robiou,27,crobiou27@nationalgeographic.com,Dermatology,5,564585080
11382,Noble,Kidson,31,nkidson28@wikia.com,Pediatrics,10,425903349
11383,Anthia,Nicely,64,anicely29@altervista.org,Pediatrics,25,79773476
11384,Caren,Ivankov,28,civankov2a@sourceforge.net,Dermatology,28,177646991
11385,Eartha,Lawrinson,44,elawrinson2b@webmd.com,Pediatrics,23,846745304
11386,Rod,Reedick,26,rreedick2c@aboutads.info,Pediatrics,39,988770075
11387,Harold,Coulthurst,48,hcoulthurst2d@who.int,Surgery,29,791742898
11388,Sanson,Overbury,65,soverbury2e@sciencedaily.com,Surgery,23,529288405
11389,Durand,Domenici,38,ddomenici2f@live.com,Pediatrics,11,314273459
11390,Sheila,Carriage,52,scarriage2g@github.com,Pediatrics,27,797445830
11391,Bamby,Cheyne,68,bcheyne2h@xinhuanet.com,Pediatrics,6,453787601
11392,Carny,Bottby,32,cbottby2i@mac.com,Oncology,34,388503082
11393,Marlo,Lascell,53,mlascell2j@cmu.edu,Pediatrics,33,640029536
11394,Hobey,Copson,61,hcopson2k@comcast.net,Gastroenterology,25,735342884
11395,Lennard,Hollyman,30,lhollyman2l@chronoengine.com,Cardiology,7,585713445
11396,Christine,Clemson,64,cclemson2m@baidu.com,Psychiatry,12,393558923
11397,Myra,Aldcorn,40,maldcorn2n@oracle.com,Surgery,16,757255325
11398,Efren,Ketchaside,64,eketchaside2o@macromedia.com,Psychiatry,8,308646340
11399,Warner,Broseke,57,wbroseke2p@free.fr,Psychiatry,9,687945795
11400,Klement,Pavelin,39,kpavelin2q@fc2.com,Dermatology,1,623031103
11401,Berna,Collumbine,42,bcollumbine2r@live.com,Neurology,36,876250646
11402,Cassandry,Forge,29,cforge2s@cpanel.net,Cardiology,18,344454710
11403,Odilia,Loxley,35,oloxley2t@wiley.com,Psychiatry,10,995352285
11404,Sheila-kathryn,Jaray,69,sjaray2u@constantcontact.com,Cardiology,27,973927366
11405,Uri,Timbs,27,utimbs2v@dailymotion.com,Cardiology,7,218742481
11406,Cathryn,Godon,52,cgodon2w@salon.com,Gastroenterology,34,517790823
11407,Kelcey,Scobbie,70,kscobbie2x@github.com,Psychiatry,11,964797340
11408,Erl,Blackaller,42,eblackaller2y@edublogs.org,Oncology,24,575157065
11409,Grady,Bartholat,49,gbartholat2z@google.nl,Dermatology,24,468469624
11410,Giulietta,Pennings,58,gpennings30@google.com,Dermatology,27,883643157
11411,Eada,Sumpter,47,esumpter31@nationalgeographic.com,Gastroenterology,1,704435054
11412,Kendre,Swatridge,29,kswatridge32@comsenz.com,Psychiatry,38,948301490
11413,Alonso,Tillyer,45,atillyer33@mapy.cz,Neurology,35,992901019
11414,Britta,Cabrera,36,bcabrera34@timesonline.co.uk,Psychiatry,5,462510418
11415,Charmaine,Menichino,48,cmenichino35@engadget.com,Gastroenterology,27,386514075
11416,Care,Keningham,58,ckeningham36@illinois.edu,Oncology,14,1590456
11417,Flem,Shillabear,40,fshillabear37@netvibes.com,Psychiatry,32,54935676
11418,Claudell,Boules,36,cboules38@rakuten.co.jp,Oncology,1,161105413
11419,Mellicent,Retchford,37,mretchford39@unc.edu,Surgery,37,146106230
11420,Linnea,Gilpin,67,lgilpin3a@instagram.com,Dermatology,20,681225657
11421,Ian,Keilloh,56,ikeilloh3b@google.co.uk,Surgery,23,390007509
11422,Drona,Gourley,62,dgourley3c@feedburner.com,Dermatology,33,648341355
11423,Jacqueline,Ledwith,62,jledwith3d@deliciousdays.com,Oncology,1,179766140
11424,Barth,Noir,54,bnoir3e@a8.net,Surgery,21,143586442
11425,Ilario,Roggers,69,iroggers3f@mediafire.com,Oncology,35,976032998
11426,Brucie,Beagles,66,bbeagles3g@sbwire.com,Surgery,34,118190694
11427,Nyssa,Sciacovelli,54,nsciacovelli3h@flavors.me,Psychiatry,7,576286948
11428,Robena,Paulig,38,rpaulig3i@csmonitor.com,Cardiology,7,235592819
11429,Giraud,Shirtcliffe,64,gshirtcliffe3j@ycombinator.com,Surgery,7,190580163
11430,Waylon,Accombe,63,waccombe3k@hatena.ne.jp,Psychiatry,30,595786856
11431,Winn,Walklot,67,wwalklot3l@ifeng.com,Pediatrics,31,604700309
11432,Patty,Betjes,34,pbetjes3m@uiuc.edu,Surgery,6,902219821
11433,Laurens,Jesty,29,ljesty3n@vk.com,Dermatology,35,188976169
11434,Raimundo,Vasser,56,rvasser3o@nature.com,Dermatology,2,369442227
11435,Aurie,Saffell,31,asaffell3p@tinypic.com,Dermatology,4,18906918
11436,Mandel,Sapseed,28,msapseed3q@wisc.edu,Surgery,11,35693825
11437,Karee,Fry,25,kfry3r@sun.com,Oncology,26,362364938
11438,Archy,Dudson,41,adudson3s@wp.com,Psychiatry,36,973178479
11439,Teodorico,Mattiuzzi,67,tmattiuzzi3t@nature.com,Psychiatry,11,421353640
11440,Pete,Wonfor,33,pwonfor3u@prlog.org,Psychiatry,38,665583477
11441,Gail,Hessel,62,ghessel3v@latimes.com,Oncology,24,672042085
11442,Floris,Braid,29,fbraid3w@dailymail.co.uk,Oncology,14,208512165
11443,Byrle,Rimer,49,brimer3x@sogou.com,Dermatology,13,696254421
11444,Anselma,Amphlett,60,aamphlett3y@ucoz.com,Dermatology,22,785024059
11445,Ira,Smeal,49,ismeal3z@craigslist.org,Dermatology,37,104852602
11446,Katheryn,Zoephel,47,kzoephel40@fc2.com,Psychiatry,4,169056437
11447,Raynard,Celiz,32,rceliz41@apple.com,Cardiology,10,353612846
11448,Matt,Wicher,53,mwicher42@admin.ch,Psychiatry,29,623874543
11449,Silvanus,Woodman,35,swoodman43@biblegateway.com,Cardiology,9,174674776
11450,Engelbert,Crosoer,68,ecrosoer44@salon.com,Pediatrics,39,207832878
11451,Claudia,Hariot,60,chariot45@symantec.com,Neurology,17,248029357
11452,Carmen,Pygott,45,cpygott46@hexun.com,Neurology,1,358243418
11453,Skye,Inchboard,44,sinchboard47@instagram.com,Surgery,4,90632849
11454,Debra,Aitkenhead,56,daitkenhead48@free.fr,Gastroenterology,10,998686365
11455,Orin,Sidebotton,47,osidebotton49@adobe.com,Psychiatry,38,819078814
11456,Tanner,O'Nolan,44,tonolan4a@dedecms.com,Pediatrics,32,412893753
11457,Crystie,Brahm,38,cbrahm4b@wikimedia.org,Psychiatry,25,32778867
11458,Sigismund,Walker,59,swalker4c@amazon.co.uk,Psychiatry,9,930710192
11459,Russell,Benois,70,rbenois4d@go.com,Oncology,26,645199470
11460,Carree,Stockell,67,cstockell4e@goo.gl,Neurology,33,396282953
11461,Homere,Troman,37,htroman4f@dedecms.com,Oncology,25,537457424
11462,Far,Dopson,30,fdopson4g@elegantthemes.com,Cardiology,32,202267689
11463,Stevie,Aleso,30,saleso4h@oakley.com,Neurology,29,696593451
11464,Zack,Balloch,67,zballoch4i@cnet.com,Cardiology,37,173354845
11465,Yetty,Glawsop,30,yglawsop4j@amazon.de,Cardiology,12,195955527
11466,Gunter,Crossingham,26,gcrossingham4k@cargocollective.com,Gastroenterology,31,467823139
11467,Romeo,Freestone,46,rfreestone4l@woothemes.com,Neurology,18,446009214
11468,Anetta,Pool,56,apool4m@themeforest.net,Cardiology,7,404831768
11469,Eddie,Turnock,49,eturnock4n@biglobe.ne.jp,Gastroenterology,25,582248667
11470,Kalila,Guiraud,66,kguiraud4o@4shared.com,Neurology,32,362633029
11471,Birdie,Pepperill,55,bpepperill4p@vkontakte.ru,Pediatrics,32,260717309
11472,Armstrong,Brewers,60,abrewers4q@shutterfly.com,Dermatology,39,630281586
11473,Ketty,Morrant,69,kmorrant4r@purevolume.com,Dermatology,3,895975590
11474,Ludovika,Willcocks,28,lwillcocks4s@nps.gov,Dermatology,37,816280609
11475,Terra,Szimoni,36,tszimoni4t@jigsy.com,Surgery,34,239527640
11476,Fin,Peasee,40,fpeasee4u@omniture.com,Pediatrics,33,362959196
11477,Vern,Kindread,66,vkindread4v@time.com,Psychiatry,6,524081774
11478,Lowell,Kale,48,lkale4w@seesaa.net,Pediatrics,17,982501745
11479,Mavra,Applewhaite,57,mapplewhaite4x@whitehouse.gov,Neurology,16,786322265
11480,Shirley,Togher,69,stogher4y@over-blog.com,Pediatrics,19,469585889
11481,Desmond,Herculson,69,dherculson4z@icq.com,Psychiatry,10,787573949
11482,Jed,Darwent,47,jdarwent50@ocn.ne.jp,Oncology,20,346855516
11483,Jarret,Hurdidge,49,jhurdidge51@oaic.gov.au,Cardiology,12,313267691
11484,Helaine,Sleney,58,hsleney52@aol.com,Cardiology,34,621609609
11485,Jemie,MacPeice,70,jmacpeice53@prweb.com,Dermatology,38,650036716
11486,Ninetta,Garrioch,70,ngarrioch54@exblog.jp,Cardiology,19,85032150
11487,Baryram,Castagno,34,bcastagno55@desdev.cn,Cardiology,21,749112003
11488,Ginelle,Kopps,58,gkopps56@samsung.com,Surgery,27,667496237
11489,Elwin,Franklen,67,efranklen57@cam.ac.uk,Psychiatry,31,498148613
11490,Suzanne,Swainson,52,sswainson58@smugmug.com,Oncology,23,648972547
11491,Sheelagh,Norwell,26,snorwell59@odnoklassniki.ru,Neurology,35,804337980
11492,Alejoa,Kike,55,akike5a@drupal.org,Pediatrics,14,509309578
11493,Helenka,Cubbino,25,hcubbino5b@paginegialle.it,Psychiatry,4,235463303
11494,Parnell,Hulland,70,phulland5c@jigsy.com,Dermatology,25,27255569
11495,Franklin,Itscowicz,25,fitscowicz5d@printfriendly.com,Oncology,4,532706040
11496,Karim,Moulster,36,kmoulster5e@ibm.com,Dermatology,26,692001184
11497,Ricki,Haddow,27,rhaddow5f@topsy.com,Psychiatry,20,142758365
11498,Delmor,Pavlitschek,60,dpavlitschek5g@nps.gov,Neurology,4,82048598
11499,Cary,Stouther,70,cstouther5h@mozilla.com,Gastroenterology,8,174628396
11500,Amelita,Draycott,55,adraycott5i@blinklist.com,Dermatology,3,560384589
11501,Alvinia,Kinsella,29,akinsella5j@spotify.com,Surgery,10,624936117
11502,Cayla,Buckthorp,54,cbuckthorp5k@twitpic.com,Cardiology,11,398885724
11503,Kizzie,Frediani,56,kfrediani5l@pen.io,Dermatology,5,54328749
11504,Natalee,Wane,49,nwane5m@walmart.com,Pediatrics,35,992634308
11505,Clare,Swale,40,cswale5n@state.gov,Gastroenterology,39,793003815
11506,Bordy,Ondrus,57,bondrus5o@blogs.com,Neurology,24,495787877
11507,Aldridge,Toupe,43,atoupe5p@comcast.net,Gastroenterology,32,267743189
11508,Opaline,Smaile,34,osmaile5q@1und1.de,Neurology,5,55659397
11509,Toby,Snozzwell,32,tsnozzwell5r@de.vu,Oncology,15,122404338
11510,Philip,York,45,pyork5s@elegantthemes.com,Oncology,10,77165315
11511,Zacharie,Tompkins,61,ztompkins5t@nytimes.com,Surgery,6,275412918
11512,Josias,Plunkett,64,jplunkett5u@fotki.com,Pediatrics,10,828460468
11513,Barclay,Simms,29,bsimms5v@cloudflare.com,Gastroenterology,3,556879037
11514,Sallie,Aldham,41,saldham5w@ameblo.jp,Gastroenterology,33,514125439
11515,Zsa zsa,Millam,44,zmillam5x@reverbnation.com,Dermatology,27,727065332
11516,Lyssa,Jarrold,62,ljarrold5y@1und1.de,Dermatology,9,422709967
11517,Malvin,Bartholat,32,mbartholat5z@walmart.com,Cardiology,29,355411103
11518,Kingsly,Beevers,56,kbeevers60@engadget.com,Psychiatry,22,722061898
11519,Fransisco,Klezmski,30,fklezmski61@vistaprint.com,Dermatology,5,834934164
11520,Marcelia,Rainbow,36,mrainbow62@unc.edu,Gastroenterology,39,399411276
11521,Nicolis,Oatley,31,noatley63@go.com,Oncology,5,711641592
11522,Catha,Sofe,62,csofe64@utexas.edu,Cardiology,30,828018247
11523,Ellene,Avrahm,61,eavrahm65@webmd.com,Pediatrics,39,220892804
11524,Melody,Janczewski,30,mjanczewski66@google.ru,Psychiatry,16,927887398
11525,Betti,Blann,58,bblann67@reverbnation.com,Psychiatry,12,196667880
11526,Carmella,Prestie,44,cprestie68@t-online.de,Oncology,12,606450439
11527,Wade,Hefner,50,whefner69@hp.com,Surgery,12,425822956
11528,Flint,Macvain,51,fmacvain6a@vinaora.com,Neurology,5,204069482
11529,Dorian,Novotni,65,dnovotni6b@seattletimes.com,Psychiatry,23,783006925
11530,Jake,Cornwall,64,jcornwall6c@redcross.org,Dermatology,11,663380934
11531,Blanca,Bremmer,52,bbremmer6d@freewebs.com,Oncology,37,370327248
11532,Daffy,Ackwood,58,dackwood6e@slashdot.org,Oncology,14,751139588
11533,Sven,Leblanc,28,sleblanc6f@ucoz.ru,Pediatrics,21,71234680
11534,Jamison,Storms,56,jstorms6g@loc.gov,Cardiology,20,158221518
11535,Ibrahim,Rylstone,28,irylstone6h@hao123.com,Cardiology,7,610043626
11536,Tessa,Shyres,38,tshyres6i@google.com.hk,Pediatrics,18,302026565
11537,Alicia,Jellings,47,ajellings6j@springer.com,Psychiatry,27,614049323
11538,Dorise,Bantham,38,dbantham6k@marriott.com,Oncology,24,146173247
11539,Rudolfo,McElree,45,rmcelree6l@europa.eu,Dermatology,22,447848844
11540,Annabelle,Kyme,69,akyme6m@ft.com,Surgery,18,962204244
11541,Chiquia,Fairholme,29,cfairholme6n@blogs.com,Pediatrics,27,58847187
11542,Helaine,Egginton,34,hegginton6o@narod.ru,Pediatrics,3,727571485
11543,Frederich,Tyrone,61,ftyrone6p@sbwire.com,Gastroenterology,11,387562934
11544,Pia,Belamy,34,pbelamy6q@google.ru,Pediatrics,23,578778803
11545,Marvin,Drayn,29,mdrayn6r@bbc.co.uk,Dermatology,20,852057075
11546,Gaultiero,Simoneschi,41,gsimoneschi6s@earthlink.net,Surgery,10,841305837
11547,Manda,Thomtson,54,mthomtson6t@adobe.com,Psychiatry,33,163440809
11548,Robin,Buesnel,60,rbuesnel6u@upenn.edu,Oncology,3,234840191
11549,Reeba,Littleover,54,rlittleover6v@163.com,Gastroenterology,38,628295878
11550,Vern,Davern,67,vdavern6w@ameblo.jp,Psychiatry,27,293277773
11551,Noach,Smartman,60,nsmartman6x@google.ru,Pediatrics,33,380391051
11302,Aurilia,Mailey,66,amailey0@blogspot.com,Cardiology,28,822119060
11303,Selina,Gyer,70,sgyer1@alibaba.com,Dermatology,16,216341589
11304,Hanni,Byfield,44,hbyfield2@mozilla.com,Neurology,39,341005835
11305,Marjorie,Stollenberg,34,mstollenberg3@marriott.com,Cardiology,35,723143458
11306,Kerrill,Slite,36,kslite4@smh.com.au,Gastroenterology,38,871416790
11307,Romonda,Severs,63,rsevers5@macromedia.com,Dermatology,16,975198286
11308,Anissa,Kalvin,37,akalvin6@wiley.com,Dermatology,22,180585272
11309,Darrelle,Bafford,55,dbafford7@shutterfly.com,Psychiatry,23,552127421
11310,Delainey,Vyvyan,25,dvyvyan8@ucla.edu,Cardiology,10,53267561
11311,Marjy,Devericks,25,mdevericks9@latimes.com,Neurology,8,488000191
11312,Camellia,Privett,46,cprivetta@wunderground.com,Dermatology,15,172196320
11313,Darlleen,Bahde,38,dbahdeb@lulu.com,Neurology,14,394991105
11314,Weider,Seers,27,wseersc@dyndns.org,Neurology,20,673388522
11315,Giulio,Keme,41,gkemed@craigslist.org,Neurology,21,524560183
11316,Felicio,Cloutt,61,fcloutte@amazon.co.uk,Oncology,40,454773624
11317,Carmina,Randales,25,crandalesf@illinois.edu,Neurology,18,237338496
11318,Leland,Ledekker,38,lledekkerg@kickstarter.com,Psychiatry,35,558371102
11319,Toddie,Sorey,46,tsoreyh@wunderground.com,Pediatrics,24,174952221
11320,Nolly,Lenden,47,nlendeni@elegantthemes.com,Cardiology,16,958673895
11321,Olva,Fennelly,44,ofennellyj@sakura.ne.jp,Cardiology,39,15872130
11322,Montgomery,McGill,30,mmcgillk@dell.com,Cardiology,1,100833952
11323,Chrystel,Kleinholz,60,ckleinholzl@soundcloud.com,Psychiatry,26,443049773
11324,Morten,Pindar,48,mpindarm@mail.ru,Neurology,9,373128023
11325,Staci,Filochov,42,sfilochovn@intel.com,Surgery,14,583820076
11326,Cassy,Redman,25,credmano@odnoklassniki.ru,Surgery,12,16645202
11327,Federico,Bardill,36,fbardillp@europa.eu,Cardiology,36,358659356
11328,Beverlee,Barnhart,36,bbarnhartq@usnews.com,Dermatology,16,767925392
11329,Normie,Whickman,30,nwhickmanr@smh.com.au,Neurology,12,442239244
11330,Derward,Hallgath,69,dhallgaths@tumblr.com,Cardiology,30,360962395
11331,Cherlyn,Gaskins,27,cgaskinst@fc2.com,Gastroenterology,23,969926022
11332,Wallis,MacLeod,56,wmacleodu@noaa.gov,Neurology,3,760783680
11333,Laina,McCrum,36,lmccrumv@columbia.edu,Psychiatry,33,426150282
11334,Massimiliano,Moston,62,mmostonw@gravatar.com,Oncology,2,245156077
11335,Kris,Gasticke,66,kgastickex@stanford.edu,Gastroenterology,36,845135006
11336,Lon,Cokely,39,lcokelyy@merriam-webster.com,Oncology,22,95439846
11337,Jeremias,Giovannini,48,jgiovanniniz@answers.com,Neurology,22,491504279
11338,Zeb,Bartalini,41,zbartalini10@cargocollective.com,Gastroenterology,11,561522838
11339,Saw,Johnys,44,sjohnys11@mapy.cz,Psychiatry,34,63383900
11340,Dorris,Ferminger,67,dferminger12@uol.com.br,Cardiology,21,726967084
11341,Allsun,Broughton,67,abroughton13@berkeley.edu,Neurology,21,951806645
11342,Bert,Chivers,66,bchivers14@icq.com,Neurology,34,56796787
11343,Saunders,Rolfi,67,srolfi15@ted.com,Pediatrics,37,592008114
11344,Othello,MacCrann,66,omaccrann16@google.com.hk,Oncology,35,737894934
11345,Darcey,Caneo,25,dcaneo17@imageshack.us,Psychiatry,26,642803844
11346,Bradly,Dive,50,bdive18@alibaba.com,Oncology,39,750433834
11347,Lynn,Dale,57,ldale19@uol.com.br,Gastroenterology,19,627864350
11348,Chandal,Proswell,42,cproswell1a@ftc.gov,Gastroenterology,15,222715264
11349,Aurora,Scholte,67,ascholte1b@newyorker.com,Psychiatry,7,649394034
11350,Uta,Killock,50,ukillock1c@cnn.com,Surgery,23,591904943
11351,Tobie,Spatoni,35,tspatoni1d@myspace.com,Psychiatry,17,810238921
11352,Jermain,Jammet,33,jjammet1e@yelp.com,Gastroenterology,38,666059384
11353,Jarret,Pitchford,36,jpitchford1f@360.cn,Dermatology,40,381282331
11354,Henka,Blasetti,68,hblasetti1g@ft.com,Cardiology,7,924528870
11355,Vernice,Eim,30,veim1h@mlb.com,Dermatology,33,86059531
11356,Norrie,Cottage,29,ncottage1i@earthlink.net,Oncology,36,407769727
11357,Salomon,Buxsy,45,sbuxsy1j@g.co,Neurology,18,282326788
11358,Arnold,Stannion,46,astannion1k@reverbnation.com,Pediatrics,26,186918018
11359,Juline,Figgins,32,jfiggins1l@google.de,Oncology,34,890414331
11360,Moyra,Beckham,41,mbeckham1m@edublogs.org,Gastroenterology,17,708402744
11361,Devin,McKinnell,51,dmckinnell1n@wordpress.org,Oncology,28,447124052
11362,Arlene,Canceller,69,acanceller1o@dailymail.co.uk,Gastroenterology,39,418087409
11363,Darin,Arunowicz,33,darunowicz1p@4shared.com,Oncology,16,196178628
11364,Marcellina,Heckner,56,mheckner1q@ow.ly,Gastroenterology,12,627492498
11365,Ellynn,McGillivray,25,emcgillivray1r@a8.net,Neurology,4,134474461
11366,Flin,Brodeau,52,fbrodeau1s@instagram.com,Dermatology,20,853201296
11367,Marj,Sertin,59,msertin1t@jugem.jp,Pediatrics,6,474252687
11368,Antoine,MacMorland,49,amacmorland1u@economist.com,Dermatology,26,137137630
11369,Bonnie,Ashmore,45,bashmore1v@globo.com,Pediatrics,37,661910972
11370,Howey,Chastang,44,hchastang1w@godaddy.com,Dermatology,20,536786017
11371,Rivi,Redgrave,46,rredgrave1x@spiegel.de,Oncology,12,778253730
11372,Leann,Ruf,30,lruf1y@hao123.com,Pediatrics,23,518505968
11373,Lilla,Beagrie,47,lbeagrie1z@house.gov,Dermatology,13,707411426
11374,Prentice,Virgin,66,pvirgin20@foxnews.com,Cardiology,18,249741020
11375,Clayborne,Pancost,62,cpancost21@hhs.gov,Dermatology,2,783018434
11376,Kippie,Kirtley,69,kkirtley22@columbia.edu,Dermatology,16,349597755
11377,Noby,Maitland,32,nmaitland23@blogspot.com,Pediatrics,31,582503638
11378,Terrel,Blenkharn,35,tblenkharn24@cnbc.com,Surgery,32,759950584
11379,Bertram,Fancourt,55,bfancourt25@guardian.co.uk,Surgery,10,625735054
11380,Margette,Grigorkin,47,mgrigorkin26@fotki.com,Oncology,31,570818174
11381,Cornall,Robiou,27,crobiou27@nationalgeographic.com,Dermatology,31,902124954
11382,Noble,Kidson,31,nkidson28@wikia.com,Pediatrics,2,245274251
11383,Anthia,Nicely,64,anicely29@altervista.org,Pediatrics,17,478632290
11384,Caren,Ivankov,28,civankov2a@sourceforge.net,Dermatology,24,500039825
11385,Eartha,Lawrinson,44,elawrinson2b@webmd.com,Pediatrics,29,338587764
11386,Rod,Reedick,26,rreedick2c@aboutads.info,Pediatrics,11,751396983
11387,Harold,Coulthurst,48,hcoulthurst2d@who.int,Surgery,15,50742910
11388,Sanson,Overbury,65,soverbury2e@sciencedaily.com,Surgery,27,165462262
11389,Durand,Domenici,38,ddomenici2f@live.com,Pediatrics,12,863180058
11390,Sheila,Carriage,52,scarriage2g@github.com,Pediatrics,4,102052438
11391,Bamby,Cheyne,68,bcheyne2h@xinhuanet.com,Pediatrics,1,871619181
11392,Carny,Bottby,32,cbottby2i@mac.com,Oncology,29,423531147
11393,Marlo,Lascell,53,mlascell2j@cmu.edu,Pediatrics,24,187843865
11394,Hobey,Copson,61,hcopson2k@comcast.net,Gastroenterology,25,667342061
11395,Lennard,Hollyman,30,lhollyman2l@chronoengine.com,Cardiology,30,140472123
11396,Christine,Clemson,64,cclemson2m@baidu.com,Psychiatry,36,966654090
11397,Myra,Aldcorn,40,maldcorn2n@oracle.com,Surgery,31,196472497
11398,Efren,Ketchaside,64,eketchaside2o@macromedia.com,Psychiatry,22,353386211
11399,Warner,Broseke,57,wbroseke2p@free.fr,Psychiatry,18,980884320
11400,Klement,Pavelin,39,kpavelin2q@fc2.com,Dermatology,34,846986230
11401,Berna,Collumbine,42,bcollumbine2r@live.com,Neurology,6,376436306
11402,Cassandry,Forge,29,cforge2s@cpanel.net,Cardiology,15,942341893
11403,Odilia,Loxley,35,oloxley2t@wiley.com,Psychiatry,6,521982124
11404,Sheila-kathryn,Jaray,69,sjaray2u@constantcontact.com,Cardiology,13,927918713
11405,Uri,Timbs,27,utimbs2v@dailymotion.com,Cardiology,37,781909731
11406,Cathryn,Godon,52,cgodon2w@salon.com,Gastroenterology,33,547279741
11407,Kelcey,Scobbie,70,kscobbie2x@github.com,Psychiatry,5,215793399
11408,Erl,Blackaller,42,eblackaller2y@edublogs.org,Oncology,1,486924060
11409,Grady,Bartholat,49,gbartholat2z@google.nl,Dermatology,11,148654152
11410,Giulietta,Pennings,58,gpennings30@google.com,Dermatology,31,197898918
11411,Eada,Sumpter,47,esumpter31@nationalgeographic.com,Gastroenterology,25,160534729
11412,Kendre,Swatridge,29,kswatridge32@comsenz.com,Psychiatry,27,653097176
11413,Alonso,Tillyer,45,atillyer33@mapy.cz,Neurology,31,121001453
11414,Britta,Cabrera,36,bcabrera34@timesonline.co.uk,Psychiatry,7,606965170
11415,Charmaine,Menichino,48,cmenichino35@engadget.com,Gastroenterology,19,637796172
11416,Care,Keningham,58,ckeningham36@illinois.edu,Oncology,34,435260700
11417,Flem,Shillabear,40,fshillabear37@netvibes.com,Psychiatry,19,706180084
11418,Claudell,Boules,36,cboules38@rakuten.co.jp,Oncology,34,623294770
11419,Mellicent,Retchford,37,mretchford39@unc.edu,Surgery,22,660125232
11420,Linnea,Gilpin,67,lgilpin3a@instagram.com,Dermatology,11,768934003
11421,Ian,Keilloh,56,ikeilloh3b@google.co.uk,Surgery,6,350104204
11422,Drona,Gourley,62,dgourley3c@feedburner.com,Dermatology,25,484172695
11423,Jacqueline,Ledwith,62,jledwith3d@deliciousdays.com,Oncology,30,883839913
11424,Barth,Noir,54,bnoir3e@a8.net,Surgery,6,488400609
11425,Ilario,Roggers,69,iroggers3f@mediafire.com,Oncology,2,625023306
11426,Brucie,Beagles,66,bbeagles3g@sbwire.com,Surgery,18,829378323
11427,Nyssa,Sciacovelli,54,nsciacovelli3h@flavors.me,Psychiatry,24,738299771
11428,Robena,Paulig,38,rpaulig3i@csmonitor.com,Cardiology,16,76270626
11429,Giraud,Shirtcliffe,64,gshirtcliffe3j@ycombinator.com,Surgery,3,881194918
11430,Waylon,Accombe,63,waccombe3k@hatena.ne.jp,Psychiatry,19,890556032
11431,Winn,Walklot,67,wwalklot3l@ifeng.com,Pediatrics,23,655152320
11432,Patty,Betjes,34,pbetjes3m@uiuc.edu,Surgery,22,734169746
11433,Laurens,Jesty,29,ljesty3n@vk.com,Dermatology,36,37776151
11434,Raimundo,Vasser,56,rvasser3o@nature.com,Dermatology,15,929970592
11435,Aurie,Saffell,31,asaffell3p@tinypic.com,Dermatology,37,946192834
11436,Mandel,Sapseed,28,msapseed3q@wisc.edu,Surgery,11,880451231
11437,Karee,Fry,25,kfry3r@sun.com,Oncology,3,415234328
11438,Archy,Dudson,41,adudson3s@wp.com,Psychiatry,2,666654684
11439,Teodorico,Mattiuzzi,67,tmattiuzzi3t@nature.com,Psychiatry,16,583467087
11440,Pete,Wonfor,33,pwonfor3u@prlog.org,Psychiatry,29,527249909
11441,Gail,Hessel,62,ghessel3v@latimes.com,Oncology,12,14394039
11442,Floris,Braid,29,fbraid3w@dailymail.co.uk,Oncology,18,218900712
11443,Byrle,Rimer,49,brimer3x@sogou.com,Dermatology,13,300141645
11444,Anselma,Amphlett,60,aamphlett3y@ucoz.com,Dermatology,26,630381666
11445,Ira,Smeal,49,ismeal3z@craigslist.org,Dermatology,19,786152038
11446,Katheryn,Zoephel,47,kzoephel40@fc2.com,Psychiatry,3,858357322
11447,Raynard,Celiz,32,rceliz41@apple.com,Cardiology,38,22415356
11448,Matt,Wicher,53,mwicher42@admin.ch,Psychiatry,36,366151155
11449,Silvanus,Woodman,35,swoodman43@biblegateway.com,Cardiology,35,954313360
11450,Engelbert,Crosoer,68,ecrosoer44@salon.com,Pediatrics,11,386026887
11451,Claudia,Hariot,60,chariot45@symantec.com,Neurology,24,324923515
11452,Carmen,Pygott,45,cpygott46@hexun.com,Neurology,13,943575883
11453,Skye,Inchboard,44,sinchboard47@instagram.com,Surgery,36,883167311
11454,Debra,Aitkenhead,56,daitkenhead48@free.fr,Gastroenterology,23,731826895
11455,Orin,Sidebotton,47,osidebotton49@adobe.com,Psychiatry,5,703959081
11456,Tanner,O'Nolan,44,tonolan4a@dedecms.com,Pediatrics,19,744223687
11457,Crystie,Brahm,38,cbrahm4b@wikimedia.org,Psychiatry,37,612258223
11458,Sigismund,Walker,59,swalker4c@amazon.co.uk,Psychiatry,16,709888692
11459,Russell,Benois,70,rbenois4d@go.com,Oncology,3,669229183
11460,Carree,Stockell,67,cstockell4e@goo.gl,Neurology,34,858823891
11461,Homere,Troman,37,htroman4f@dedecms.com,Oncology,10,654723307
11462,Far,Dopson,30,fdopson4g@elegantthemes.com,Cardiology,22,63960445
11463,Stevie,Aleso,30,saleso4h@oakley.com,Neurology,17,42843440
11464,Zack,Balloch,67,zballoch4i@cnet.com,Cardiology,16,819407643
11465,Yetty,Glawsop,30,yglawsop4j@amazon.de,Cardiology,27,25927147
11466,Gunter,Crossingham,26,gcrossingham4k@cargocollective.com,Gastroenterology,2,353202695
11467,Romeo,Freestone,46,rfreestone4l@woothemes.com,Neurology,31,747592361
11468,Anetta,Pool,56,apool4m@themeforest.net,Cardiology,3,627415781
11469,Eddie,Turnock,49,eturnock4n@biglobe.ne.jp,Gastroenterology,10,18573610
11470,Kalila,Guiraud,66,kguiraud4o@4shared.com,Neurology,37,39917989
11471,Birdie,Pepperill,55,bpepperill4p@vkontakte.ru,Pediatrics,6,878378933
11472,Armstrong,Brewers,60,abrewers4q@shutterfly.com,Dermatology,4,879106274
11473,Ketty,Morrant,69,kmorrant4r@purevolume.com,Dermatology,40,454491716
11474,Ludovika,Willcocks,28,lwillcocks4s@nps.gov,Dermatology,35,483478758
11475,Terra,Szimoni,36,tszimoni4t@jigsy.com,Surgery,29,572319515
11476,Fin,Peasee,40,fpeasee4u@omniture.com,Pediatrics,23,366575206
11477,Vern,Kindread,66,vkindread4v@time.com,Psychiatry,38,846657317
11478,Lowell,Kale,48,lkale4w@seesaa.net,Pediatrics,25,25021711
11479,Mavra,Applewhaite,57,mapplewhaite4x@whitehouse.gov,Neurology,35,74695298
11480,Shirley,Togher,69,stogher4y@over-blog.com,Pediatrics,19,147212329
11481,Desmond,Herculson,69,dherculson4z@icq.com,Psychiatry,40,811639771
11482,Jed,Darwent,47,jdarwent50@ocn.ne.jp,Oncology,31,331010101
11483,Jarret,Hurdidge,49,jhurdidge51@oaic.gov.au,Cardiology,7,2297959
11484,Helaine,Sleney,58,hsleney52@aol.com,Cardiology,12,934262350
11485,Jemie,MacPeice,70,jmacpeice53@prweb.com,Dermatology,6,290461967
11486,Ninetta,Garrioch,70,ngarrioch54@exblog.jp,Cardiology,36,900240510
11487,Baryram,Castagno,34,bcastagno55@desdev.cn,Cardiology,14,973387827
11488,Ginelle,Kopps,58,gkopps56@samsung.com,Surgery,1,681948800
11489,Elwin,Franklen,67,efranklen57@cam.ac.uk,Psychiatry,4,178145847
11490,Suzanne,Swainson,52,sswainson58@smugmug.com,Oncology,6,187208422
11491,Sheelagh,Norwell,26,snorwell59@odnoklassniki.ru,Neurology,8,341300963
11492,Alejoa,Kike,55,akike5a@drupal.org,Pediatrics,8,56390042
11493,Helenka,Cubbino,25,hcubbino5b@paginegialle.it,Psychiatry,19,590508251
11494,Parnell,Hulland,70,phulland5c@jigsy.com,Dermatology,29,935388170
11495,Franklin,Itscowicz,25,fitscowicz5d@printfriendly.com,Oncology,2,969405591
11496,Karim,Moulster,36,kmoulster5e@ibm.com,Dermatology,31,381131738
11497,Ricki,Haddow,27,rhaddow5f@topsy.com,Psychiatry,9,592055135
11498,Delmor,Pavlitschek,60,dpavlitschek5g@nps.gov,Neurology,6,599939092
11499,Cary,Stouther,70,cstouther5h@mozilla.com,Gastroenterology,18,207667394
11500,Amelita,Draycott,55,adraycott5i@blinklist.com,Dermatology,5,447750689
11501,Alvinia,Kinsella,29,akinsella5j@spotify.com,Surgery,31,429411258
11502,Cayla,Buckthorp,54,cbuckthorp5k@twitpic.com,Cardiology,14,797862327
11503,Kizzie,Frediani,56,kfrediani5l@pen.io,Dermatology,7,479407967
11504,Natalee,Wane,49,nwane5m@walmart.com,Pediatrics,24,210876543
11505,Clare,Swale,40,cswale5n@state.gov,Gastroenterology,34,604515794
11506,Bordy,Ondrus,57,bondrus5o@blogs.com,Neurology,10,989879335
11507,Aldridge,Toupe,43,atoupe5p@comcast.net,Gastroenterology,5,220735964
11508,Opaline,Smaile,34,osmaile5q@1und1.de,Neurology,8,808413564
11509,Toby,Snozzwell,32,tsnozzwell5r@de.vu,Oncology,6,829467866
11510,Philip,York,45,pyork5s@elegantthemes.com,Oncology,30,188513616
11511,Zacharie,Tompkins,61,ztompkins5t@nytimes.com,Surgery,32,901854803
11512,Josias,Plunkett,64,jplunkett5u@fotki.com,Pediatrics,36,491919538
11513,Barclay,Simms,29,bsimms5v@cloudflare.com,Gastroenterology,32,659724148
11514,Sallie,Aldham,41,saldham5w@ameblo.jp,Gastroenterology,16,145389062
11515,Zsa zsa,Millam,44,zmillam5x@reverbnation.com,Dermatology,24,776243688
11516,Lyssa,Jarrold,62,ljarrold5y@1und1.de,Dermatology,21,184592138
11517,Malvin,Bartholat,32,mbartholat5z@walmart.com,Cardiology,33,621004408
11518,Kingsly,Beevers,56,kbeevers60@engadget.com,Psychiatry,33,252815187
11519,Fransisco,Klezmski,30,fklezmski61@vistaprint.com,Dermatology,14,545455312
11520,Marcelia,Rainbow,36,mrainbow62@unc.edu,Gastroenterology,33,523320726
11521,Nicolis,Oatley,31,noatley63@go.com,Oncology,38,598563519
11522,Catha,Sofe,62,csofe64@utexas.edu,Cardiology,29,937545077
11523,Ellene,Avrahm,61,eavrahm65@webmd.com,Pediatrics,30,99096823
11524,Melody,Janczewski,30,mjanczewski66@google.ru,Psychiatry,38,436995951
11525,Betti,Blann,58,bblann67@reverbnation.com,Psychiatry,11,42423535
11526,Carmella,Prestie,44,cprestie68@t-online.de,Oncology,8,806821599
11527,Wade,Hefner,50,whefner69@hp.com,Surgery,36,428044745
11528,Flint,Macvain,51,fmacvain6a@vinaora.com,Neurology,23,585156219
11529,Dorian,Novotni,65,dnovotni6b@seattletimes.com,Psychiatry,18,960806565
11530,Jake,Cornwall,64,jcornwall6c@redcross.org,Dermatology,30,376111879
11531,Blanca,Bremmer,52,bbremmer6d@freewebs.com,Oncology,11,246164908
11532,Daffy,Ackwood,58,dackwood6e@slashdot.org,Oncology,17,208177476
11533,Sven,Leblanc,28,sleblanc6f@ucoz.ru,Pediatrics,16,35575624
11534,Jamison,Storms,56,jstorms6g@loc.gov,Cardiology,30,255011495
11535,Ibrahim,Rylstone,28,irylstone6h@hao123.com,Cardiology,5,204613429
11536,Tessa,Shyres,38,tshyres6i@google.com.hk,Pediatrics,28,3920046
11537,Alicia,Jellings,47,ajellings6j@springer.com,Psychiatry,7,730244038
11538,Dorise,Bantham,38,dbantham6k@marriott.com,Oncology,39,907809267
11539,Rudolfo,McElree,45,rmcelree6l@europa.eu,Dermatology,31,328484013
11540,Annabelle,Kyme,69,akyme6m@ft.com,Surgery,9,154597673
11541,Chiquia,Fairholme,29,cfairholme6n@blogs.com,Pediatrics,2,697094684
11542,Helaine,Egginton,34,hegginton6o@narod.ru,Pediatrics,22,929063617
11543,Frederich,Tyrone,61,ftyrone6p@sbwire.com,Gastroenterology,11,603095791
11544,Pia,Belamy,34,pbelamy6q@google.ru,Pediatrics,34,333820060
11545,Marvin,Drayn,29,mdrayn6r@bbc.co.uk,Dermatology,1,682607507
11546,Gaultiero,Simoneschi,41,gsimoneschi6s@earthlink.net,Surgery,10,994855858
11547,Manda,Thomtson,54,mthomtson6t@adobe.com,Psychiatry,17,592374001
11548,Robin,Buesnel,60,rbuesnel6u@upenn.edu,Oncology,22,273416192
11549,Reeba,Littleover,54,rlittleover6v@163.com,Gastroenterology,25,364249880
11550,Vern,Davern,67,vdavern6w@ameblo.jp,Psychiatry,17,273661298
11551,Noach,Smartman,60,nsmartman6x@google.ru,Pediatrics,5,65371072
11302,Aurilia,Mailey,66,amailey0@blogspot.com,Cardiology,14,180138867
11303,Selina,Gyer,70,sgyer1@alibaba.com,Dermatology,6,155537626
11304,Hanni,Byfield,44,hbyfield2@mozilla.com,Neurology,21,506688784
11305,Marjorie,Stollenberg,34,mstollenberg3@marriott.com,Cardiology,27,71090443
11306,Kerrill,Slite,36,kslite4@smh.com.au,Gastroenterology,21,394352457
11307,Romonda,Severs,63,rsevers5@macromedia.com,Dermatology,35,581906070
11308,Anissa,Kalvin,37,akalvin6@wiley.com,Dermatology,40,719019779
11309,Darrelle,Bafford,55,dbafford7@shutterfly.com,Psychiatry,5,649261849
11310,Delainey,Vyvyan,25,dvyvyan8@ucla.edu,Cardiology,16,333221560
11311,Marjy,Devericks,25,mdevericks9@latimes.com,Neurology,13,372813190
11312,Camellia,Privett,46,cprivetta@wunderground.com,Dermatology,29,85007457
11313,Darlleen,Bahde,38,dbahdeb@lulu.com,Neurology,22,388072192
11314,Weider,Seers,27,wseersc@dyndns.org,Neurology,9,502880069
11315,Giulio,Keme,41,gkemed@craigslist.org,Neurology,14,403168081
11316,Felicio,Cloutt,61,fcloutte@amazon.co.uk,Oncology,36,444020272
11317,Carmina,Randales,25,crandalesf@illinois.edu,Neurology,40,643925198
11318,Leland,Ledekker,38,lledekkerg@kickstarter.com,Psychiatry,29,395843428
11319,Toddie,Sorey,46,tsoreyh@wunderground.com,Pediatrics,21,567334355
11320,Nolly,Lenden,47,nlendeni@elegantthemes.com,Cardiology,29,388051628
11321,Olva,Fennelly,44,ofennellyj@sakura.ne.jp,Cardiology,13,390924633
11322,Montgomery,McGill,30,mmcgillk@dell.com,Cardiology,1,416720452
11323,Chrystel,Kleinholz,60,ckleinholzl@soundcloud.com,Psychiatry,14,797659316
11324,Morten,Pindar,48,mpindarm@mail.ru,Neurology,18,752517319
11325,Staci,Filochov,42,sfilochovn@intel.com,Surgery,1,47866943
11326,Cassy,Redman,25,credmano@odnoklassniki.ru,Surgery,28,877265404
11327,Federico,Bardill,36,fbardillp@europa.eu,Cardiology,2,228493718
11328,Beverlee,Barnhart,36,bbarnhartq@usnews.com,Dermatology,40,806283022
11329,Normie,Whickman,30,nwhickmanr@smh.com.au,Neurology,31,939205933
11330,Derward,Hallgath,69,dhallgaths@tumblr.com,Cardiology,10,257708969
11331,Cherlyn,Gaskins,27,cgaskinst@fc2.com,Gastroenterology,19,883510909
11332,Wallis,MacLeod,56,wmacleodu@noaa.gov,Neurology,16,472481729
11333,Laina,McCrum,36,lmccrumv@columbia.edu,Psychiatry,3,780975441
11334,Massimiliano,Moston,62,mmostonw@gravatar.com,Oncology,28,873684294
11335,Kris,Gasticke,66,kgastickex@stanford.edu,Gastroenterology,39,318485506
11336,Lon,Cokely,39,lcokelyy@merriam-webster.com,Oncology,18,970283344
11337,Jeremias,Giovannini,48,jgiovanniniz@answers.com,Neurology,39,813290433
11338,Zeb,Bartalini,41,zbartalini10@cargocollective.com,Gastroenterology,36,684321934
11339,Saw,Johnys,44,sjohnys11@mapy.cz,Psychiatry,20,396824525
11340,Dorris,Ferminger,67,dferminger12@uol.com.br,Cardiology,25,747195788
11341,Allsun,Broughton,67,abroughton13@berkeley.edu,Neurology,24,738184994
11342,Bert,Chivers,66,bchivers14@icq.com,Neurology,21,306449774
11343,Saunders,Rolfi,67,srolfi15@ted.com,Pediatrics,21,31093536
11344,Othello,MacCrann,66,omaccrann16@google.com.hk,Oncology,14,443159557
11345,Darcey,Caneo,25,dcaneo17@imageshack.us,Psychiatry,36,505834958
11346,Bradly,Dive,50,bdive18@alibaba.com,Oncology,39,732127954
11347,Lynn,Dale,57,ldale19@uol.com.br,Gastroenterology,24,203291276
11348,Chandal,Proswell,42,cproswell1a@ftc.gov,Gastroenterology,30,699496459
11349,Aurora,Scholte,67,ascholte1b@newyorker.com,Psychiatry,6,384857728
11350,Uta,Killock,50,ukillock1c@cnn.com,Surgery,29,820763212
11351,Tobie,Spatoni,35,tspatoni1d@myspace.com,Psychiatry,36,632031678
11352,Jermain,Jammet,33,jjammet1e@yelp.com,Gastroenterology,16,45145366
11353,Jarret,Pitchford,36,jpitchford1f@360.cn,Dermatology,17,404231713
11354,Henka,Blasetti,68,hblasetti1g@ft.com,Cardiology,30,769193118
11355,Vernice,Eim,30,veim1h@mlb.com,Dermatology,1,858031186
11356,Norrie,Cottage,29,ncottage1i@earthlink.net,Oncology,25,666404959
11357,Salomon,Buxsy,45,sbuxsy1j@g.co,Neurology,19,995167361
11358,Arnold,Stannion,46,astannion1k@reverbnation.com,Pediatrics,36,969806601
11359,Juline,Figgins,32,jfiggins1l@google.de,Oncology,28,161179524
11360,Moyra,Beckham,41,mbeckham1m@edublogs.org,Gastroenterology,30,587742970
11361,Devin,McKinnell,51,dmckinnell1n@wordpress.org,Oncology,22,312156718
11362,Arlene,Canceller,69,acanceller1o@dailymail.co.uk,Gastroenterology,10,800183744
11363,Darin,Arunowicz,33,darunowicz1p@4shared.com,Oncology,19,582841888
11364,Marcellina,Heckner,56,mheckner1q@ow.ly,Gastroenterology,30,5567131
11365,Ellynn,McGillivray,25,emcgillivray1r@a8.net,Neurology,17,505693890
11366,Flin,Brodeau,52,fbrodeau1s@instagram.com,Dermatology,40,791250786
11367,Marj,Sertin,59,msertin1t@jugem.jp,Pediatrics,1,130571109
11368,Antoine,MacMorland,49,amacmorland1u@economist.com,Dermatology,8,875417523
11369,Bonnie,Ashmore,45,bashmore1v@globo.com,Pediatrics,22,842734890
11370,Howey,Chastang,44,hchastang1w@godaddy.com,Dermatology,23,533119949
11371,Rivi,Redgrave,46,rredgrave1x@spiegel.de,Oncology,37,240344681
11372,Leann,Ruf,30,lruf1y@hao123.com,Pediatrics,26,966324907
11373,Lilla,Beagrie,47,lbeagrie1z@house.gov,Dermatology,38,267175698
11374,Prentice,Virgin,66,pvirgin20@foxnews.com,Cardiology,15,789751037
11375,Clayborne,Pancost,62,cpancost21@hhs.gov,Dermatology,12,864220310
11376,Kippie,Kirtley,69,kkirtley22@columbia.edu,Dermatology,32,734341774
11377,Noby,Maitland,32,nmaitland23@blogspot.com,Pediatrics,29,864719756
11378,Terrel,Blenkharn,35,tblenkharn24@cnbc.com,Surgery,5,697049992
11379,Bertram,Fancourt,55,bfancourt25@guardian.co.uk,Surgery,12,187125560
11380,Margette,Grigorkin,47,mgrigorkin26@fotki.com,Oncology,35,28045487
11381,Cornall,Robiou,27,crobiou27@nationalgeographic.com,Dermatology,22,558447165
11382,Noble,Kidson,31,nkidson28@wikia.com,Pediatrics,34,908185378
11383,Anthia,Nicely,64,anicely29@altervista.org,Pediatrics,10,495424841
11384,Caren,Ivankov,28,civankov2a@sourceforge.net,Dermatology,28,752047936
11385,Eartha,Lawrinson,44,elawrinson2b@webmd.com,Pediatrics,27,313519494
11386,Rod,Reedick,26,rreedick2c@aboutads.info,Pediatrics,3,520593545
11387,Harold,Coulthurst,48,hcoulthurst2d@who.int,Surgery,2,110191095
11388,Sanson,Overbury,65,soverbury2e@sciencedaily.com,Surgery,2,676935066
11389,Durand,Domenici,38,ddomenici2f@live.com,Pediatrics,39,61612635
11390,Sheila,Carriage,52,scarriage2g@github.com,Pediatrics,32,760052236
11391,Bamby,Cheyne,68,bcheyne2h@xinhuanet.com,Pediatrics,28,758646284
11392,Carny,Bottby,32,cbottby2i@mac.com,Oncology,25,223365582
11393,Marlo,Lascell,53,mlascell2j@cmu.edu,Pediatrics,15,715222613
11394,Hobey,Copson,61,hcopson2k@comcast.net,Gastroenterology,37,974261172
11395,Lennard,Hollyman,30,lhollyman2l@chronoengine.com,Cardiology,39,455378373
11396,Christine,Clemson,64,cclemson2m@baidu.com,Psychiatry,22,993573279
11397,Myra,Aldcorn,40,maldcorn2n@oracle.com,Surgery,40,429524030
11398,Efren,Ketchaside,64,eketchaside2o@macromedia.com,Psychiatry,31,503292829
11399,Warner,Broseke,57,wbroseke2p@free.fr,Psychiatry,31,526234604
11400,Klement,Pavelin,39,kpavelin2q@fc2.com,Dermatology,17,389263482
11401,Berna,Collumbine,42,bcollumbine2r@live.com,Neurology,33,423750746
11402,Cassandry,Forge,29,cforge2s@cpanel.net,Cardiology,9,167149706
11403,Odilia,Loxley,35,oloxley2t@wiley.com,Psychiatry,28,725148885
11404,Sheila-kathryn,Jaray,69,sjaray2u@constantcontact.com,Cardiology,23,271367290
11405,Uri,Timbs,27,utimbs2v@dailymotion.com,Cardiology,18,360920760
11406,Cathryn,Godon,52,cgodon2w@salon.com,Gastroenterology,9,351155334
11407,Kelcey,Scobbie,70,kscobbie2x@github.com,Psychiatry,20,398053484
11408,Erl,Blackaller,42,eblackaller2y@edublogs.org,Oncology,8,446219873
11409,Grady,Bartholat,49,gbartholat2z@google.nl,Dermatology,34,610671700
11410,Giulietta,Pennings,58,gpennings30@google.com,Dermatology,4,62402667
11411,Eada,Sumpter,47,esumpter31@nationalgeographic.com,Gastroenterology,12,476321216
11412,Kendre,Swatridge,29,kswatridge32@comsenz.com,Psychiatry,23,680145556
11413,Alonso,Tillyer,45,atillyer33@mapy.cz,Neurology,12,636520697
11414,Britta,Cabrera,36,bcabrera34@timesonline.co.uk,Psychiatry,35,829420116
11415,Charmaine,Menichino,48,cmenichino35@engadget.com,Gastroenterology,31,505455481
11416,Care,Keningham,58,ckeningham36@illinois.edu,Oncology,35,348420494
11417,Flem,Shillabear,40,fshillabear37@netvibes.com,Psychiatry,18,677253395
11418,Claudell,Boules,36,cboules38@rakuten.co.jp,Oncology,3,835227317
11419,Mellicent,Retchford,37,mretchford39@unc.edu,Surgery,34,338410930
11420,Linnea,Gilpin,67,lgilpin3a@instagram.com,Dermatology,34,82516801
11421,Ian,Keilloh,56,ikeilloh3b@google.co.uk,Surgery,8,490636288
11422,Drona,Gourley,62,dgourley3c@feedburner.com,Dermatology,16,830911448
11423,Jacqueline,Ledwith,62,jledwith3d@deliciousdays.com,Oncology,14,307020250
11424,Barth,Noir,54,bnoir3e@a8.net,Surgery,25,653344568
11425,Ilario,Roggers,69,iroggers3f@mediafire.com,Oncology,10,803974891
11426,Brucie,Beagles,66,bbeagles3g@sbwire.com,Surgery,4,319052571
11427,Nyssa,Sciacovelli,54,nsciacovelli3h@flavors.me,Psychiatry,39,456625759
11428,Robena,Paulig,38,rpaulig3i@csmonitor.com,Cardiology,24,286802785
11429,Giraud,Shirtcliffe,64,gshirtcliffe3j@ycombinator.com,Surgery,12,160595895
11430,Waylon,Accombe,63,waccombe3k@hatena.ne.jp,Psychiatry,14,394950834
11431,Winn,Walklot,67,wwalklot3l@ifeng.com,Pediatrics,13,664878310
11432,Patty,Betjes,34,pbetjes3m@uiuc.edu,Surgery,40,411640905
11433,Laurens,Jesty,29,ljesty3n@vk.com,Dermatology,16,766949552
11434,Raimundo,Vasser,56,rvasser3o@nature.com,Dermatology,3,136525515
11435,Aurie,Saffell,31,asaffell3p@tinypic.com,Dermatology,7,629360169
11436,Mandel,Sapseed,28,msapseed3q@wisc.edu,Surgery,5,978079253
11437,Karee,Fry,25,kfry3r@sun.com,Oncology,4,740012748
11438,Archy,Dudson,41,adudson3s@wp.com,Psychiatry,28,634565899
11439,Teodorico,Mattiuzzi,67,tmattiuzzi3t@nature.com,Psychiatry,10,170169666
11440,Pete,Wonfor,33,pwonfor3u@prlog.org,Psychiatry,20,575653879
11441,Gail,Hessel,62,ghessel3v@latimes.com,Oncology,7,613797911
11442,Floris,Braid,29,fbraid3w@dailymail.co.uk,Oncology,14,805570965
11443,Byrle,Rimer,49,brimer3x@sogou.com,Dermatology,17,533980153
11444,Anselma,Amphlett,60,aamphlett3y@ucoz.com,Dermatology,7,410895481
11445,Ira,Smeal,49,ismeal3z@craigslist.org,Dermatology,22,172199378
11446,Katheryn,Zoephel,47,kzoephel40@fc2.com,Psychiatry,34,42603162
11447,Raynard,Celiz,32,rceliz41@apple.com,Cardiology,32,457685546
11448,Matt,Wicher,53,mwicher42@admin.ch,Psychiatry,8,737188999
11449,Silvanus,Woodman,35,swoodman43@biblegateway.com,Cardiology,32,941996225
11450,Engelbert,Crosoer,68,ecrosoer44@salon.com,Pediatrics,20,334830018
11451,Claudia,Hariot,60,chariot45@symantec.com,Neurology,5,827834808
11452,Carmen,Pygott,45,cpygott46@hexun.com,Neurology,7,82428620
11453,Skye,Inchboard,44,sinchboard47@instagram.com,Surgery,39,920397895
11454,Debra,Aitkenhead,56,daitkenhead48@free.fr,Gastroenterology,10,598094261
11455,Orin,Sidebotton,47,osidebotton49@adobe.com,Psychiatry,38,710298268
11456,Tanner,O'Nolan,44,tonolan4a@dedecms.com,Pediatrics,7,544336421
11457,Crystie,Brahm,38,cbrahm4b@wikimedia.org,Psychiatry,8,701693862
11458,Sigismund,Walker,59,swalker4c@amazon.co.uk,Psychiatry,26,617236500
11459,Russell,Benois,70,rbenois4d@go.com,Oncology,24,426606480
11460,Carree,Stockell,67,cstockell4e@goo.gl,Neurology,17,954134662
11461,Homere,Troman,37,htroman4f@dedecms.com,Oncology,7,970865766
11462,Far,Dopson,30,fdopson4g@elegantthemes.com,Cardiology,23,483638406
11463,Stevie,Aleso,30,saleso4h@oakley.com,Neurology,18,705580317
11464,Zack,Balloch,67,zballoch4i@cnet.com,Cardiology,33,799059055
11465,Yetty,Glawsop,30,yglawsop4j@amazon.de,Cardiology,39,17338453
11466,Gunter,Crossingham,26,gcrossingham4k@cargocollective.com,Gastroenterology,16,377306027
11467,Romeo,Freestone,46,rfreestone4l@woothemes.com,Neurology,13,588625438
11468,Anetta,Pool,56,apool4m@themeforest.net,Cardiology,37,858545236
11469,Eddie,Turnock,49,eturnock4n@biglobe.ne.jp,Gastroenterology,17,207627194
11470,Kalila,Guiraud,66,kguiraud4o@4shared.com,Neurology,21,886836391
11471,Birdie,Pepperill,55,bpepperill4p@vkontakte.ru,Pediatrics,24,357098270
11472,Armstrong,Brewers,60,abrewers4q@shutterfly.com,Dermatology,15,749114152
11473,Ketty,Morrant,69,kmorrant4r@purevolume.com,Dermatology,19,642128006
11474,Ludovika,Willcocks,28,lwillcocks4s@nps.gov,Dermatology,31,54104016
11475,Terra,Szimoni,36,tszimoni4t@jigsy.com,Surgery,33,65340054
11476,Fin,Peasee,40,fpeasee4u@omniture.com,Pediatrics,26,127514732
11477,Vern,Kindread,66,vkindread4v@time.com,Psychiatry,10,603227507
11478,Lowell,Kale,48,lkale4w@seesaa.net,Pediatrics,29,793312476
11479,Mavra,Applewhaite,57,mapplewhaite4x@whitehouse.gov,Neurology,33,926837897
11480,Shirley,Togher,69,stogher4y@over-blog.com,Pediatrics,10,651066349
11481,Desmond,Herculson,69,dherculson4z@icq.com,Psychiatry,13,738850041
11482,Jed,Darwent,47,jdarwent50@ocn.ne.jp,Oncology,12,905531458
11483,Jarret,Hurdidge,49,jhurdidge51@oaic.gov.au,Cardiology,6,202945400
11484,Helaine,Sleney,58,hsleney52@aol.com,Cardiology,34,948692529
11485,Jemie,MacPeice,70,jmacpeice53@prweb.com,Dermatology,13,954112687
11486,Ninetta,Garrioch,70,ngarrioch54@exblog.jp,Cardiology,11,353318290
11487,Baryram,Castagno,34,bcastagno55@desdev.cn,Cardiology,8,38612144
11488,Ginelle,Kopps,58,gkopps56@samsung.com,Surgery,9,878198207
11489,Elwin,Franklen,67,efranklen57@cam.ac.uk,Psychiatry,20,30260222
11490,Suzanne,Swainson,52,sswainson58@smugmug.com,Oncology,21,416034690
11491,Sheelagh,Norwell,26,snorwell59@odnoklassniki.ru,Neurology,17,865213684
11492,Alejoa,Kike,55,akike5a@drupal.org,Pediatrics,29,693441454
11493,Helenka,Cubbino,25,hcubbino5b@paginegialle.it,Psychiatry,27,595184482
11494,Parnell,Hulland,70,phulland5c@jigsy.com,Dermatology,27,36541113
11495,Franklin,Itscowicz,25,fitscowicz5d@printfriendly.com,Oncology,9,267413981
11496,Karim,Moulster,36,kmoulster5e@ibm.com,Dermatology,27,118145479
11497,Ricki,Haddow,27,rhaddow5f@topsy.com,Psychiatry,1,56538788
11498,Delmor,Pavlitschek,60,dpavlitschek5g@nps.gov,Neurology,29,631870869
11499,Cary,Stouther,70,cstouther5h@mozilla.com,Gastroenterology,22,627832947
11500,Amelita,Draycott,55,adraycott5i@blinklist.com,Dermatology,28,963998441
11501,Alvinia,Kinsella,29,akinsella5j@spotify.com,Surgery,24,783858327
11502,Cayla,Buckthorp,54,cbuckthorp5k@twitpic.com,Cardiology,20,787822005
11503,Kizzie,Frediani,56,kfrediani5l@pen.io,Dermatology,30,751031194
11504,Natalee,Wane,49,nwane5m@walmart.com,Pediatrics,32,655100135
11505,Clare,Swale,40,cswale5n@state.gov,Gastroenterology,6,668110119
11506,Bordy,Ondrus,57,bondrus5o@blogs.com,Neurology,11,686409607
11507,Aldridge,Toupe,43,atoupe5p@comcast.net,Gastroenterology,32,759161476
11508,Opaline,Smaile,34,osmaile5q@1und1.de,Neurology,21,569000498
11509,Toby,Snozzwell,32,tsnozzwell5r@de.vu,Oncology,40,53392125
11510,Philip,York,45,pyork5s@elegantthemes.com,Oncology,22,355821067
11511,Zacharie,Tompkins,61,ztompkins5t@nytimes.com,Surgery,16,190058585
11512,Josias,Plunkett,64,jplunkett5u@fotki.com,Pediatrics,28,795916875
11513,Barclay,Simms,29,bsimms5v@cloudflare.com,Gastroenterology,34,904946044
11514,Sallie,Aldham,41,saldham5w@ameblo.jp,Gastroenterology,22,750457543
11515,Zsa zsa,Millam,44,zmillam5x@reverbnation.com,Dermatology,20,911206717
11516,Lyssa,Jarrold,62,ljarrold5y@1und1.de,Dermatology,18,978085718
11517,Malvin,Bartholat,32,mbartholat5z@walmart.com,Cardiology,37,772647129
11518,Kingsly,Beevers,56,kbeevers60@engadget.com,Psychiatry,23,644204092
11519,Fransisco,Klezmski,30,fklezmski61@vistaprint.com,Dermatology,27,927165195
11520,Marcelia,Rainbow,36,mrainbow62@unc.edu,Gastroenterology,12,418668646
11521,Nicolis,Oatley,31,noatley63@go.com,Oncology,3,400366873
11522,Catha,Sofe,62,csofe64@utexas.edu,Cardiology,12,604383105
11523,Ellene,Avrahm,61,eavrahm65@webmd.com,Pediatrics,37,786646728
11524,Melody,Janczewski,30,mjanczewski66@google.ru,Psychiatry,24,747988027
11525,Betti,Blann,58,bblann67@reverbnation.com,Psychiatry,21,515946802
11526,Carmella,Prestie,44,cprestie68@t-online.de,Oncology,29,421660732
11527,Wade,Hefner,50,whefner69@hp.com,Surgery,39,123224346
11528,Flint,Macvain,51,fmacvain6a@vinaora.com,Neurology,27,298641329
11529,Dorian,Novotni,65,dnovotni6b@seattletimes.com,Psychiatry,37,544608506
11530,Jake,Cornwall,64,jcornwall6c@redcross.org,Dermatology,11,305845556
11531,Blanca,Bremmer,52,bbremmer6d@freewebs.com,Oncology,39,635180616
11532,Daffy,Ackwood,58,dackwood6e@slashdot.org,Oncology,7,254289496
11533,Sven,Leblanc,28,sleblanc6f@ucoz.ru,Pediatrics,2,744132499
11534,Jamison,Storms,56,jstorms6g@loc.gov,Cardiology,13,838486941
11535,Ibrahim,Rylstone,28,irylstone6h@hao123.com,Cardiology,9,14003406
11536,Tessa,Shyres,38,tshyres6i@google.com.hk,Pediatrics,26,2232128
11537,Alicia,Jellings,47,ajellings6j@springer.com,Psychiatry,20,937385430
11538,Dorise,Bantham,38,dbantham6k@marriott.com,Oncology,33,568706422
11539,Rudolfo,McElree,45,rmcelree6l@europa.eu,Dermatology,30,872187881
11540,Annabelle,Kyme,69,akyme6m@ft.com,Surgery,22,216523313
11541,Chiquia,Fairholme,29,cfairholme6n@blogs.com,Pediatrics,8,84624609
11542,Helaine,Egginton,34,hegginton6o@narod.ru,Pediatrics,40,335106388
11543,Frederich,Tyrone,61,ftyrone6p@sbwire.com,Gastroenterology,19,878716595
11544,Pia,Belamy,34,pbelamy6q@google.ru,Pediatrics,18,666832461
11545,Marvin,Drayn,29,mdrayn6r@bbc.co.uk,Dermatology,22,710642619
11546,Gaultiero,Simoneschi,41,gsimoneschi6s@earthlink.net,Surgery,1,831776062
11547,Manda,Thomtson,54,mthomtson6t@adobe.com,Psychiatry,37,786222900
11548,Robin,Buesnel,60,rbuesnel6u@upenn.edu,Oncology,35,515400834
11549,Reeba,Littleover,54,rlittleover6v@163.com,Gastroenterology,1,952690846
11550,Vern,Davern,67,vdavern6w@ameblo.jp,Psychiatry,9,841533027
11551,Noach,Smartman,60,nsmartman6x@google.ru,Pediatrics,23,654504908
