patient_id,first_name,last_name,date_of_birth,gender,address,contact_number
619486079,Jerrome,Keppie,2020-08-17,Male,2 Delaware Plaza,4336373923
892708688,Malina,Asser,2000-05-11,Female,9219 Cascade Road,3498640532
22195242,Lanie,Enos,2010-04-26,Female,5508 6th Way,4175843293
668808523,Homer,Greveson,2017-11-28,Male,6735 Basil Avenue,8828046926
467612663,Wilden,Pavey,2005-07-25,Male,7786 Sachs Pass,2852843070
61715603,Lexine,Abramov,2003-04-29,Female,33881 Eagle Crest Center,9294552501
412618858,Goddart,Rosso,2015-08-23,Male,1 Rigney Road,3844416249
947226484,Maurizio,Janiszewski,2012-03-28,Male,6429 Daystar Plaza,2746557963
801335117,Briana,Billington,2013-03-13,Female,55198 Thierer Road,7403525070
737229538,Aubrey,McCurley,2002-06-15,Male,5275 Almo Terrace,2053784366
636959196,Aguie,Thickett,2015-09-02,Male,06 Gale Pass,9328468222
299616270,Denis,Coburn,2004-04-24,Male,1 Annamark Court,8101812757
998132204,Roch,Sommerville,2015-06-29,Non-binary,9373 Stone Corner Court,8309430415
676991253,Euell,MacVaugh,2019-01-22,Male,4 John Wall Street,5875157557
535659829,Lois,Haggish,2007-01-28,Female,623 Anthes Lane,9447087689
997566304,Brandon,O' Clovan,2019-09-01,Male,180 Eagle Crest Park,3146047655
518353983,Jeremias,Olifard,2018-03-14,Male,824 Sugar Trail,7855007954
973884491,Karalynn,Pentecost,2005-09-21,Female,55 Victoria Place,5354615429
19218704,Elmo,Trammel,2017-06-03,Male,2 Kipling Parkway,4321763293
270549175,Magdaia,Orritt,2008-04-21,Female,1903 Barby Road,5576802690
209923864,Janette,Croydon,2000-12-06,Female,3 Moulton Avenue,7107328939
137555123,Levon,Cressar,2018-08-19,Male,51 Karstens Road,3311877174
140977191,Adina,Cancellor,2017-06-12,Female,1 Westend Pass,8613167379
636359507,Sterling,Hanington,2000-11-10,Male,41427 1st Alley,5578949204
70148713,Cristiano,Patrickson,2016-12-08,Male,6209 Mariners Cove Center,3686294969
383354783,Opal,Raymen,2017-10-26,Female,4 Bay Hill,6997541116
704120718,Marchall,Coners,2011-11-21,Male,936 Washington Crossing,5762295455
268909923,Reine,Cuell,2020-02-12,Female,00 Columbus Plaza,4099981676
451085417,Brnaba,Shann,2017-01-08,Male,129 Melvin Pass,7404921853
175968229,Kenn,O'Doherty,2003-11-08,Male,129 Pierstorff Circle,6105472379
610584136,Ollie,Eakle,2020-11-21,Female,2614 Petterle Way,1184177490
561344897,Larisa,Vinker,2010-10-29,Female,1 Hauk Way,2395431916
998726632,Celestia,Prinn,1999-12-15,Female,99 Brickson Park Park,8919583736
337089339,Lani,Vassay,2013-02-06,Female,369 Fieldstone Terrace,9961223641
706231568,Yoko,Lidden,2012-02-21,Female,603 Summit Parkway,5413658535
918665870,Tracy,Matevosian,2004-10-30,Male,814 Bultman Drive,5641894868
705611321,Fionna,Chastanet,2020-10-28,Female,81579 Grasskamp Point,5259002785
270932787,Rasla,Bernardeschi,2002-09-06,Polygender,15202 Sundown Street,6531814910
223978219,Karlie,Domke,2015-08-31,Female,5975 Warrior Trail,1866932672
149248170,Honor,Danielovitch,2014-08-29,Genderqueer,199 Westridge Circle,8998008640
265070821,Silvan,Rittmeier,2005-11-21,Male,1 John Wall Circle,7283024833
545441107,Harland,Durham,2001-05-08,Male,4307 Packers Hill,7141248346
485141889,Allayne,Needham,2021-06-11,Male,61 Mallard Plaza,2477613860
763165452,Kary,Hillburn,2007-07-04,Female,9797 Debs Road,3429589757
685725493,Marie-jeanne,Hourstan,2001-09-05,Female,8 Anderson Street,8143871030
182844664,Lita,Dominka,2009-08-18,Non-binary,60 Ilene Parkway,6238679865
916677356,Dennet,Looker,2004-01-09,Male,608 Dwight Point,6672752370
357367853,Karilynn,McSpirron,2019-01-24,Female,1 Killdeer Avenue,7761008646
622392191,Jandy,Paule,2002-07-24,Female,686 Raven Circle,9896023753
43273828,Chrysler,Scrymgeour,2009-05-17,Female,81 Doe Crossing Point,1856618240
86155929,Bruno,Bohje,2013-02-20,Male,94 Hoepker Avenue,4188926371
507055576,Rainer,Martinyuk,2002-11-15,Male,747 Milwaukee Park,6982181245
307893801,Goddard,Mounsie,2002-04-16,Male,40 Straubel Lane,8804256140
663957156,Rebecca,Beaze,2019-12-08,Female,3884 Springview Court,9211346787
714333176,Brandyn,Lorans,2013-06-24,Male,162 Hoard Avenue,6426003538
400106479,Hy,Stellman,2019-08-12,Male,1761 Gale Crossing,4894456146
995096308,Lorne,Trowl,2018-09-23,Male,86 Sloan Center,9002086978
798502775,Karia,Matczak,2015-02-20,Female,85052 Dayton Crossing,6509381188
419853502,Chastity,Smy,2006-10-07,Female,9527 Talmadge Lane,5002847694
451414638,Karly,Dwelley,2012-06-11,Female,5 Butterfield Drive,7289448533
568952270,Everett,Webermann,2018-03-17,Male,81 Truax Parkway,1134078852
493466447,Anthea,Garrold,2007-12-22,Female,12828 Arkansas Way,1848979888
141915822,Katleen,McMenemy,2008-11-29,Female,7 Old Shore Parkway,2592325181
244505818,Nell,Bristoe,1999-06-30,Female,9096 Meadow Vale Drive,5569432672
497746884,Sylas,Emblen,2005-09-26,Male,64 Mandrake Parkway,3586522115
602220202,Roch,Eadington,2011-03-31,Female,5325 Little Fleur Trail,3446183366
428589723,Gerald,Gavin,2021-04-28,Male,71074 Cottonwood Point,2925280679
281852462,Feliza,Murdie,2005-03-13,Female,336 Artisan Trail,3197103296
819361042,Any,Hancox,2015-08-06,Non-binary,51 Glacier Hill Circle,1912336836
893389209,Chrissie,Brimley,2007-08-07,Female,4888 Nelson Terrace,3723372821
84494254,Aviva,Zukerman,2006-12-15,Female,450 Warbler Park,8882483384
533454936,Kim,Sirett,2005-08-05,Female,0265 Alpine Alley,4156885677
819542153,Micaela,Muff,2007-09-13,Female,6 Merry Pass,5424549285
428101685,Perceval,Camidge,2004-01-03,Male,0053 Loomis Place,2836089570
237724864,Pearl,Haseman,2017-04-23,Female,09719 Manufacturers Junction,8874627475
807574651,Cristiano,Philippard,2013-04-18,Male,49751 Dottie Road,8669407886
356217138,Reta,Vedikhov,2020-06-05,Bigender,316 Quincy Road,7536753913
264503896,Sileas,Galletley,2003-09-08,Female,00 Namekagon Road,7661659027
332749365,Odette,Gosswell,2021-07-10,Female,36527 Transport Hill,9475176989
110885783,Caterina,Fenkel,2004-03-18,Female,8557 Pepper Wood Pass,6473445906
435852138,Kristine,Azemar,2011-02-13,Female,17 Randy Hill,9844756987
23289163,Terri,Oxlade,2018-05-09,Female,110 Schurz Crossing,7965316373
210758845,Tobie,Geockle,2005-04-10,Genderfluid,3 Mesta Point,9079597926
420377926,Lorrayne,St. Louis,2019-02-25,Female,35124 Melvin Center,9897118637
71883115,Husain,Barbey,2016-10-09,Genderfluid,8 Longview Park,6249422986
519021437,Vincenz,Wreford,2003-01-26,Male,657 Oak Valley Terrace,9544818008
819499806,Janka,Head,2013-05-19,Female,7 Cascade Circle,9574230744
357174398,Brit,Geany,2021-05-28,Female,9 West Pass,2961378251
118718403,Darcy,Fritschmann,2004-03-31,Male,13340 Sycamore Avenue,3261028667
682730119,Ransell,Amber,2001-04-06,Male,696 Center Street,7567619821
779692843,Fannie,McKaile,1999-05-28,Female,97518 Crowley Street,5054759057
966561466,Charyl,Manson,2014-02-04,Female,71 Valley Edge Hill,4997468957
428639568,Cynthea,Sanja,2017-08-05,Female,59 Nancy Junction,3524421305
872993792,Ethelbert,Persey,1999-09-16,Male,10268 Chinook Way,5838227603
211820509,Antonius,MacQuaker,2007-10-19,Male,90 Arrowood Alley,9977116882
973051723,Tanny,Nutbeem,2016-10-31,Male,75321 Barnett Crossing,9046646783
402541488,Cherlyn,McKelloch,2008-03-20,Female,90 Donald Alley,4483568669
812263271,Raviv,Capoun,2004-09-07,Male,94734 Northland Circle,4468022346
486519720,Arlinda,Keuning,2011-12-03,Female,33 Hallows Lane,8168188552
263114127,Chaim,Cammish,2002-02-01,Male,6362 Weeping Birch Drive,9767146469
363429428,Berni,Goalby,2002-01-10,Female,11015 Center Circle,5828414465
980267652,Derk,Guisot,2005-05-18,Male,39543 Daystar Court,5596253189
625704501,Ruggiero,Mathonnet,2019-03-12,Male,19714 Butterfield Junction,3463237876
27052530,Sophronia,Alldred,2009-09-20,Female,8082 Comanche Plaza,3558710756
580152369,Helsa,Duester,2004-06-26,Female,8383 Maple Wood Park,1803824617
665158476,Binky,Dunford,2003-12-26,Male,56433 Meadow Valley Point,9459382799
868965426,Mark,Goadsby,2002-03-22,Male,4 Mccormick Avenue,8834650291
170168746,Marcus,Anand,2001-10-20,Male,9050 Leroy Parkway,3827314123
850786317,Moina,Spini,2005-11-10,Female,08441 Melrose Hill,2262014311
986935235,Skipper,Canon,2019-09-06,Male,6 Karstens Parkway,3895303081
330037848,Lynett,Mummery,2000-10-01,Female,2644 Montana Point,2455611833
863907370,Selestina,McQuie,2007-03-14,Female,29775 Arrowood Junction,2618132413
637676207,Gerti,Cadwell,2019-09-03,Female,662 Veith Terrace,9918702763
355755490,Johnna,Marde,2004-12-17,Female,146 Rieder Place,8509649470
758980115,Julita,Philipeau,2011-01-31,Female,10 Fuller Trail,9773654964
927568245,Constance,Ronci,2005-11-26,Female,46 Vahlen Alley,5507230598
556553122,Joana,Brandle,2006-08-15,Female,87382 Schiller Park,5352151175
265104769,Morrie,Rielly,2004-02-26,Male,2 Village Street,2083247987
495145350,Rhys,Moran,2014-12-01,Male,84661 Merchant Road,6319150765
542987340,Sasha,Dakers,2015-01-13,Male,7 Utah Place,1395038052
343416509,Dulsea,Nudde,2002-01-18,Female,71768 Stephen Terrace,8122272704
879419974,Graehme,Gillanders,2019-05-09,Male,37 Declaration Trail,9673521561
465471842,Noam,Davis,2004-12-09,Male,44 Nancy Center,1239102754
394561574,Vinny,O'Bradain,2008-02-21,Female,3678 Oakridge Terrace,7302905268
678980314,Kendrick,De Biasi,2013-01-14,Male,678 Pine View Hill,7424347981
628975390,Batholomew,Valde,2014-04-14,Male,5666 Sunbrook Crossing,3716677662
786632343,Royal,Yarnall,2018-08-28,Genderqueer,0 Dexter Court,7319659529
780389679,Amalita,Butler,2005-11-02,Female,375 Packers Trail,3575623552
894988093,Victor,Sanpher,2005-10-01,Male,5 Badeau Trail,5226815491
85912857,Nevil,Rayworth,2001-10-29,Male,830 Artisan Circle,5036597516
464105653,Virgie,Corderoy,2002-03-27,Male,0537 Warrior Street,3334777246
501240471,Angelle,McGorman,2017-09-18,Female,60 Southridge Road,5759941442
736976614,Lyndell,Whichelow,2014-05-05,Female,68227 Cascade Lane,7181273156
189195112,Jaclyn,Brignall,2006-05-17,Female,526 Graceland Drive,1128598099
970400818,Garey,Wormstone,2009-12-24,Male,83587 Darwin Junction,1683716733
328916208,Jeana,Itskovitz,2001-11-08,Female,48637 Sullivan Trail,5124174347
725137844,Gun,Adamovitch,2006-05-13,Male,6526 Mallard Place,1088198635
878816364,Elton,Bridges,2012-07-05,Male,0 Springs Trail,5762848475
645873334,Hildegarde,Talmadge,2001-05-29,Female,17 Walton Hill,8758214416
647910025,Timmie,Kinzett,2015-08-19,Male,6 Fairfield Park,2918585200
807001272,Barbe,Du Hamel,2005-08-09,Female,57122 Hovde Lane,9019325092
345537363,Adrianne,Moule,2000-02-16,Female,7557 American Ash Place,4463882124
972176057,Maisie,Bowden,2004-07-10,Female,726 Canary Avenue,1663027198
923473238,Ozzie,Eslie,2014-06-10,Male,50 Merry Terrace,2288583561
923137516,Corny,Vasin,2006-09-25,Male,65259 Prentice Hill,3533399438
297181670,Temple,Devennie,2011-06-06,Male,411 Kensington Drive,1514483300
830274531,Giovanna,Tomczak,2016-03-29,Female,3 Fulton Crossing,6749173744
967019844,Frederica,Elles,2017-06-17,Female,590 Arrowood Center,6926948200
454949492,Chaddie,Dominguez,2017-10-18,Male,6 Mockingbird Street,8194009750
317356374,Hillel,Dennington,2007-01-01,Male,3 Lerdahl Plaza,3967824221
98693118,Gottfried,Ambrosetti,2006-07-26,Male,82128 Caliangt Avenue,4979953938
859007943,Perla,Voak,2017-06-21,Female,81840 Buell Way,5391366947
936928571,Carny,Fandrich,2011-06-20,Male,41 Onsgard Parkway,5148842934
205802252,Ardyce,Blose,2003-12-10,Female,801 Little Fleur Alley,7902923650
491186752,Christan,Lyle,2016-03-13,Female,2156 Schlimgen Junction,1416178785
223671959,Arther,Moyes,1999-10-04,Male,98 Burning Wood Point,1951567375
574472765,Webb,Tremoille,2009-08-13,Male,716 Carberry Junction,9878699967
952307752,Niccolo,Chad,2007-03-28,Male,37278 Ilene Avenue,5942401057
147194170,Isador,Thornton-Dewhirst,2005-04-26,Genderqueer,75228 Jana Circle,9974629755
854815299,Justinian,Kirkman,2005-09-20,Male,44 Sommers Parkway,2585548153
440602340,Tamarra,Hardinge,2021-03-23,Female,0 Waxwing Terrace,1022377476
442514024,Starlin,Hasling,2020-05-01,Female,647 Duke Lane,5968976154
367039032,Shana,Duncombe,2007-11-10,Female,9 7th Drive,1392553415
221469783,Bunny,Geroldo,2012-08-19,Female,4 Calypso Park,9449811730
984167189,Sumner,Falla,2017-11-25,Male,1387 Wayridge Terrace,7137522135
787798578,Basilius,Do,2000-09-27,Male,1117 West Place,3097617248
142845775,Godfry,Cowlishaw,2020-11-12,Male,4 Cardinal Terrace,4762139881
821563403,Karlee,Bernardinelli,1999-12-15,Female,48 Bartelt Drive,8249444941
113428938,Phil,Klehyn,2003-07-20,Non-binary,60 Elmside Pass,3176102864
278052903,Weidar,Joul,2002-11-01,Male,104 Starling Pass,2226189413
27219464,Hamilton,Brumhead,2014-06-13,Male,5 Novick Point,5842571348
629539270,Iggy,Straine,2011-09-16,Male,02 Fisk Park,8081359635
522766694,Elsy,Tweedle,2009-01-01,Female,8188 Ryan Street,8347277072
704278225,Thain,Vasile,2008-11-26,Male,9525 Scofield Street,7387478852
809434019,Matt,Meaney,2020-11-13,Male,28853 Sloan Point,3028978174
285355146,Flin,Sapir,2010-04-21,Male,903 Petterle Way,6139041386
448795592,Ab,Matsell,2013-09-04,Male,2117 Dwight Trail,8066591317
330412646,Toby,Kemball,2005-03-29,Female,314 Heffernan Alley,1891585108
936759440,Brice,Lamblot,2001-04-29,Male,848 Nelson Road,4585217340
617333642,Chery,Fettis,2017-06-14,Female,8845 Barnett Court,3358378348
149020403,Beatrix,Barribal,2002-11-26,Female,40 Fair Oaks Avenue,9616602166
589910221,Cristian,Klinck,2010-08-31,Male,1 Waubesa Crossing,2195943220
518193599,Northrup,Brydie,2014-02-13,Male,881 Bay Place,3053248970
242159553,Tadd,Rickell,2021-01-07,Male,21834 Harbort Pass,9884747999
134715238,Yard,Sowden,2018-07-20,Non-binary,63840 Cherokee Place,2209781412
715650420,Chrystal,Danko,2013-02-17,Female,69377 Shopko Junction,4835895837
914591828,Montgomery,Amey,2002-03-11,Male,526 Lake View Road,2648264369
972153413,Bax,Harrema,2013-07-20,Bigender,6979 Main Center,1038994987
125269602,Pierette,Drackford,2008-02-14,Female,2 Colorado Center,7737970743
719924698,Alley,McAw,2017-06-01,Male,30 Sutteridge Court,8472728743
886564882,Teddy,Garham,2019-10-04,Male,979 North Point,4556292976
91001578,Laney,Ludl,2001-12-06,Genderfluid,3 Miller Park,1618033050
772603404,Bettina,Franzman,2017-04-22,Female,244 Milwaukee Plaza,2599645516
877066317,Harmonie,Gringley,2010-01-04,Female,116 Arizona Alley,7041206316
898517197,Kaylee,Danilchenko,2017-05-29,Female,5 Hudson Drive,8379049244
753891596,Christean,Blundan,2001-03-29,Female,22225 Florence Drive,3558144800
62856092,Major,Gallon,1999-12-24,Male,671 Bay Junction,9842743537
986432212,Keary,Arthan,2004-09-17,Male,8 Bashford Terrace,7538268558
525470834,Miltie,Angeau,2019-10-25,Male,54229 Calypso Street,4539661180
700240328,Helge,Rochelle,2015-01-21,Agender,6064 Hoffman Parkway,1435745618
320432402,Margalo,Albone,2020-06-20,Female,89 Luster Terrace,8253017615
837749245,Cele,Kiddell,2007-07-09,Female,0876 Grasskamp Trail,5122755707
559388733,Ophelie,Gioani,1999-03-14,Female,017 Anzinger Circle,6892100506
231392472,Ripley,Jaqueme,2010-02-15,Male,1493 Mandrake Parkway,9219576934
821884164,Dix,Joburn,2018-08-08,Female,7 Sauthoff Court,7193144143
264174687,Brigitte,Lent,2000-09-21,Female,138 Packers Avenue,1809049724
84704238,Tyson,Iowarch,2008-12-16,Agender,067 Tony Plaza,7086557508
666716175,Venus,MacCaughey,2018-11-09,Female,8874 Anhalt Pass,1343788917
779941389,Eddy,Rapo,2010-09-25,Female,9 Parkside Trail,6416690692
316875241,Brandon,Cooch,2008-12-21,Male,9 Hallows Alley,2555742112
145036888,Robinson,Cromly,2003-11-30,Male,2 Roth Avenue,5953982888
86604517,Gale,Corness,2017-02-03,Male,18984 Dawn Court,8857951554
848344783,Gil,Kiln,2021-03-16,Male,31970 Roth Center,3166481979
565377768,Philippine,Bummfrey,2014-02-13,Female,5030 Elka Junction,3195052996
816548704,Roxana,Sammonds,2008-09-07,Female,6 Merchant Junction,6645692330
227010807,Muffin,Jaze,2005-03-18,Male,23560 Northfield Lane,6964171422
742041410,Lombard,Cochet,2003-05-21,Male,624 Jackson Avenue,4324572116
354636790,Lars,Bellam,2013-02-18,Male,6 Trailsway Alley,2726815850
364779149,Ced,Adenot,2012-02-06,Male,1422 Thierer Avenue,7447525984
967051114,Trumaine,MacMenamie,2010-04-30,Male,6159 Boyd Court,2091604584
739531310,Jania,Boni,2020-06-25,Female,839 Old Shore Point,6483543374
231170029,Dana,Poulgreen,2004-02-15,Male,75764 Kim Terrace,7142444175
415092686,Sibel,Rogier,2014-11-23,Female,971 Havey Road,5105722748
685766483,Iosep,Aglione,2015-12-16,Male,9 Carioca Park,5611159936
892466058,Bucky,Bruggen,2011-11-05,Male,1 Badeau Court,7163093639
667805562,Charil,Halmkin,2007-03-30,Genderqueer,94830 Basil Terrace,6885499623
345421752,Hester,Spreull,2008-04-11,Female,6391 Merchant Pass,7004715878
197677169,Rowen,Spring,2004-07-04,Male,5250 Jenifer Court,4247625638
530103186,Goldarina,O'Connolly,2001-11-27,Female,08 Mccormick Alley,3563389169
844561658,Joannes,Gammel,2018-02-14,Genderfluid,375 Monument Park,3193096962
316841341,Willi,Divers,2017-01-22,Bigender,73634 Grayhawk Terrace,2621037226
322114020,Carolin,Roxburch,2020-06-27,Female,93 Linden Plaza,7931192418
631285783,Morgun,Hordell,2009-05-19,Male,2 Coleman Center,6824301433
747193545,Cacilia,Penwright,2017-12-23,Female,63164 8th Hill,8857192875
857842158,Herrick,Poyner,2005-12-21,Male,61934 Ruskin Park,9254477694
847421326,Corene,Tatershall,2015-02-13,Female,3 Northport Place,7389226957
422046345,Bond,Aluard,2020-01-26,Male,0 Spohn Junction,1181905804
62674061,Jerald,Brownlea,2010-05-31,Male,310 Luster Avenue,1103102725
601918930,Elset,Basilio,2010-12-17,Female,9762 Kinsman Crossing,2141284358
173607718,Vanna,Danilchenko,2017-06-27,Female,31 Stephen Court,9966749962
785973041,Mollee,Aish,2001-03-22,Female,7 Acker Junction,1138407548
291078712,Greg,Birrane,2018-02-15,Male,0934 Pepper Wood Junction,2482805651
425269856,Jackie,Reddie,2001-05-25,Female,694 Maywood Crossing,4259244423
226934857,Pet,Rospars,2007-01-31,Female,29 Hagan Terrace,1701064334
120223760,Sauveur,De Goey,2021-08-07,Male,6979 Forster Terrace,7828505958
448283482,Carline,Vittet,2005-04-06,Female,5310 Colorado Hill,4882818747
170598357,Byrle,Chritchley,2014-09-18,Male,6858 Northland Place,7258691046
421045209,Ted,Ruoff,2010-02-23,Male,6 East Trail,6636173497
607681595,Gino,Brixey,2006-10-16,Male,2 New Castle Pass,4508933492
889722477,Flin,Skellon,1999-10-18,Male,748 Shopko Point,9426527323
203000145,Sloan,Colton,2000-12-22,Male,104 Crowley Parkway,7316224970
62505395,Donny,Alfuso,2010-12-21,Female,7913 Bowman Alley,2241149091
814755149,Rori,O'Grogane,2015-05-16,Female,09 North Road,9876228932
981089876,La verne,Scoon,2011-11-16,Female,31095 Trailsway Crossing,2524362294
333845615,Maurie,Habbon,2002-03-14,Male,714 Coolidge Place,3359016095
553237679,Darnall,Betjes,2007-05-10,Male,1 Bartelt Junction,7304321707
204913870,Marlow,Cota,2019-07-05,Male,7585 Bonner Street,6505058436
206636350,Reade,Duthie,2004-10-19,Male,385 Rockefeller Avenue,7266459186
790878684,Gaby,Dalgliesh,2003-10-24,Male,7181 Stone Corner Parkway,8407508279
975972568,Rustie,Georgeot,2020-07-09,Male,58142 Warner Avenue,7275143819
225299968,Hallsy,Le Batteur,2009-09-27,Male,6 Blaine Place,9046549748
290533830,Alfred,Charrington,2013-12-21,Male,486 Westerfield Hill,3446258761
426101339,Cortie,Kestian,2007-08-12,Male,40 Evergreen Place,5046241838
399388732,Cherilyn,Tesoe,2019-09-03,Female,04970 Fisk Pass,9839779358
450658408,Shepperd,Norcott,2020-09-14,Male,4 Granby Point,8195243177
225825384,Alexia,Lock,2009-03-26,Female,11646 Barby Avenue,7118406263
88420477,Angelica,Corbert,2003-12-25,Genderfluid,71466 Portage Court,9118989284
915669969,Fae,McKinn,2002-03-21,Female,564 Blackbird Plaza,4207008584
298778071,Rorke,Huckin,2008-01-18,Male,3 Eliot Place,5093308433
296897508,Cointon,Shorto,1999-01-28,Male,749 Sommers Pass,9823764827
669017571,Raimundo,Strain,2011-02-03,Male,28 Summer Ridge Crossing,2029850293
641421685,Jonathan,Schleicher,2007-06-18,Male,6 Maryland Park,4694297944
952728246,Wyatt,Clynter,2014-04-01,Male,094 Utah Avenue,9345230671
73649927,Fredia,Pinkie,2020-10-10,Female,7263 Susan Parkway,6333696970
671507928,Paulie,D'Ugo,2004-08-23,Male,05 7th Junction,9393995019
286025845,Erinn,O' Finan,2017-06-18,Female,65002 Continental Street,6699115158
304922871,Abeu,Swinnerton,2007-12-07,Male,191 Oneill Place,9881451900
582980783,Tudor,Engall,2006-05-04,Male,87 Luster Circle,8755879756
288518803,Philly,Stollsteiner,2006-01-23,Agender,8652 Mayfield Plaza,7605163236
484167075,Vanya,Gerrets,2006-05-18,Female,32 Bay Hill,9158509143
772005956,Gabi,Prendergast,2000-04-23,Male,89 Waubesa Plaza,8644211495
264582659,Fern,Wain,2008-07-31,Female,352 Hazelcrest Alley,8852885437
592112447,Daron,Sigfrid,2019-10-30,Female,0923 Schiller Place,4797148540
894373636,Kattie,Mattedi,2003-09-15,Female,417 Steensland Street,2106294219
497715155,Kaitlynn,Tunnicliff,2003-05-29,Bigender,70558 Maywood Court,9447513569
438624573,Maisie,Hawkeswood,2004-08-09,Female,3 Hanover Crossing,8627026434
345715688,Sal,Newitt,2010-05-01,Male,42 Milwaukee Circle,2671736816
132559883,Consalve,Lowsely,2014-12-12,Male,38 Kings Road,5304682445
967079673,Basilio,Eslemont,2005-12-06,Male,09 Mesta Junction,6412301966
477166121,Ray,Pointon,1999-09-22,Female,79 Stoughton Drive,2291824700
182844422,Hillery,Joynt,2004-05-31,Male,5 Almo Trail,4198886143
547880674,Morlee,Parr,2017-03-17,Male,8218 Acker Center,6388436336
995701962,Camile,Deport,2016-05-24,Female,91677 Eagan Street,2422352881
741359872,Benni,Maven,2019-06-28,Female,47 Birchwood Drive,5938565000
20314008,Darwin,Kiendl,2010-12-12,Male,880 Village Center,3227001001
646819878,Rosy,Serot,1999-01-22,Female,0465 Merrick Way,7866346061
886992264,Finn,Boatwright,2012-02-14,Male,551 Schurz Park,5306096151
798580686,Maisie,Straw,2016-01-02,Female,465 Judy Way,8642980824
137845579,Elwin,Bohler,2016-10-16,Male,30561 Petterle Center,1348304241
844857052,Tiffany,Laroux,2012-05-26,Genderqueer,2563 Main Junction,1414116285
561739729,Jacky,Morillas,2017-09-14,Female,64941 Bartillon Terrace,8987894463
589802751,Eldredge,Gandey,2021-11-11,Polygender,89 Mallory Parkway,4281031227
938341356,Yolande,Grahlmans,2012-02-27,Female,95633 Novick Circle,6098487757
412252964,Dunstan,Brandacci,2007-10-20,Bigender,5566 Algoma Street,7384037228
688954037,Valry,Campes,2004-01-27,Female,8 Grasskamp Circle,9562296296
195133202,Lotty,de Lloyd,2003-02-15,Genderqueer,0 Springview Plaza,1698912568
993194584,Goldie,Citrine,2011-11-27,Female,68377 Eliot Pass,8174926618
751677696,Miguel,Wetherby,2006-11-02,Male,22082 Muir Center,8381345395
629097045,Kearney,Adamson,2018-07-04,Genderqueer,08783 Everett Alley,1392641281
734762728,Stafford,Caudelier,2017-04-13,Male,9898 Del Mar Crossing,9322261159
184662655,Nicky,Petrishchev,2012-09-08,Male,59458 Esker Hill,9061591974
636811037,Gertrud,Keighley,2006-10-17,Female,911 Mitchell Lane,4164756458
633502640,Leela,Loftus,2020-08-31,Genderfluid,09687 Sauthoff Pass,1172753018
539492226,Peri,MacPharlain,1999-06-12,Genderfluid,334 4th Lane,7996184326
359353686,Rafaelita,Fenton,2011-02-14,Bigender,011 Barby Center,6272935979
804688279,Liza,McMichell,1999-07-22,Female,35836 Buell Plaza,5635972259
510708767,Darcy,Burd,2010-05-24,Female,782 Roth Street,7539666657
667148888,Binnie,Belderfield,2020-01-28,Female,068 Monica Alley,9826695651
439725005,Chrysa,Lukacs,2004-09-22,Female,57 Spenser Circle,5834694973
366580016,Ruby,Bockings,2019-05-14,Female,9 Colorado Terrace,7664353462
832436540,Olly,Gillum,2001-01-22,Female,93856 Mcbride Hill,8103935068
118189821,Libby,Sarchwell,2018-06-13,Female,32736 Westend Parkway,5061883446
142386290,Freedman,Dryburgh,2009-12-17,Male,72 Toban Point,6416867366
10890207,Darrelle,Mangham,2001-12-18,Female,99 Novick Point,3679097671
364075393,Anders,Keyzman,2004-08-06,Male,636 Loftsgordon Alley,6074903074
841358317,Charisse,Picker,2020-06-01,Female,68 Green Park,6432583650
830073825,Simone,Longega,2012-12-25,Female,71988 Crowley Point,9353851610
616964315,Luce,Pennigar,2015-06-28,Male,880 Manitowish Junction,7588450102
289140264,Gilberto,Grimsell,2015-01-29,Male,18511 Rowland Junction,3421903765
564585080,Amalia,MacAless,2016-02-05,Female,3705 Lawn Trail,4164394817
425903349,Adi,Testo,2010-02-05,Female,309 Sommers Junction,6237067344
79773476,Dag,Mirando,2017-09-25,Male,40186 Service Circle,7151701136
177646991,Thornie,MacDavitt,2011-06-07,Male,10 Buena Vista Trail,1909791369
846745304,Berni,Heiss,2002-05-22,Female,1834 Debs Lane,4413850862
988770075,My,Kuhnel,2008-12-14,Male,6305 Debra Street,4998795821
791742898,Temp,Peedell,2021-01-25,Male,1798 Eastlawn Trail,6436828768
529288405,Rowena,Yurchenko,2014-03-18,Female,4 Di Loreto Road,7638473819
314273459,Fowler,Harley,2020-02-03,Male,3 Dakota Circle,5267222221
797445830,Julian,Febry,2002-08-29,Male,4628 Thackeray Center,6386334054
453787601,Delila,Pala,2020-06-08,Female,145 Blue Bill Park Pass,8307331778
388503082,Opal,Inchan,2010-04-15,Female,912 Russell Court,9374091526
640029536,Karoline,Kirwood,2020-12-18,Female,61 Myrtle Pass,2502548199
735342884,Haily,Berntsson,2005-05-28,Female,877 Dapin Road,8854268387
585713445,Iago,Hallums,2005-08-19,Male,37488 Stang Point,5232269749
393558923,Augusta,Brammar,2005-08-12,Female,830 Holmberg Parkway,9353739896
757255325,Dallon,Caurah,2015-04-20,Male,675 Merrick Parkway,4609007560
308646340,Anet,Blasio,2021-08-16,Female,94 Meadow Vale Park,7514426579
687945795,Katinka,Gudger,2005-10-18,Female,16241 Sundown Road,7479878405
623031103,Pattie,Iannitti,2008-10-26,Male,60 School Place,5102827785
876250646,Mimi,Toohey,2004-10-09,Polygender,9286 Straubel Circle,2798771659
344454710,Salome,Fritchley,2017-06-21,Female,525 Coleman Terrace,7565019859
995352285,Lorie,Mauvin,2000-01-11,Female,7 Bonner Hill,9383681016
973927366,Mile,Driffill,2003-08-27,Male,4603 Schlimgen Way,6327848748
218742481,Corine,Sisey,2021-06-06,Female,4867 Esker Avenue,9044005083
517790823,Stesha,Fullerlove,2020-09-26,Genderqueer,963 Buhler Crossing,6924828330
964797340,Cullan,Esselen,2014-07-24,Male,1614 Golf Pass,1218731695
575157065,Zahara,Maginn,2011-01-30,Female,48202 Jenna Avenue,7983376195
468469624,Rowney,Lambirth,2006-05-08,Male,4 Menomonie Park,2199766567
883643157,Ralf,Jopke,2019-09-06,Male,717 Sachs Trail,2085494045
704435054,Louis,Sturzaker,2020-11-23,Male,10 Dapin Point,2603416334
948301490,Rahel,Koppens,2008-12-27,Female,2415 Farragut Terrace,9925810984
992901019,Chane,Hannan,2007-02-25,Male,518 Rusk Circle,2114237189
462510418,Chantal,Fletcher,2006-07-05,Non-binary,96393 Comanche Court,7107824148
386514075,Lorenzo,Glanister,2020-05-29,Male,3370 Buell Lane,6978231402
1590456,Pennie,Paddle,2002-09-20,Female,29 Forest Run Alley,1499928005
54935676,Lammond,Napier,2001-04-11,Male,3714 Lukken Terrace,4069012317
161105413,Orland,Assante,2015-01-28,Male,09644 Harper Pass,9816805946
146106230,Kathryn,Elgood,2000-08-04,Polygender,777 Drewry Crossing,3823302475
681225657,Kirbee,Sterke,2006-05-28,Female,318 Merchant Trail,4199498180
390007509,Hansiain,Burds,2018-12-15,Male,24 School Center,5602730772
648341355,Court,Scranny,2019-11-17,Male,59 3rd Way,8107579714
179766140,Edward,Blabey,2013-05-27,Male,2220 Nancy Way,8457288647
143586442,Carina,Lorens,2016-11-30,Female,7 Hermina Avenue,3632923515
976032998,Kattie,Meaney,2018-12-19,Female,005 Cardinal Junction,4481271666
118190694,Sara-ann,Darbon,2004-02-29,Female,5 Rutledge Center,8059386944
576286948,Elsbeth,Mungin,1999-09-30,Female,732 Shopko Drive,4934836051
235592819,Wini,Gianotti,2005-10-17,Female,8030 Meadow Vale Court,4896731839
190580163,Augusto,Mullinder,2019-03-27,Male,9792 Welch Street,1234000556
595786856,Marcia,Crutchley,2012-08-13,Genderfluid,35473 Bartelt Park,8746976904
604700309,Axel,Phare,2005-09-03,Male,5428 Maryland Crossing,9143162225
902219821,Andonis,Leate,2012-10-14,Male,5655 Gale Center,6401746418
188976169,Stanwood,Erickssen,2017-10-04,Male,16116 Roth Road,5069714507
369442227,Colman,Girdwood,2001-04-09,Male,0694 Independence Pass,2394597571
18906918,Hilliard,Eaton,2004-05-04,Bigender,5669 Clove Pass,4666365463
35693825,Merrile,Geddes,2001-06-22,Female,389 Springs Circle,7875050680
362364938,Ulrika,Marshfield,2020-05-08,Female,9 Eagan Circle,7842467900
973178479,Audrey,Aldrin,2006-10-29,Female,22207 Talisman Way,9838555101
421353640,Janis,Wordington,2019-08-16,Female,36 Center Pass,7428785267
665583477,Elenore,Unger,2018-05-19,Female,27 Amoth Parkway,9083547215
672042085,Nerita,Stiegers,2008-09-02,Female,324 7th Point,8785722582
208512165,Yasmin,Bathowe,2011-07-05,Female,24171 Londonderry Hill,7782017891
696254421,Clevie,Liver,2012-07-13,Genderqueer,84166 Hayes Crossing,5142113439
785024059,Trina,Ashman,2006-07-10,Female,62 Tennessee Hill,3209046690
104852602,Ashton,Yerlett,2001-08-28,Male,41884 Prentice Plaza,6536312247
169056437,Lilith,Emmert,2020-11-18,Female,9784 Cordelia Road,9634094058
353612846,Alfons,Shepperd,2018-12-06,Male,55 Aberg Way,4706464920
623874543,Ruthe,Klimke,2019-02-09,Female,001 Lyons Way,9902467653
174674776,Isabel,Colgan,2010-03-31,Female,80796 Manitowish Road,3337275604
207832878,Christian,Treacher,2018-01-12,Genderqueer,52012 Upham Avenue,1773756128
248029357,Malynda,Noad,2010-05-15,Female,0 Welch Pass,1296852470
358243418,Alain,McCaughran,2006-07-04,Male,420 Vahlen Road,6685877691
90632849,Winifield,Dillet,2011-09-08,Male,95418 Sachtjen Drive,7711764195
998686365,Berthe,Courson,2017-07-02,Female,4800 Pine View Hill,9976056281
819078814,Raffaello,Guyer,2015-06-23,Bigender,87475 Loomis Way,1941376150
412893753,Myron,Pinsent,2012-02-17,Male,00814 Tennyson Road,8421786269
32778867,Kira,Boyet,2006-06-22,Female,80501 Northview Center,9452269920
930710192,Livvy,Red,2007-05-16,Female,573 Badeau Circle,5145165153
645199470,Rodd,Higgen,2020-12-09,Male,2173 John Wall Road,6961587403
396282953,Lockwood,Faussett,2012-04-06,Male,6009 Loomis Alley,8782200225
537457424,Elnora,Dorricott,2015-07-18,Female,8101 Garrison Circle,9623575954
202267689,Kelwin,Roze,2011-09-04,Male,143 Glacier Hill Point,6123252428
696593451,Lorne,Kasperski,2010-06-18,Female,75 Sherman Circle,7403297138
173354845,Lucais,Simenel,2004-06-06,Male,510 Bayside Court,6339525338
195955527,Calv,Birchner,1999-01-29,Male,3 Messerschmidt Park,6517507629
467823139,Leshia,Whitsun,2003-06-20,Genderqueer,9520 Garrison Street,1557966669
446009214,Rosamund,Cranham,2016-12-20,Female,90812 Towne Plaza,8669779565
404831768,Irvine,Jinkins,2003-09-11,Male,7 Roth Junction,7173705900
582248667,Kent,Ciccotto,2017-06-10,Male,4473 Declaration Circle,3755505110
362633029,Mikkel,Thulborn,2020-04-19,Male,5 Schiller Hill,5939078317
260717309,Dominga,Tapply,2001-02-10,Female,4462 Gulseth Way,5555923769
630281586,Fern,Bourley,2018-12-30,Female,0319 Melvin Park,5295174074
895975590,Eada,Devas,2005-01-17,Female,17484 Myrtle Avenue,9662643646
816280609,Rogers,Eddins,2015-01-16,Male,1165 Tennessee Place,9597684397
239527640,Edan,Kingdom,1999-08-26,Male,85 Florence Crossing,5061108284
362959196,Ferris,Rushmare,2015-09-01,Male,01116 Eastwood Trail,1892237189
524081774,Whitney,St. Hill,2006-12-07,Male,553 Orin Road,7119478567
982501745,Marketa,Tire,1999-11-12,Female,267 Meadow Valley Avenue,7385852379
786322265,Teena,McGeady,2009-07-11,Female,8890 Westport Pass,8712440212
469585889,Tessy,Pinkney,2013-12-28,Female,6 Amoth Road,2922543388
787573949,Karel,Drable,2014-11-22,Male,64024 Haas Parkway,1107342391
346855516,Livy,Pettingill,2008-11-04,Female,6676 Drewry Alley,6539372957
313267691,Maurits,Jerram,2018-01-11,Male,88 Loomis Hill,9862227419
621609609,Rafi,Copper,2008-12-23,Male,17628 5th Park,8547358876
650036716,Fidelity,Scanderet,2008-06-28,Female,4663 Dennis Place,4213805358
85032150,Mischa,Biasotti,1999-04-01,Male,2 Anhalt Place,5111108690
749112003,Jodie,Criple,2010-12-24,Female,4 Ronald Regan Junction,5236255638
667496237,Morena,Brunt,2009-06-01,Female,9149 Hansons Crossing,4858611122
498148613,Regine,Dinis,2014-12-07,Female,25 Brown Center,3884902435
648972547,Lizzy,Netti,2018-01-16,Polygender,2698 Anderson Hill,2976367383
804337980,Rowena,De Santos,2002-03-23,Agender,78383 Bluestem Park,7576034289
509309578,Cozmo,Buckwell,2016-03-08,Male,51 Continental Trail,9219758178
235463303,Joete,Follin,2000-09-08,Female,50 Sherman Pass,9463015749
27255569,Felicio,Cowthard,2006-11-15,Male,738 Troy Terrace,2296919067
532706040,Yasmeen,McKag,2014-08-12,Female,5 Roth Hill,3015281866
692001184,Jock,Wiggins,2014-08-31,Male,83286 Paget Pass,4432940571
142758365,Read,Cristoforo,2018-02-18,Male,57444 John Wall Street,6421551457
82048598,Delmer,Amyes,2012-06-05,Male,37 Sheridan Crossing,9916466283
174628396,Jerald,Aleksandrikin,2002-10-25,Male,537 Melody Parkway,4018607095
560384589,Enrico,Legh,2002-08-07,Male,4462 Morning Way,7577277516
624936117,Robinetta,Klees,2002-10-24,Female,742 Kinsman Pass,4279335049
398885724,Barbara,Fidian,2010-07-05,Agender,89 Meadow Vale Avenue,9905150500
54328749,Adina,Glynn,2005-12-09,Female,9604 Mesta Drive,6348643992
992634308,Mendel,Emmet,2005-08-09,Male,80072 Bellgrove Parkway,1167131779
793003815,Iris,Wittleton,2010-03-03,Female,9951 Gateway Parkway,7928615747
495787877,Benjamin,Saing,2004-11-20,Male,9053 Goodland Street,6032404840
267743189,Sheilakathryn,Petracci,2021-05-07,Female,7 Crest Line Pass,8882927039
55659397,Archy,Ridsdale,2005-03-04,Male,18 Homewood Park,1205576918
122404338,Ewan,Colhoun,2003-12-08,Male,632 Debs Pass,2708028833
77165315,Lilas,Fentem,2019-07-03,Female,3491 Wayridge Pass,5934042015
275412918,Mac,Hartill,2000-09-26,Male,63 Victoria Place,8595401481
828460468,Neil,Blaxeland,2013-02-09,Male,0869 Village Pass,9113347781
556879037,Louisette,Kineton,2009-11-22,Female,71702 Sachs Pass,4359829305
514125439,Giovanni,Castelijn,1999-07-10,Genderfluid,838 Dayton Pass,6945915078
727065332,Benton,Nelligan,2003-05-23,Male,071 Rieder Junction,1216837037
422709967,Regina,Maeer,2019-10-15,Female,656 Shopko Point,9035376108
355411103,Horst,Coleson,2017-04-15,Male,4024 Independence Park,8358802791
722061898,Terry,Ponceford,2014-10-24,Male,114 Darwin Junction,2543918104
834934164,Judy,Foulds,2019-02-08,Non-binary,771 Pepper Wood Center,6992318438
399411276,Bern,Komorowski,2019-12-16,Male,904 Warrior Drive,3072452236
711641592,Urban,Weatherell,2008-06-01,Male,554 Browning Street,1687663866
828018247,Florinda,Payze,2005-01-27,Female,2131 Schlimgen Avenue,1366403025
220892804,Les,Meneo,2018-04-02,Male,771 Truax Terrace,2686419755
927887398,Shem,Miall,2009-03-31,Male,11 Eastwood Center,6232287984
196667880,Em,Measham,2019-01-06,Male,80248 Mesta Pass,4907035007
606450439,Vitia,Briddock,2006-07-27,Female,09839 Anderson Place,7834889921
425822956,Nicoli,Metzke,2013-01-11,Bigender,04 Mesta Court,4178840601
204069482,Otho,Growcock,2015-11-06,Male,33 Laurel Street,5892689725
783006925,Bondie,Janouch,2014-07-05,Male,70189 Nevada Lane,7993441566
663380934,Greggory,Bloy,1999-01-03,Male,00 Forest Way,6878669753
370327248,Constantina,Filoniere,2011-09-23,Female,7070 Prentice Drive,5591190447
751139588,Maryann,Marre,2010-11-09,Female,2401 Hovde Drive,6823004153
71234680,Cynthy,Walklate,2015-12-29,Female,16050 Lake View Alley,7995101593
158221518,Tremaine,Sidwell,1999-03-03,Male,8 Saint Paul Drive,4668506729
610043626,Piotr,Easterfield,2012-03-16,Male,2 8th Drive,3918150293
302026565,Seka,Keele,2002-03-05,Female,938 Prairie Rose Lane,4486174945
614049323,Ashely,Edds,2003-02-20,Female,00201 Fisk Parkway,6332055291
146173247,Wanids,Rosenblath,2014-08-18,Female,379 Nelson Court,9639077764
447848844,Marylynne,Preece,2012-03-12,Female,360 Sugar Park,5413216188
962204244,Hannie,Klampk,2021-09-16,Female,0 Grover Place,5226121306
58847187,Antoni,Gerrelts,2008-08-24,Bigender,6 Stoughton Circle,8947991922
727571485,Natka,Kenningham,2021-03-10,Female,91455 Kennedy Park,5751149790
387562934,Desi,Heffer,2020-10-07,Male,37 Lakewood Gardens Center,8295337505
578778803,Fransisco,Gayter,1999-01-11,Male,460 Blaine Avenue,9321114787
852057075,Cassey,Brazener,2004-10-27,Genderfluid,3 Old Gate Plaza,5306297509
841305837,Emylee,Joannidi,2005-09-06,Female,9054 Lake View Court,4933896152
163440809,Merrily,Crocetti,2014-08-24,Female,8531 Towne Plaza,3211521745
234840191,Welby,Nurdin,2002-05-13,Male,3702 Artisan Terrace,1133106612
628295878,Chip,Lilford,2018-11-09,Male,2 Hollow Ridge Parkway,2924714727
293277773,Raye,Oliva,2011-10-20,Female,3637 Bunting Way,2308827368
380391051,Emelen,Presdie,2000-12-01,Male,0 Iowa Lane,6182809788
822119060,Dolly,Rojel,1999-06-02,Female,78 4th Parkway,9988304312
216341589,Morganica,Kerin,1999-02-27,Non-binary,9 Bashford Parkway,2439172436
341005835,Chadwick,Pactat,2001-05-25,Male,0181 Springs Circle,1938083969
723143458,Denni,Greathead,2017-04-03,Female,7 Bayside Junction,1684470918
871416790,Doe,Laurenz,2013-11-22,Female,05 Meadow Ridge Alley,3455337365
975198286,Farlee,Bollard,2004-12-13,Male,33335 Park Meadow Trail,5397494114
180585272,Jere,Ellse,2009-01-07,Female,8 Golf View Lane,3514605128
552127421,Farley,Shingler,1999-06-02,Agender,6 Di Loreto Terrace,5208299301
53267561,Weylin,Oddy,2019-11-19,Male,2119 Prairieview Plaza,8736789601
488000191,Corri,Forshaw,2009-08-19,Non-binary,19 Sage Court,1005808161
172196320,Anthiathia,Reisen,2018-11-26,Female,2 Buell Plaza,1061253322
394991105,Branden,Francescoccio,1999-12-12,Male,2 Amoth Center,5799236133
673388522,Albertine,Wybrow,2002-07-24,Female,657 Reindahl Street,3634125633
524560183,Lammond,Adelberg,2007-01-11,Male,31255 Carpenter Park,7017943222
454773624,Averell,Norewood,2021-02-24,Male,98 Quincy Avenue,8142663466
237338496,Leanna,MacMillan,2013-10-19,Female,06 Dunning Junction,3683571747
558371102,Luciana,Halworth,2020-01-03,Agender,2316 International Street,7703408997
174952221,Braden,Akeherst,2017-10-26,Male,315 Arapahoe Alley,2064625608
958673895,Gray,Woof,2013-11-07,Female,284 West Place,4487149896
15872130,Lawton,Dunkerley,2017-07-28,Male,21 Pankratz Court,7764245309
100833952,Augusto,Kisbey,2009-07-28,Male,95010 Dahle Avenue,9266227386
443049773,Truman,Mackley,2016-09-16,Male,14402 Lerdahl Park,6697902451
373128023,Tabbie,Riply,2016-04-16,Male,3977 Dorton Parkway,9984374463
583820076,Vin,Faltskog,1999-08-10,Male,28 Center Alley,8106459972
16645202,Rodrique,Romanet,2020-08-19,Male,0672 Pennsylvania Drive,8392599510
358659356,Ahmad,Volette,2020-02-03,Male,8370 Waxwing Avenue,5911583064
767925392,Noach,Dorsett,2012-03-01,Male,8 Westend Pass,9334996052
442239244,Sheela,Stearnes,2014-03-12,Female,08 Myrtle Drive,1224571034
360962395,Oralee,Maden,1999-01-25,Female,35 Gulseth Junction,5671441297
969926022,Valentino,Czaple,2017-10-01,Male,85 Orin Junction,2837781141
760783680,Bink,Nozzolinii,2016-05-10,Male,021 Manley Pass,8836304859
426150282,Ferdie,Walewicz,2008-12-22,Male,20 Hooker Crossing,1262621961
245156077,Beverie,Semiras,2012-05-21,Female,1 Butterfield Avenue,6555160109
845135006,Alyssa,Gainsbury,2020-03-13,Female,9356 Kropf Place,7535257233
95439846,Garrott,Duckinfield,1999-03-24,Male,039 Pearson Road,7063948741
491504279,Biron,Shelly,2018-03-08,Male,71219 Nevada Hill,6511451289
561522838,Franchot,Ziems,2016-05-03,Male,3 Riverside Circle,3894504143
63383900,Tracey,O'Flaverty,2017-03-03,Female,4977 Esker Crossing,3617849255
726967084,Arney,Smurfitt,2018-06-21,Male,600 Veith Center,9149513694
951806645,Jakob,Dudbridge,2016-01-30,Male,1 Mifflin Hill,5303475249
56796787,Rodney,Traice,2006-11-09,Male,67053 Russell Circle,3232395202
592008114,Daveta,Oak,2018-06-01,Female,35 Norway Maple Court,9759381456
737894934,Desmond,Corsan,2003-04-01,Male,7 Montana Pass,6326372981
642803844,Tammie,Roadnight,2002-08-14,Male,290 Oneill Crossing,4155573870
750433834,Alvis,Willmett,2020-06-25,Male,19593 Hoard Trail,2733660129
627864350,Yvette,Lys,2018-11-04,Female,57238 Manufacturers Point,8366693448
222715264,Alyssa,Avraham,2021-11-01,Female,45704 Porter Terrace,8545972932
649394034,Faustina,Michel,2011-06-17,Female,4 Amoth Point,9907924496
591904943,Howey,Tootell,2016-04-27,Male,4657 Veith Center,4782810485
810238921,Keeley,Llewelyn,2013-06-03,Female,0 Cherokee Court,2122623766
666059384,Ezri,Devigne,2002-01-23,Genderqueer,9 3rd Drive,6295526482
381282331,Candra,Kinsman,2016-06-22,Genderqueer,59 Waubesa Place,7729770163
924528870,Sigismundo,Dudlestone,2006-11-07,Male,0 Pearson Trail,9702319304
86059531,Clayson,Huonic,2004-11-23,Male,52 Carey Park,7627563499
407769727,Sancho,Aguirrezabala,2019-05-17,Male,50757 Hagan Crossing,2804289839
282326788,Beulah,Phlipon,2005-09-13,Female,747 Di Loreto Center,2195970664
186918018,Antonella,Vanstone,2006-11-18,Female,2955 Farwell Point,4205812174
890414331,Raynor,Brolechan,2018-07-09,Male,53055 Sachs Place,2264586078
708402744,Karissa,Oloman,2017-04-10,Female,3564 New Castle Junction,9378886666
447124052,Opalina,MacCorley,2000-07-07,Agender,22905 Eastwood Alley,5011330674
418087409,Priscella,Brimmicombe,2003-05-13,Female,581 Vernon Drive,2584691236
196178628,Terese,Whitesel,2015-03-15,Female,7 Kipling Drive,7411959847
627492498,Rosanna,MacAllen,2006-08-12,Female,130 Katie Alley,3939859446
134474461,Salem,Hinstock,2002-02-17,Male,33 Erie Hill,2248797061
853201296,Janifer,Gillum,2011-11-15,Polygender,1676 Almo Junction,7534702869
474252687,Tildi,Massimi,2014-11-01,Female,648 Welch Alley,7053387479
137137630,Aubry,Altofts,2004-02-22,Female,833 7th Court,3034843683
661910972,Bride,Petrishchev,1999-03-25,Female,479 Stuart Pass,3871855613
536786017,Dollie,Conant,2012-11-23,Female,12 Lunder Crossing,7351955099
778253730,Henrik,Richard,2005-04-29,Male,7745 Hayes Street,6791362295
518505968,Brooke,Eginton,2005-04-11,Male,6189 Talisman Point,8052844139
707411426,Chalmers,Ussher,2008-03-20,Male,0071 Manitowish Park,9008878334
249741020,Brandie,Gartland,2012-09-27,Female,64290 Magdeline Place,2506466539
783018434,Nevil,Iacovazzi,2005-10-12,Male,84 Forest Dale Place,6633404262
349597755,Terrill,Couvert,2014-05-14,Male,5 Kensington Road,6708143289
582503638,Juditha,Simmig,2007-03-29,Female,558 Fairview Road,2965604592
759950584,Cobby,Ashmore,2006-10-18,Male,7538 Mendota Avenue,9874892718
625735054,Web,Gueny,2005-01-11,Male,55 Cherokee Park,5022857530
570818174,Lyndsay,Donisi,2009-05-26,Agender,73 Schmedeman Hill,6061709038
902124954,Delphine,Slavin,2007-04-12,Female,9242 Dayton Street,1501937169
245274251,Patrick,Warrener,2004-01-22,Male,9707 Northland Way,8632088942
478632290,Deanna,Mousby,2001-11-10,Female,83 Caliangt Plaza,5888693649
500039825,Nancee,Lorroway,2013-02-26,Female,7797 Loomis Point,2772765550
338587764,Zea,McNutt,2011-12-23,Female,969 Ridgeview Plaza,9556263305
751396983,Tammi,Bilyard,2002-10-06,Female,0034 Blaine Court,9951430561
50742910,Alethea,Keeping,2016-07-31,Genderfluid,59423 Mayer Drive,1194776127
165462262,Valeria,Roskrug,2018-08-04,Female,819 Myrtle Alley,1545921927
863180058,Daveta,Dodsley,2008-07-21,Genderqueer,881 La Follette Center,4444836629
102052438,Alexi,Goodfellowe,2014-07-20,Female,24658 Ruskin Center,8404703804
871619181,Patton,Marsham,2017-09-07,Male,9 Prentice Avenue,2077911516
423531147,Myrlene,Starbeck,2007-12-13,Female,0 Transport Parkway,2302173815
187843865,Reuven,Riolfo,2020-06-01,Male,53603 Quincy Drive,3056036306
667342061,Mikael,Ricker,2000-04-08,Male,2 Londonderry Trail,8544259385
140472123,Bernice,Bawdon,2003-10-10,Female,1800 Stang Plaza,6615017945
966654090,Aeriell,Kynoch,2018-11-16,Female,13 Annamark Street,1662328244
196472497,Meredithe,Ciric,2020-11-28,Agender,6 Declaration Avenue,1151931864
353386211,Nerte,Worms,1999-08-02,Polygender,85 Fieldstone Terrace,1901070341
980884320,Emylee,Kermott,2009-02-18,Female,2 Northview Crossing,9222054929
846986230,Bailie,Plunkett,2015-01-15,Bigender,33 Upham Drive,8637420657
376436306,Rolland,Guyon,2005-09-03,Male,3 4th Road,5557163629
942341893,Jerrine,Blant,2017-11-21,Bigender,7566 Canary Court,1782164699
521982124,Lewes,Peller,2019-03-13,Male,80886 Golf Place,4297282879
927918713,Leah,Glynne,2005-04-15,Non-binary,0 Buell Point,8604190415
781909731,Ezmeralda,Alman,2010-05-24,Female,28 Susan Way,9846386585
547279741,Devlin,Catlow,2016-04-14,Male,55 Red Cloud Pass,3957256784
215793399,Dieter,Legerton,2019-10-30,Male,9 Amoth Terrace,2603110126
486924060,Netty,Hathwood,2000-09-21,Female,9046 Farmco Road,8749124132
148654152,Harwilll,Tompkinson,2018-08-10,Male,4881 Leroy Parkway,5626520685
197898918,Gale,Mort,2013-04-22,Male,5 Sheridan Trail,2177749411
160534729,Barnabe,Tether,2020-10-17,Male,51 Graceland Road,3942136346
653097176,Emanuele,Jancso,2010-05-12,Male,2 Express Avenue,7169731567
121001453,Bastian,Wiggett,2008-02-27,Male,5884 Schmedeman Terrace,6329025761
606965170,Rae,Cubbini,2014-02-27,Female,0 Brentwood Road,7845923200
637796172,Skyler,Kernley,2010-10-12,Male,9502 Randy Lane,1428284445
435260700,Dorolice,Cope,2014-05-01,Female,86 Center Crossing,7094070037
706180084,Zachariah,Ackland,2019-08-03,Male,2477 Troy Park,4889838029
623294770,Augustina,Ilchuk,2001-05-25,Female,528 Fulton Way,6775712479
660125232,Kurt,Selvester,2011-09-18,Male,50688 Scott Parkway,4243446338
768934003,Peta,Hefferan,2005-07-14,Female,56156 Melby Court,2031934589
350104204,Siffre,Weekley,2012-03-30,Male,744 Bunker Hill Trail,3533187543
484172695,Brnaba,Isard,2000-07-14,Male,8 Ludington Circle,6123220724
883839913,Allie,Roydon,1999-04-03,Male,56 Algoma Circle,4074964534
488400609,Elfie,Pardon,2004-01-26,Female,40663 Lyons Place,5082714192
625023306,Dominica,Pendrick,1999-02-02,Female,34424 Bobwhite Place,6279891622
829378323,Chandler,Schubart,2011-06-09,Male,1423 Manley Way,9457421751
738299771,Gena,Courson,2015-05-13,Female,87555 Mariners Cove Trail,6867224486
76270626,Sky,Domeney,2010-10-08,Male,99571 Carioca Way,6554484649
881194918,Moises,Ommanney,2006-12-02,Male,8 Mariners Cove Center,4545206684
890556032,Melisse,Pichan,2009-05-13,Female,2923 Kim Crossing,5001169231
655152320,Ede,Stickney,2009-09-22,Female,639 Roxbury Crossing,4077689075
734169746,Cleavland,Ibbeson,2003-04-24,Male,6260 Farwell Trail,2264205664
37776151,Alfreda,Gude,2001-03-28,Female,47211 Mcguire Terrace,2682056990
929970592,Isaak,Bennie,1998-12-23,Male,41 Surrey Way,2158541114
946192834,Cortie,Skellington,2006-05-18,Male,32 Burning Wood Circle,5126286741
880451231,Janene,Pashan,2015-08-02,Female,6 Daystar Street,3983346164
415234328,Shayne,Caville,2017-07-09,Male,65 Everett Center,2525369308
666654684,Raina,Hincham,2019-01-16,Female,64182 School Crossing,9645629663
583467087,Kai,Shand,2008-05-31,Female,97 Thackeray Center,6346479987
527249909,Mikael,Frankema,2010-07-19,Polygender,4 Linden Hill,7567613627
14394039,Winslow,Alben,2008-04-22,Male,6313 Anderson Park,8979344588
218900712,Rocky,Giuron,2007-07-28,Male,1855 Artisan Lane,6306311239
300141645,Aldo,Lace,2013-01-12,Male,41785 Park Meadow Point,2204615675
630381666,Sula,McKinn,2019-07-05,Female,319 Eastlawn Road,8339845672
786152038,Janelle,Elstow,2013-10-09,Female,86 Gina Junction,3525578585
858357322,Bay,Mundford,2003-02-09,Male,93 5th Junction,8613071292
22415356,Barth,Andrieux,2006-06-29,Male,5 Kedzie Alley,5372912118
366151155,Cesaro,Mengo,2002-06-14,Male,25276 Lukken Hill,8752840880
954313360,Kennith,Povlsen,2017-04-21,Male,90 Summerview Circle,5555187502
386026887,Candis,Tandy,2009-10-27,Female,5 Westerfield Trail,9598717368
324923515,Frederigo,Moroney,2004-05-01,Male,361 Granby Court,3989142572
943575883,Bernhard,Scuse,2001-02-24,Male,6 Sycamore Lane,6788104475
883167311,Curtis,Swanton,2013-09-17,Male,07 Carioca Circle,7683906887
731826895,Liva,Janz,2001-06-21,Female,973 Mockingbird Crossing,9416608438
703959081,Lynde,Barz,2014-02-19,Female,19016 Walton Crossing,7899602140
744223687,Lauraine,McCray,2009-08-05,Female,1 Pine View Terrace,1326597022
612258223,Mile,Regina,2007-08-19,Male,18369 Huxley Place,7324679026
709888692,Murial,Henriquet,2019-10-06,Female,48495 Blackbird Pass,6823692214
669229183,Tam,Paolo,2016-05-26,Genderqueer,240 Brickson Park Junction,5201081780
858823891,Flin,Gerrell,2001-10-16,Male,954 Johnson Drive,7629503599
654723307,Dael,Alyoshin,2012-12-17,Male,692 Rutledge Terrace,2503622460
63960445,Germaine,Stoggles,2013-01-20,Female,9106 Esker Parkway,5076048655
42843440,Mersey,Proffitt,2000-03-06,Agender,71 West Circle,5927406525
819407643,Brockie,Rodinger,2006-07-27,Male,3197 Evergreen Point,7909469815
25927147,Sabine,Colbran,2005-06-22,Bigender,67 Blackbird Terrace,6992818168
353202695,Dorette,Cradick,2004-06-26,Female,1 Meadow Vale Crossing,5113116913
747592361,Yanaton,Hebble,1999-05-13,Male,304 Lukken Hill,1257938716
627415781,Alisander,Thornally,2019-01-03,Male,7437 Jenifer Street,9696043240
18573610,Anabella,Nussey,1999-10-06,Female,88568 Everett Court,8047646835
39917989,Hettie,Goodlip,2010-01-01,Female,86006 Loeprich Way,2871421725
878378933,Randene,Sammes,2008-01-24,Female,65 Parkside Alley,9731109434
879106274,Wait,Yurivtsev,2007-04-03,Male,14163 Atwood Circle,2054812214
454491716,Temp,Jones,2017-12-22,Male,00 Old Gate Park,4846096201
483478758,Nikolaus,Pethybridge,2009-05-26,Male,101 Scott Place,6469647267
572319515,Rudy,Grishakov,2009-12-12,Male,12595 Oriole Drive,5878812541
366575206,Alix,Britland,2006-02-06,Female,81787 Petterle Point,3222673459
846657317,Rosy,Brandreth,2009-04-15,Non-binary,9575 Truax Trail,6431468485
25021711,Flem,Covington,2007-06-13,Male,17 Burrows Lane,7701507957
74695298,Quillan,Heningham,2010-12-23,Male,863 Tennyson Court,4882342286
147212329,Ad,Rihosek,2001-06-05,Male,84 Buena Vista Place,3444486118
811639771,Ailbert,Zappel,1999-06-14,Male,4392 Vernon Terrace,3489886214
331010101,Rosella,Needs,2019-05-28,Female,3749 Oakridge Court,1501359942
2297959,Shepard,Ganiclef,2003-02-11,Male,0947 Crownhardt Hill,9073980783
934262350,Gerladina,Ingre,2004-02-04,Non-binary,2774 Coleman Road,4795007674
290461967,Patricia,Kenner,2019-08-17,Genderfluid,3 Southridge Trail,1531079171
900240510,Stafani,McGibbon,2004-02-20,Female,2 Mariners Cove Place,5369866862
973387827,Obadiah,Mitchall,2009-01-17,Genderfluid,1 Bunker Hill Park,9109977204
681948800,Antonin,Scandwright,2008-06-27,Male,9 Roth Way,4362607044
178145847,Greta,Caghy,2015-01-18,Female,922 Tomscot Trail,1289917299
187208422,Hew,Carlaw,1999-03-23,Male,178 Melby Way,3174478049
341300963,Opal,McVitie,2016-06-09,Female,594 Holmberg Pass,9858086087
56390042,Marje,Messam,2003-06-02,Female,338 Ridge Oak Parkway,2258452726
590508251,Clay,Mathe,2019-07-25,Male,178 Monica Hill,5162498714
935388170,Wilhelmine,Hinrich,1998-12-02,Female,94 Park Meadow Park,4571796385
969405591,Adeline,Westraw,2004-05-20,Female,14468 Hollow Ridge Street,2237506377
381131738,Osmond,Sidsaff,2001-10-23,Male,0 1st Street,8197102104
592055135,Denni,Jiri,2011-05-10,Female,497 Kropf Avenue,1432683105
599939092,Edmund,Mayman,2009-04-11,Male,77 Northwestern Street,5854482730
207667394,Eziechiele,Neeves,2005-12-30,Male,68612 Jay Center,4511716058
447750689,Ossie,Martinello,2000-01-12,Male,7521 Thackeray Lane,7385965677
429411258,Wallace,Mawman,2009-12-09,Male,357 Chive Parkway,4621177983
797862327,Vinnie,Busswell,2018-05-19,Male,2764 Delladonna Pass,9606490639
479407967,Alexandrina,Sottell,2011-08-04,Female,93 Melody Court,2755726632
210876543,Codi,Beslier,2003-06-15,Male,6136 Grayhawk Terrace,5233695772
604515794,Vicky,Padefield,2017-02-14,Female,1138 Sommers Terrace,7976971811
989879335,Margit,Tarbett,2020-04-13,Female,14866 Warbler Alley,3453151834
220735964,Brod,Allaker,2011-03-28,Male,60 Fordem Park,8093035859
808413564,Rochell,Kempston,2003-01-24,Female,649 Magdeline Terrace,4223448067
829467866,Elaina,Kobpac,2014-11-30,Female,40946 Saint Paul Plaza,5119366218
188513616,Joya,Mariolle,2016-11-21,Female,15171 Golf Center,9306076995
901854803,Marys,Tollet,2009-06-25,Female,9446 Pine View Parkway,1217139058
491919538,Hynda,Kaas,2011-01-16,Female,93498 Northport Court,1355035240
659724148,Mady,Fife,2020-07-08,Bigender,2330 Porter Pass,8699873403
145389062,Constantine,Charlotte,2011-09-28,Male,448 Wayridge Circle,5188205934
776243688,Teodoor,Cuttings,2008-03-09,Male,8747 Eliot Point,6112291843
184592138,Marcella,Clackson,2006-03-15,Female,5842 Luster Junction,8672763772
621004408,Kincaid,Warstall,2021-06-29,Male,04 Paget Place,6035086279
252815187,Legra,Jikylls,2021-08-03,Female,78 Ridgeway Alley,6949196408
545455312,Adham,MacCostigan,2016-07-09,Male,2 Roth Road,4876832547
523320726,Dukey,Tubbles,2020-11-11,Male,10 Lotheville Terrace,6758804127
598563519,Hobey,Clutterbuck,2003-03-15,Male,67119 Waywood Lane,1283901926
937545077,Stormy,Van den Velden,2001-06-20,Female,819 American Ash Trail,8778425137
99096823,Edwina,Callingham,2000-01-05,Female,788 Clemons Court,6815546878
436995951,Shelden,Rashleigh,2017-02-18,Male,962 Manitowish Crossing,3255913778
42423535,Riva,Canham,2015-09-12,Female,4709 Vernon Drive,1616154865
806821599,Finn,Dormon,2008-01-21,Male,582 Dryden Drive,9676335744
428044745,Mahalia,Gosneye,2012-08-04,Female,85 Porter Street,2077791752
585156219,Eldon,Alyonov,2010-06-25,Male,09 Maryland Pass,4908468364
960806565,Freddy,McFadin,2000-04-24,Male,875 Westerfield Street,7601830917
376111879,Tasia,Challes,2007-08-07,Female,00 Di Loreto Alley,6078633916
246164908,Kim,Elmore,2005-09-30,Female,46602 Mccormick Junction,2477700480
208177476,Gustaf,Fludgate,2010-12-26,Male,313 Ilene Street,5672665731
35575624,Deb,Portam,2007-07-26,Female,50 Bultman Way,5029516767
255011495,Cacilie,Hotson,2009-11-11,Female,834 Pearson Circle,4721282759
204613429,Rutledge,Asch,2014-10-01,Genderqueer,9232 Carberry Pass,2264437991
3920046,Avery,Buntine,1999-04-12,Male,74611 Arkansas Circle,8833113659
730244038,Jacqui,Caveau,2021-05-02,Female,442 Northport Alley,8317964857
907809267,Frederica,Camois,2011-12-04,Female,6985 Elmside Point,3328480534
328484013,Sergeant,Sharram,2010-08-07,Genderqueer,82834 Graedel Place,9689350473
154597673,Nada,Muddle,1999-11-23,Female,09973 Hanson Pass,8443410089
697094684,Justen,Stilly,1999-04-13,Bigender,92225 Quincy Court,4936741976
929063617,Daryn,Shoveller,2000-06-19,Female,15 Superior Pass,8229243897
603095791,Godfree,Deddum,2017-05-13,Male,84 Rowland Avenue,1215946286
333820060,Lezley,Marzella,2015-02-05,Male,921 Westend Trail,6272258587
682607507,Margie,Roscamps,2011-11-16,Female,66046 Blue Bill Park Court,6526122254
994855858,Deck,Camocke,2015-07-24,Male,63677 Valley Edge Hill,8876059349
592374001,Drud,Bernetti,2012-09-22,Male,26607 Macpherson Street,9697693762
273416192,Bret,Shenton,2012-12-14,Male,75468 Cordelia Parkway,7145210747
364249880,Ola,Sketcher,2008-06-11,Female,9764 Blackbird Terrace,8535763292
273661298,Quincey,Proven,2001-05-22,Male,97 Del Sol Hill,8767877262
65371072,Gan,Guyton,2008-11-21,Male,5867 Portage Park,1639006306
180138867,Brandea,Shall,2005-09-20,Female,7758 Mifflin Way,1974408689
155537626,Vinson,Fetterplace,1999-01-19,Male,95635 Glendale Road,7748123377
506688784,Nola,Murrells,2006-09-09,Female,1 Lighthouse Bay Trail,8175256782
71090443,Dora,Oke,2002-07-18,Female,73055 Banding Court,1911294700
394352457,Ivor,Pell,2001-11-28,Male,31 Division Parkway,2216611912
581906070,Kellina,Idney,2001-03-27,Female,54270 Fairfield Court,6969768108
719019779,Janetta,Easton,2013-07-27,Female,1308 Bunker Hill Hill,2265413789
649261849,Levey,Saynor,2003-10-13,Male,3 Raven Plaza,7074464405
333221560,Antony,Phayre,2016-02-01,Male,00287 Ramsey Drive,6231647927
372813190,Pet,Fronczak,2003-08-27,Female,84 Mcguire Place,4059692823
85007457,Jeramey,Theodore,2018-07-20,Male,911 Pearson Park,7556828165
388072192,Franzen,Ottawell,2003-02-09,Male,403 Southridge Avenue,4935900437
502880069,Carmel,Moore,2000-09-22,Genderfluid,1 Garrison Drive,9275737665
403168081,Gavrielle,Muro,2002-02-24,Female,1510 Service Plaza,1417375554
444020272,Luis,Roback,2019-12-02,Agender,127 Comanche Trail,4864705916
643925198,Elliot,Sarfass,2010-06-16,Male,24 New Castle Drive,4567495195
395843428,Perrine,Thonger,2012-12-10,Female,3 Alpine Street,1079422587
567334355,Horace,Muldrew,2018-07-08,Male,41 Menomonie Crossing,2932889267
388051628,Casper,Fryatt,1999-10-28,Male,69963 Ilene Hill,1063464473
390924633,Angelita,Mooring,2004-02-26,Female,14031 Florence Drive,4806762932
416720452,Shirlene,Saulter,2017-11-25,Female,50 Nova Avenue,8584484473
797659316,Jo ann,Rojahn,2012-10-28,Female,0685 Sherman Way,5643438221
752517319,Dorette,Akam,2015-08-23,Female,12 Garrison Plaza,8991947678
47866943,Westbrooke,Lamanby,2004-07-23,Male,00823 Hayes Terrace,1101689347
877265404,Thurston,Innocent,2002-06-28,Male,54 Gateway Junction,8837783621
228493718,Cherlyn,Rennels,2003-09-07,Female,236 Vernon Hill,3656031200
806283022,Rriocard,Dooley,2013-01-15,Male,781 Muir Drive,3173318297
939205933,Finlay,Godart,2001-01-27,Male,54884 Bay Avenue,6157587855
257708969,Farrel,Margrett,2005-03-21,Male,16 Kedzie Avenue,7489613588
883510909,Alejoa,Carillo,2015-03-18,Male,9 Redwing Way,6093600506
472481729,Auberta,Gilbey,2016-01-10,Female,61795 Warner Court,2479596150
780975441,Noble,Van Der Straaten,2014-07-25,Genderqueer,73102 Sycamore Lane,8969554083
873684294,Benjy,Gaynor,2004-11-25,Male,581 Lake View Alley,1422308975
318485506,Marsiella,Kemitt,2019-08-20,Female,749 Dawn Pass,5144820877
970283344,Kaiser,Merck,2014-07-10,Male,537 Graedel Junction,5384864545
813290433,Gard,Burnsyde,2019-12-28,Male,6098 Lighthouse Bay Pass,8682469431
684321934,Sheryl,Eckert,2011-07-20,Female,6 Reindahl Parkway,1083258969
396824525,Tammy,Prazor,2020-07-17,Female,91 Cambridge Crossing,8219383709
747195788,Kaleena,Heck,2000-05-10,Female,2 Lake View Road,8646945384
738184994,Thayne,Featherbie,2006-03-30,Male,0 Lyons Court,5498860482
306449774,Bartel,Milkins,2011-08-16,Male,79371 Dawn Place,5055869849
31093536,Rozanne,Petow,2008-04-28,Female,67103 Hagan Alley,9388582691
443159557,Byrle,Meth,2018-02-01,Male,31976 Northview Plaza,2905012327
505834958,Vlad,Hampe,2008-10-16,Genderqueer,2 1st Hill,2021707257
732127954,Abigael,Revington,2005-05-31,Female,1 Hooker Trail,5261315748
203291276,Brantley,Cranch,2011-09-02,Male,57000 Shoshone Point,9552301737
699496459,Rhetta,Gerriet,1999-11-11,Female,4325 Graceland Center,3352269497
384857728,Gael,Cornwell,2004-01-14,Male,8 Bayside Hill,1323205572
820763212,Selene,Connelly,2006-09-23,Female,48 Clarendon Drive,7142020269
632031678,Yolanda,Lovart,2017-11-05,Female,4781 Meadow Valley Avenue,6327228128
45145366,Deane,Lorroway,2014-02-27,Male,5775 Prairie Rose Plaza,7958573025
404231713,Emily,Cheetham,2011-06-17,Female,30 Harper Way,7862374538
769193118,Lucais,Greenstreet,2007-11-20,Male,51027 Goodland Road,5754763258
858031186,Pamella,Bryceson,2008-08-04,Female,09 Mandrake Court,4641050349
666404959,Enrichetta,Wholesworth,2000-05-02,Female,383 Lyons Drive,5315170799
995167361,Murray,Geertje,2008-07-22,Male,6218 Buhler Trail,4367278892
969806601,Uri,Duffield,2019-07-17,Male,96696 Gina Park,6119288354
161179524,Deck,Armin,2008-04-06,Male,57981 Harbort Terrace,3032566422
587742970,Isac,Buffy,2007-12-24,Male,81708 Harbort Avenue,4062564161
312156718,Kory,Shadwick,2010-05-05,Male,19 Mesta Street,8992500029
800183744,Drugi,Mahoney,2011-10-25,Male,10 Arapahoe Hill,5034994476
582841888,Pearle,Sadgrove,2018-09-13,Female,70277 Ramsey Road,5066646814
5567131,Ag,Van Arsdalen,2004-06-15,Female,08285 Graedel Place,2223422216
505693890,Caleb,Physick,2002-06-02,Male,6792 Dakota Court,9393237524
791250786,Xylina,Rosborough,2000-03-05,Female,95610 Farwell Parkway,3662855368
130571109,Devina,Fassman,2010-06-22,Female,3 Rieder Drive,7996315598
875417523,Sherwin,Menezes,2004-08-07,Male,63119 Mockingbird Place,6793263837
842734890,Vikky,Lindroos,1999-03-19,Female,9 Corscot Parkway,4706089008
533119949,Lorin,Arnoll,2018-12-18,Male,3 Grim Junction,8289545272
240344681,Virgie,Cronchey,2013-03-19,Polygender,53 Golden Leaf Trail,7298972142
966324907,Stirling,Magwood,2005-09-08,Male,32 Mcbride Road,5538675855
267175698,Timi,Feldberger,2006-03-02,Female,2127 Brickson Park Alley,2373970369
789751037,Mariquilla,Tafani,2007-02-04,Polygender,814 Eastlawn Center,1066288810
864220310,Louis,Gioani,2011-03-02,Male,31735 Farragut Point,7594716448
734341774,Liuka,Gever,2013-12-15,Female,885 Londonderry Circle,2859000732
864719756,Rabbi,Ziehms,1999-03-03,Male,5025 Dawn Drive,4687228802
697049992,Dante,Cowins,2005-12-28,Male,0 Scott Trail,2846921310
187125560,Neddy,Churchouse,2016-08-20,Male,420 Tony Terrace,2542790491
28045487,Shandie,Piesing,2013-10-22,Female,3 Debra Court,5936017324
558447165,Karlis,Camden,2006-01-17,Male,59886 Debs Street,1166377848
908185378,Chiquita,Connold,2019-08-28,Female,2078 Columbus Parkway,6201283490
495424841,Richie,Sommerling,2019-08-14,Male,04368 Anhalt Terrace,6816491923
752047936,Anson,Newbigging,2017-05-29,Male,133 Caliangt Terrace,9413039969
313519494,Murry,Cottesford,2016-04-11,Male,11394 La Follette Park,8194375108
520593545,Kerby,Nicklinson,2016-12-23,Male,8 Mesta Point,8485089861
110191095,Gunther,Almack,2020-01-14,Male,336 Mesta Place,1355822179
676935066,Veradis,Stovine,2002-05-28,Female,40942 Center Court,7384969417
61612635,Koral,Meneux,2013-08-08,Female,823 Saint Paul Park,5325168383
760052236,Lauree,Risborough,1999-08-27,Female,1 Daystar Center,9149482038
758646284,Georas,Brownhill,2007-06-22,Bigender,67020 Drewry Place,3103540656
223365582,Colene,Shelford,2007-07-16,Female,97437 Fallview Road,4896910324
715222613,Malina,Braidman,1999-04-06,Female,4525 Aberg Place,2135977361
974261172,Brett,Michele,1999-07-16,Male,9 Valley Edge Circle,1587816725
455378373,Bettye,Fair,2008-08-26,Female,4 Mayer Junction,4459340690
993573279,Clem,Kibard,2008-06-22,Female,6249 Anderson Place,6756367972
429524030,Chanda,Meran,2006-05-14,Female,7 Parkside Park,3975490655
503292829,Daphna,Keasy,2011-08-08,Bigender,38351 Dapin Plaza,6773538541
526234604,Garik,Ritchings,2017-08-28,Agender,55913 Milwaukee Way,5073740925
389263482,Jase,Glenwright,2018-02-08,Male,4 Hazelcrest Hill,6626748573
423750746,Dolly,Giddings,2020-05-08,Female,12056 Vernon Circle,8368067493
167149706,Phebe,Brew,2006-03-27,Female,83750 Melvin Circle,5733073488
725148885,Michaella,Mcwhinney,2012-01-05,Female,5 Ryan Park,3681956906
271367290,Filippa,Eicheler,2014-11-13,Female,1202 Monument Avenue,7404240600
360920760,Shurwood,Malenfant,2012-04-08,Male,07762 Hauk Alley,9452209029
351155334,Abramo,Presman,2018-10-19,Male,6698 Loomis Road,2453907520
398053484,Jena,Filipowicz,2010-12-03,Female,44302 Sunfield Junction,9293133729
446219873,Madison,Scruton,2013-05-03,Bigender,95122 Mcbride Avenue,4864936114
610671700,Zsa zsa,Wagstaff,2006-02-01,Female,3 Delaware Parkway,3968157050
62402667,Ilka,Springtorpe,2016-09-01,Female,100 Daystar Parkway,7585129415
476321216,Samara,Osselton,2005-12-28,Female,0 Forest Dale Crossing,2211546590
680145556,Dena,Wheelband,2000-09-30,Female,4 Pennsylvania Terrace,5893532034
636520697,Gracie,Robel,2003-05-19,Female,3 Sycamore Alley,9792185191
829420116,Ethelin,Hailes,2008-05-26,Female,8226 Namekagon Place,9036479375
505455481,Wendell,Ceeley,2011-08-11,Male,94144 Claremont Street,1847456447
348420494,Vernon,Drakeley,2002-02-15,Male,0 Talmadge Parkway,9565021205
677253395,Lelah,Merrisson,2007-12-27,Female,24956 Kim Junction,2035211943
835227317,Reinhold,Pennetta,2002-10-21,Male,34548 Main Alley,3875550695
338410930,Kathryn,Pavey,2007-08-03,Female,82284 American Ash Junction,2093535937
82516801,Erinn,Bartolomeoni,2000-06-09,Female,3959 Hintze Center,9941550758
490636288,Karlan,Burkman,2005-08-14,Male,32522 Fair Oaks Junction,6773929112
830911448,Ciel,Starrs,2015-11-01,Female,3061 Monument Park,7721817689
307020250,Jere,Kaszper,1999-01-15,Agender,767 Myrtle Place,1888547059
653344568,Giustina,Dwerryhouse,2008-01-27,Female,87307 Spohn Alley,2537884320
803974891,Rey,Tratton,2006-08-29,Male,76 8th Plaza,3325642116
319052571,Julian,Withringten,2010-01-29,Male,540 Troy Circle,3369484633
456625759,Seka,Castellanos,2001-08-06,Female,6 Towne Place,8689103251
286802785,Myrtle,Bessett,2006-11-12,Female,68066 Summer Ridge Court,3879480144
160595895,Eilis,MacVay,2011-08-26,Female,27 Delaware Alley,4064457676
394950834,Virgina,Yakovlev,2004-08-01,Female,012 Schurz Street,5272702709
664878310,Terrell,Norkutt,2016-05-25,Male,41564 Sunnyside Point,2211267725
411640905,Carolin,Loughnan,2020-12-28,Female,108 Coolidge Junction,4227041341
766949552,Jourdain,Crunkhurn,2014-10-03,Male,72567 Fulton Parkway,6388644924
136525515,Avery,Eccleston,2000-11-05,Male,856 Bellgrove Park,1731087003
629360169,Addie,Bednell,2016-02-06,Genderfluid,57 Brickson Park Alley,9925462560
978079253,Minnaminnie,Filisov,2014-07-14,Female,80508 Pepper Wood Point,5712893074
740012748,Ame,Millard,2008-07-23,Bigender,3 Lien Plaza,1687777161
634565899,Myrah,McTurk,2018-07-30,Female,1 Hansons Point,2363048696
170169666,Car,Pigot,2015-08-11,Male,49594 Grim Court,6174450726
575653879,Emlyn,Beedle,2015-05-08,Male,5 Rieder Crossing,2344207509
613797911,Moishe,Nutley,2019-07-21,Male,192 Upham Terrace,3229766761
805570965,Donielle,Youhill,1999-02-12,Female,5 Coleman Point,9022010462
533980153,Edlin,Simion,2008-08-16,Male,68338 Laurel Pass,2541361323
410895481,Baxie,Peidro,2005-07-27,Male,3 Emmet Lane,3616765597
172199378,Cammy,Vasilevich,2009-02-01,Female,23191 Bowman Court,6569871906
42603162,Delmer,Weild,2003-02-05,Male,3 Columbus Trail,4764328203
457685546,Jodi,McCaighey,2004-09-05,Male,2565 Brown Park,1896480466
737188999,Dorisa,Haws,2015-11-10,Female,0 Pine View Avenue,7315305739
941996225,Corine,Coleborn,2006-09-12,Genderfluid,582 Hoepker Circle,2101414825
334830018,Chucho,Dowzell,2021-10-14,Male,03 Mesta Road,1325582560
827834808,Nigel,Maidstone,2017-04-09,Male,9 Granby Alley,6871515769
82428620,Sue,Caldwell,2020-06-22,Female,8930 Redwing Road,7777074033
920397895,Dulsea,Cockshut,2009-04-01,Female,1 High Crossing Drive,7391570264
598094261,Domenic,McGuane,2019-11-06,Male,38412 Eliot Place,4867396713
710298268,Eolande,Brashier,2012-11-16,Female,4823 Ridgeview Lane,3484607611
544336421,Brody,Hinrichs,1999-06-06,Male,646 Ryan Lane,3264678031
701693862,Dionne,McGillivray,2002-06-16,Female,751 Eggendart Alley,7932290094
617236500,Shayla,Meyer,2004-01-25,Female,6 Warner Lane,4835085690
426606480,Lyndsie,Sicily,2021-07-23,Female,26 Fuller Crossing,9437945938
954134662,Fax,Fenton,2011-03-10,Male,4517 Chinook Way,1686487372
970865766,Ransell,Puttnam,2006-02-02,Male,23960 Novick Lane,8733730274
483638406,Kerrill,Bartlomiej,1998-12-28,Female,2 Kedzie Road,9012480847
705580317,Bogart,Ferebee,1999-09-05,Male,6500 Grim Court,3291445735
799059055,Mia,Jonke,2017-03-23,Female,456 Gina Way,2688957589
17338453,Henrie,Folomin,2001-12-30,Female,4 Valley Edge Plaza,2749698430
377306027,Alina,Boniface,2005-08-21,Female,02333 Springs Pass,6343567191
588625438,Brian,Bodham,2012-09-21,Male,9 Menomonie Center,8938887389
858545236,Katinka,Tissell,2010-08-14,Female,65434 Village Green Center,2176361194
207627194,Sheppard,Collimore,2018-07-21,Male,08 Drewry Pass,3209067861
886836391,Towney,Phythian,2015-04-08,Male,469 Loomis Point,8071484656
357098270,Aimee,McNelly,2019-11-14,Genderqueer,7 Milwaukee Road,5675739916
749114152,Johann,Dogg,2017-08-16,Male,66657 5th Avenue,4187186365
642128006,Truda,Harber,2006-07-27,Female,65156 Shopko Parkway,4132986792
54104016,Ravid,Asey,2013-08-06,Male,4 Vahlen Park,6913716705
65340054,Alleen,Turneux,2001-12-08,Female,72 Bay Parkway,6945640952
127514732,Sadella,Denacamp,2012-03-31,Female,665 Caliangt Court,1114475819
603227507,Crosby,Grafton,2010-09-10,Male,52628 Loeprich Alley,3873026355
793312476,Aveline,Rosewall,2019-02-13,Female,1 Prairieview Terrace,1634146384
926837897,Huntley,Deedes,2010-02-18,Male,7 Johnson Junction,9375458644
651066349,Chrissy,Rodda,1999-01-06,Female,29 Pond Way,1381395278
738850041,Corabel,Ferrillo,2010-11-17,Female,27727 Columbus Drive,1511216797
905531458,Nina,Stobart,2017-01-13,Female,1896 Rieder Lane,6083658685
202945400,Carlin,Gergolet,2009-04-24,Male,86 Oriole Trail,5081734707
948692529,Sig,Paulusch,2004-01-07,Male,07 Cottonwood Trail,7498274880
954112687,Hoyt,Grancher,2017-05-02,Male,67 Armistice Circle,3561954577
353318290,Tracey,Ratledge,2012-11-11,Male,97262 Shelley Pass,3173421565
38612144,Linzy,Moral,2009-09-19,Female,107 Columbus Court,8327464704
878198207,Burtie,Kiss,2017-07-01,Male,9 Emmet Terrace,8721149889
30260222,Earl,Plaide,2000-04-12,Male,404 Hoffman Center,6219516070
416034690,Tobias,Crotty,2001-01-03,Male,58 Messerschmidt Park,9206641311
865213684,Laina,Foux,2007-01-14,Genderqueer,9830 Butternut Junction,5755416562
693441454,Sonnie,Lowdeane,2007-07-09,Male,118 La Follette Street,9538740195
595184482,Sascha,Chadwick,2018-02-26,Male,7704 Linden Center,4538259257
36541113,Larry,Jovis,2021-02-21,Non-binary,24383 Tony Terrace,6626703324
267413981,Natalie,Binham,2003-02-03,Female,17022 Hermina Circle,7801833575
118145479,Alyse,Banister,2001-02-10,Female,6 Erie Point,5688683775
56538788,Merci,Kingaby,2021-05-15,Female,40 Sage Terrace,6716321128
631870869,Waylen,Richens,2010-08-15,Male,4828 Bartillon Street,7836329070
627832947,Giffy,Dowsett,2012-02-13,Male,43018 Calypso Center,6744432420
963998441,Eduard,Lown,2019-06-20,Male,41 Hovde Park,3738832471
783858327,Pembroke,Jerrard,2000-02-23,Male,01872 Oriole Drive,6173602610
787822005,Ewen,Waeland,2000-09-07,Male,23 Glendale Road,1564933733
751031194,Gualterio,Ludy,2014-09-09,Male,30427 Sachs Way,6971303310
655100135,Claudine,Winborn,2012-03-03,Female,66 Lake View Pass,9686593725
668110119,Ellsworth,Linscott,2001-07-02,Male,85900 Donald Circle,4222574320
686409607,Daniela,Westcott,2014-12-08,Female,60526 Vidon Park,2726245260
759161476,Faunie,Bytheway,2015-04-22,Female,237 Miller Plaza,4648893098
569000498,Llewellyn,Bulleyn,1998-12-19,Male,4 Lyons Crossing,3138964353
53392125,Karee,Domoni,2005-05-26,Female,21231 Canary Point,1362384329
355821067,Heriberto,Autin,2019-12-10,Male,8208 Grasskamp Hill,6743398502
190058585,Gayle,Aupol,2021-09-16,Polygender,2253 Mosinee Road,9134896047
795916875,Nanice,Frere,2004-08-23,Female,58 American Ash Junction,8474539227
904946044,Gaspar,Dollar,2011-11-04,Male,0 Lakewood Park,4844197387
750457543,Gibbie,Cratchley,2007-07-03,Male,9 Weeping Birch Street,9501706459
911206717,Tiffi,Rengger,2000-03-15,Polygender,8258 Green Park,5439720202
978085718,Maura,Lipscomb,2019-08-26,Female,3 Scofield Place,7285680906
772647129,Adina,Gobell,2014-08-23,Female,2 Kim Avenue,4399204593
644204092,Fayre,Fullerton,2001-12-15,Female,713 Vidon Park,6907109008
927165195,Benton,Boundy,2012-01-06,Male,62756 Bluestem Plaza,5388254983
418668646,Monroe,Dodshun,2010-11-28,Male,89720 Ryan Pass,3232795501
400366873,Evangeline,Gauvain,2014-07-27,Female,8 Swallow Parkway,6099343920
604383105,Jeanine,Kaiser,2017-09-08,Female,3694 Schurz Circle,5762236437
786646728,Tarra,Slatcher,2018-06-30,Female,6 Mallory Point,1682302952
747988027,Tris,Finneran,2021-07-14,Male,7395 Garrison Way,9666765893
515946802,Rich,Rops,2013-07-27,Male,3 Schmedeman Center,9988178087
421660732,Elsy,Domanski,2003-01-14,Female,127 La Follette Point,7024099927
123224346,Moishe,Brazier,2008-03-05,Male,5769 4th Street,8645089104
298641329,Zacherie,Tillman,2006-12-20,Male,2379 Fair Oaks Trail,9165187945
544608506,Kassey,Cadd,2001-08-12,Female,7324 Farragut Alley,8115887143
305845556,Amanda,Lowis,2017-11-26,Female,7 2nd Crossing,3815043642
635180616,Ricard,Snaden,2007-06-16,Male,2 Elgar Street,7182561956
254289496,Arline,Cleal,2006-04-02,Female,6 Hermina Trail,8789321203
744132499,Garald,Trigwell,2009-06-30,Male,9013 Memorial Plaza,8115552373
838486941,Dave,Cypler,2002-11-11,Male,842 Graedel Center,6434009072
14003406,Bella,Laird-Craig,2018-11-07,Female,4197 Fulton Road,4205084901
2232128,Martainn,O' Dornan,2002-12-27,Male,393 Paget Junction,2651536239
937385430,Conrad,Collcott,2013-01-31,Male,95510 Emmet Street,7801234714
568706422,Janos,Lidstone,1999-12-07,Male,155 Carberry Junction,6731805282
872187881,Wynnie,Caffin,2000-12-28,Agender,06 Walton Park,3805967837
216523313,Brynna,Derks,2015-10-26,Female,56464 Kedzie Parkway,8676698501
84624609,Town,Eynald,2020-09-02,Male,3 Stephen Street,1541082617
335106388,Perrine,Beagrie,2016-01-17,Female,57 Fremont Drive,1691984421
878716595,Llewellyn,Matyashev,2018-06-21,Male,0995 Hansons Trail,4967871537
666832461,Carly,Jovis,1999-05-16,Male,3632 Lake View Point,1288395063
710642619,Bevin,Dayton,2016-01-18,Male,4270 Rusk Drive,8457753694
831776062,Marielle,MacGow,2002-09-08,Female,0 Lighthouse Bay Court,2132628400
786222900,Benoite,Vian,2012-09-03,Female,4 Dorton Street,5982371281
515400834,Kayle,Gude,2002-11-13,Female,1641 Fair Oaks Court,3461913385
952690846,Etan,Watts,2006-12-20,Male,62631 Heffernan Street,9355632406
841533027,Ciro,Langmaid,2009-11-13,Male,1 Thompson Center,6489354996
654504908,Kimbell,Banister,2011-05-04,Male,61 Carey Pass,8408958104
