prescription_id,prescription_date,medication,drug_brand,patient_id,doctor_id
700430481,2023-03-15,Western Juniper,Western Juniper,619486079,11302
36469498,2023-06-17,GLIPIZIDE,GLIPIZIDE,892708688,11303
436361209,2023-01-03,Promethazine Hydrochloride,Promethazine Hydrochloride,22195242,11304
953406535,2022-11-17,Dermatophagoides pteronyssinus,STANDARDIZED MITE D PTERONYSSINUS,668808523,11305
849581498,2023-03-17,Mirtazapine,Mirtazapine,467612663,11306
372505088,2023-09-01,avobenzone and homosalate and octisalate and octocrylene and oxybenzone,Hope In A Jar SPF 25,61715603,11307
288929556,2023-10-14,Octinoxate 7.5%,Sei Bella Age-Defying Liquid Foundation,412618858,11308
22901179,2022-11-17,"Avobenzone, Octisalate, and Octocrylene",SolMate,947226484,11309
913043778,2023-01-06,ZINC OXIDE,Sheer Cover Mineral Foundation,801335117,11310
857479652,2023-09-09,"OCTINOXATE, OCTOCRYLENE, and TITANIUM DIOXIDE",SHISEIDO SHEER AND PERFECT COMPACT (REFILL),737229538,11311
378187559,2023-06-11,"TITANIUM DIOXIDE, ZINC OXIDE and OCTINOXATE",SENSAI TRIPLE TOUCH COMPACT TC02,636959196,11312
380802288,2023-06-23,Amlodipine Besylate,Amlodipine Besylate,299616270,11313
863016178,2023-05-24,"Alianthus, Ana barbariae, Arsenicum album, Byronia, Eucalyptus, Eupatorium perfoliatum, Gelsemium, Glycerinum, Influenzinum, Mercurius vivus, Phytolacca, Sticta pulmonaria",Triple Flu Defense,998132204,11314
25323128,2023-10-13,Pseudoephedrine Hydrochloride,Pseudoephedrine Hydrochloride,676991253,11315
111072633,2022-12-26,OCTINOXATE,Rouge Dior 640 Soft Pink Serum,535659829,11316
152569926,2023-08-22,Allantoin,Herbal Skin Toner,997566304,11317
854709833,2023-04-30,hyoscyamine sulfate,Levsin,518353983,11318
218003660,2022-11-23,"Sodium Chloride, Sodium Lactate, Potassium Chloride, Calcium Chloride",Lactated Ringers,973884491,11319
199312587,2022-11-23,Betamethasone Dipropionate,Betamethasone Dipropionate,19218704,11320
398692227,2023-09-24,Permethrin,Permethrin,270549175,11321
735561382,2023-05-27,Phenol,Sore Throat Cherry,209923864,11322
120812665,2023-04-02,maraviroc,SELZENTRY,137555123,11323
575113760,2023-05-16,ERYTHROMYCIN ETHYLSUCCINATE AND SULFISOXAZOLE ACETYL,ERYTHROMYCIN ETHYLSUCCINATE AND SULFISOXAZOLE ACETYL,140977191,11324
832502047,2023-10-23,Ibuprofen,Ibuprofen,636359507,11325
31013766,2023-09-18,Iodixanol,Visipaque,70148713,11326
255098148,2023-08-18,Fosinopril Sodium,Fosinopril Sodium,383354783,11327
773196251,2023-09-19,"BENZALKONIUM CHLORIDE,BACITRACIN ZINC,NEOMYCIN SULFATE,POLYMYXIN B SULFATE, ETHYL ALCOHOL",Emergency Preparedness,704120718,11328
851655971,2023-08-03,Aluminum Zirconium Tetrachlorohydrex GLY,Dove,268909923,11329
504001913,2022-11-17,Hydrocortisone,TrueLipids Anti-Itch Barrier,451085417,11330
156529748,2023-01-25,KETOROLAC TROMETHAMINE,Ketorolac Tromethamine,175968229,11331
178645187,2023-11-12,ANILINUM,ANILINUM,610584136,11332
544641188,2023-04-09,Hydrocodone Bitartrate and Acetaminophen,Hydrocodone Bitartrate and Acetaminophen,561344897,11333
95471346,2023-04-15,Minoxidil,leader hair regrowth treatment,998726632,11334
382971576,2023-08-19,MENTHOL CAMPHOR,DEEP REMEDY,337089339,11335
796060657,2023-03-08,"Anacardium Orientale, Belladonna, Hyoscyamus Niger, Kali Bromatum, Veratrum Album, Baryta Carbonica, Lachesis Mutus",ALZ HP,706231568,11336
28497302,2022-12-17,"Oxygen, Refrigerated Liquid","Oxygen, Refrigerated Liquid",918665870,11337
406354073,2023-05-30,"CAMPHOR, CAPSAICIN AND MENTHOL",TIANHE ZHUIFENG GAO,705611321,11338
279088554,2023-10-13,phytonadione,Mephyton,270932787,11339
108122920,2023-02-17,darifenacin,Enablex,223978219,11340
236138728,2023-04-10,Wart Remover Gel Pen,Salicylic Acid,149248170,11341
974829716,2023-02-24,Treatment Set TS332678,Treatment Set TS332678,265070821,11342
997374556,2022-11-16,Hydrocortisone / Chloroxylenol / Pramoxine HCl,Pramoxine-HC,545441107,11343
960193888,2023-09-11,"Ethylhexyl methoxycinnamate, Ethylhexy Salicate, Butyl Methoxydibezoylmethane",UV Capture Vita Sun Gel,485141889,11344
114179409,2023-05-08,norethindrone and ethinyl estradiol,Vyfemla,763165452,11345
35701719,2023-10-25,Benzoyl Peroxide,Anti-Bacterial Wash with Exfoliating Beads for Blemish skin,685725493,11346
672442807,2023-09-20,Povidone-iodine,Aplicare Povidone-iodine Scrub,182844664,11347
517536648,2023-03-10,"Arnica montana, Arsenicum album, Baptisia tinctoria, Cinchona officinalis, Galium aparine, Hepar suis, Korean ginseng, Mercurius corrosivus, Phosphoricum acidum, Radium bromatum, Sulphur iodatum, Thuja occidentalis, X-ray,",EMF,916677356,11348
577444297,2022-11-15,isotretinoin,Myorisan,357367853,11349
950855630,2023-10-17,certolizumab pegol,Cimzia,622392191,11350
274104607,2023-01-28,Invisible Stick Antiperspirant and Deodorant,Degree Men,43273828,11351
645719332,2022-12-18,metaxalone,SKELAXIN,86155929,11352
24381604,2023-07-07,"Avobenzone, Homosalate, Octisalate, Octocrylene and Oxybenzone",LOreal Paris Advanced Suncare Invisible Protect Dry 50 Plus Broad Spectrum SPF 50 Plus Sunscreen,507055576,11353
80759865,2023-07-28,Treatment Set TS347115,Treatment Set TS347115,307893801,11354
451016097,2022-11-25,Fomepizole,Fomepizole,663957156,11355
164134589,2023-08-20,"Acetaminophen, Aspirin, Caffeine",good neighbor pharmacy migraine relief,714333176,11356
189032880,2023-10-23,DEXTROSE,Dextrose,400106479,11357
367169120,2023-10-02,"Acetaminophen, Dextromethorphan Hydrobromide, Guaifenesin, and Phenylephrine Hydrochloride",SohMed Cold Relief,995096308,11358
371020749,2023-11-07,benztropine mesylate,Benztropine Mesylate,798502775,11359
347285009,2022-12-14,Griseofulvin,Griseofulvin,419853502,11360
563360230,2023-10-22,Oxazepam,Oxazepam,451414638,11361
552208332,2023-08-18,Benzocaine 20%,Leader Oral Pain Relief,568952270,11362
639213328,2023-03-24,Bupropion Hydrochloride,Bupropion Hydrochloride,493466447,11363
199845004,2023-08-30,TRICLOSAN,ANTIBACTERIAL FOAMING,141915822,11364
40417455,2023-09-24,LETROZOLE,LETROZOLE,244505818,11365
993439297,2023-03-03,Cefdinir,Cefdinir,497746884,11366
240841323,2023-01-11,"aluminum hydroxide, magnesium hydroxide, simethicone",Leader Antacid,602220202,11367
397354788,2023-06-02,Losartan Potassium and Hydrochlorothiazide,Losartan Potassium and Hydrochlorothiazide,428589723,11368
358882705,2022-12-17,Olanzapine and Fluoxetine,Olanzapine and Fluoxetine,281852462,11369
513249021,2023-08-03,"hydrocodone bitartrate, ibuprofen",Reprexain,819361042,11370
532090150,2023-08-02,Bisoprolol Fumarate and Hydrochlorothiazide,Bisoprolol Fumarate and Hydrochlorothiazide,893389209,11371
632705205,2023-05-10,Amiodarone Hydrochloride,Amiodarone Hydrochloride,84494254,11372
772032369,2023-06-07,Chlordiazepoxide Hydrochloride and Clidinium Bromide,Chlordiazepoxide Hydrochloride and Clidinium Bromide,533454936,11373
20955820,2023-10-18,Sodium Fluoride,koala pals,819542153,11374
671309563,2023-02-23,Ketotifen Fumarate,allergy eye,428101685,11375
315657206,2023-02-10,Sodium fluoride,Crest Wild Expressions,237724864,11376
93092671,2023-08-03,"EUCALYPTOL, MENTHOL, METHYLSALICYLATE, THYMOL",Mouth Rinse,807574651,11377
292369984,2023-05-17,"Avobenzone, Homosalate, Octisalate, and Octocrylene",Coppertone Tanning Sunscreen,356217138,11378
593125990,2023-02-22,Titanium Dioxide,Purminerals 4 in 1 Makeup SPF 15 Golden Medium,264503896,11379
942471120,2023-01-13,Promethazine Hydrochloride,Promethazine Hydrochloride,332749365,11380
314068793,2023-10-10,"Pramoxine HCl, Zinc acetate",Clear Anti Itch,110885783,11381
383362199,2022-12-29,Morphine Sulfate,Morphine Sulfate,435852138,11382
576308466,2023-08-19,Ribavirin,Copegus,23289163,11383
737442149,2023-09-29,Skin Protectant,Gentle Eczema Balm,210758845,11384
676179813,2023-09-22,Black Birch,Black Birch,420377926,11385
430665829,2022-12-29,Buspirone Hydrochloride,Buspirone Hydrochloride,71883115,11386
932681041,2023-02-05,ATORVASTATIN CALCIUM,ATORVASTATIN CALCIUM,519021437,11387
93356356,2023-06-13,telmisartan/amlodipine,Twynsta,819499806,11388
400932194,2023-03-08,Liothyronine Sodium,Liothyronine Sodium,357174398,11389
350060895,2023-04-16,GLIMEPIRIDE,GLIMEPIRIDE,118718403,11390
821492089,2023-02-17,Alprazolam,Alprazolam,682730119,11391
882155753,2022-12-24,Salicylic Acid,Clearasil,779692843,11392
314723432,2023-01-14,enoxaparin sodium,Lovenox,966561466,11393
752771882,2023-02-16,hydrochlorothiazide,hydrochlorothiazide,428639568,11394
80877304,2022-12-11,SALICYLIC ACID,FACIAL CLEANSER,872993792,11395
879475860,2023-05-02,Bismuth Subsalicylate,Pepto-Bismol and Pepto-Bismol,211820509,11396
795698269,2023-05-12,SERTRALINE HYDROCHLORIDE,SERTRALINE HYDROCHLORIDE,973051723,11397
190418390,2023-06-03,Sodium Fluoride,Anticavity Fluoride Rinse,402541488,11398
147564792,2023-02-24,PREGABALIN,Lyrica,812263271,11399
966685675,2023-07-16,"Gnaphalium Polycephalum, Berberis Vulgaris, Cimicifuga Racemosa, Cinchona Officinalis, Colocynthis, Ledum Palustre, Ranunculus Bulbosus",Arthritis Joints,486519720,11400
536667823,2023-06-21,Carbidopa and levodopa,Carbidopa and levodopa,263114127,11401
836008016,2023-08-15,Trimethobenzamide Hydrochloride,Trimethobenzamide Hydrochloride,363429428,11402
414386849,2023-01-31,Isosorbide Dinitrate,Isosorbide Dinitrate,980267652,11403
965520812,2023-03-19,Levetiracetam,Levetiracetam,625704501,11404
296554024,2023-10-13,CHAMOMILE PLANT,CHAMOMILLA,27052530,11405
245487986,2023-02-02,tapentadol hydrochloride,NUCYNTA,580152369,11406
42665508,2022-12-20,Benzalkonium chloride,Reliance Hand Saniziter,665158476,11407
16849755,2023-04-28,Ranitidine,Ranitidine,868965426,11408
690433544,2022-11-24,TAMSULOSIN HYDROCHLORIDE,TAMSULOSIN HYDROCHLORIDE,170168746,11409
957654536,2023-03-11,"CITRULLUS COLOCYNTHIS FRUIT PULP,GRATIOLA OFFICINALIS,LYCOPODIUM CLAVATUM SPORE,SODIUM CARBONATE,STRYCHNOS NUX-VOMICA SEED,SULFUR,TAXUS BACCATA FRUIT,PODOPHYLLUM.",IBS Irritable Bowel Syndrome Relief,850786317,11410
507647786,2023-08-07,Allergenic Extracts Alum Precipitated,CENTER-AL - POA PRATENSIS POLLEN,986935235,11411
907062501,2023-02-05,SALICYLIC ACID,VIPER ACNE BODY WASH,330037848,11412
936224545,2023-06-12,ETHYL ALCOHOL,Instant Hand Sanitizer Twisted Peppermint,863907370,11413
827500978,2023-08-30,Lidocaine Hydrochloride,IWK-5,637676207,11414
773335485,2023-04-17,fenofibrate,Fenofibrate,355755490,11415
608309228,2022-12-11,"Aconitum napellus, Aurum bromatum, Calcarea carbonica, Chamomilla, Cina, Ignatia amara, Kali bromatum, Lycopodium clavatum, Paeonia officinalis, Phosphorus, Stramonium, Sulphur",Fears and Nightmares,758980115,11416
942041437,2023-03-02,"benzocaine, tetracaine hydrochloride",Denti-Care Denti-Freeze,927568245,11417
338819066,2023-10-25,Dexamethasone,Dexamethsone,556553122,11418
327816718,2023-07-16,Brevibacterium stationis,Pleo Art U,265104769,11419
668890383,2023-10-12,Chlorhexidine Gluconate,Chlorhexidine Gluconate,495145350,11420
463420701,2023-07-18,Glimepiride,Glimepiride,542987340,11421
369429746,2023-08-02,diphenhydramine hydrochloride and zinc acetate,Shopko Anti-Itch,343416509,11422
559693794,2023-03-15,KETOCONAZOLE,KETOCONAZOLE,879419974,11423
434421873,2023-04-21,venlafaxine,venlafaxine,465471842,11424
191707847,2023-08-19,PENICILLIUM CHRYSOGENUM,PENICILLIUM CHRYSOGENUM VAR CHRYSOGENUM,394561574,11425
377754217,2023-04-02,Meloxicam,Meloxicam,678980314,11426
264599373,2023-09-26,Metoclopramide,Metoclopramide,628975390,11427
857381762,2023-06-10,ALCOHOL,Vanilla Bean Antibacterial Hand,786632343,11428
11481879,2023-09-11,".BETA.-CAROTENE, ASCORBIC ACID, CHOLECALCIFEROL, .ALPHA.-TOCOPHEROL ACETATE, D-, THIAMINE MONONITRATE, RIBOFLAVIN, NIACINAMIDE, PYRIDOXINE HYDROCHLORIDE, FOLIC ACID, CYANOCOBALAMIN, CALCIUM CARBONATE, IRON, MAGNESIUM OXIDE, ZINC OXIDE, CUPRIC OXIDE, IODINE, OMEGA-3 FATTY ACIDS",Duet DHA,780389679,11429
589708565,2023-10-08,Aspirin,Aspirin,894988093,11430
198418398,2023-10-14,Methocarbamol,Methocarbamol,85912857,11431
980891535,2023-03-20,Esomeprazole magnesium,NEXIUM,464105653,11432
435499888,2023-10-30,"Octinoxate, Octisalate, Zinc Oxide, Titanium Dioxide",Atomy Sunscreen White,501240471,11433
323194271,2022-12-14,GEMCITABINE HYDROCHLORIDE,GEMCITABINE HYDROCHLORIDE,736976614,11434
778951680,2023-07-15,Gemfibrozil,Gemfibrozil,189195112,11435
864948699,2023-09-01,Clonazepam,Clonazepam,970400818,11436
292351060,2023-02-21,Testosterone Cypionate,Testosterone Cypionate,328916208,11437
778154660,2023-04-01,Valacyclovir Hydrochloride,Valacyclovir Hydrochloride,725137844,11438
266036183,2023-05-12,rivastigmine,Exelon,878816364,11439
625659352,2023-07-29,Carbidopa and Levodopa,Carbidopa and Levodopa,645873334,11440
158193986,2023-03-20,diphenhydramine hydrochloride and zinc acetate,Anti-Itch Extra Strength,647910025,11441
265300242,2023-10-12,"Butalbital, Aspirin, and Caffeine",Fiorinal,807001272,11442
691099883,2023-04-10,perphenazine,Perphenazine,345537363,11443
497574838,2023-09-04,Acetaminophen,Equate Acetaminophen,972176057,11444
280897514,2023-07-05,Furosemide,Furosemide,923473238,11445
848871330,2023-07-13,Lanolin,Lanolin,923137516,11446
487822015,2023-11-02,Benzocaine,"Sally Hansen Microwavable Eybrow, Face and Lip Wax Kit",297181670,11447
965069903,2023-10-10,Mirtazapine,Mirtazapine,830274531,11448
484409753,2023-03-28,"Aconitum nap., Allium cepa, Arsenicum alb., Bryonia, Calendula, Chelidonium majus, Cineraria, Euphrasia, Graphites, Lycopodium, Merc. corros., Nux vom., Phosphorus, Phytolacca, Picricum ac., Pulsatilla, Rhus toxicodendron, Sulphur, Echinacea",Eye Care,967019844,11449
851141742,2022-11-20,Benztropine Mesylate,Benztropine Mesylate,454949492,11450
910430721,2023-05-06,TRIPROLIDINE HYDROCHLORIDE,VANAHIST PD,317356374,11451
245803116,2023-02-19,"Brompheniramine Maleate, Codeine Phosphate, Phenylephrine Hydrochloride",Poly-Tussin AC,98693118,11452
584035535,2023-10-18,Red Snapper,Red Snapper,859007943,11453
649656392,2023-02-06,Sulfamethoxazole and Trimethoprim,Sulfamethoxazole and Trimethoprim,936928571,11454
164526240,2023-06-18,Sodium Monofluorophospate,NewYork-Presbyterian Amenity,205802252,11455
515936009,2023-05-03,Treatment Set TS340054,Treatment Set TS340054,491186752,11456
793854049,2023-03-07,Armodafinil,Nuvigil,223671959,11457
991539788,2023-06-01,Phenylephrine hydrochloride,Nasal Four,574472765,11458
352809546,2022-12-01,"Aluminum hydroxide, Magnesium hydroxide, Simethicone",Almacone,952307752,11459
328302421,2023-02-27,Naratriptan,Naratriptan,147194170,11460
14084943,2023-02-17,Atomoxetine hydrochloride,Atomoxetine hydrochloride,854815299,11461
458987120,2023-10-12,Miconazole,MakeSense,440602340,11462
522311535,2023-07-27,HYDROCODONE BITARTRATE AND ACETAMINOPHEN,HYDROCODONE BITARTRATE AND ACETAMINOPHEN,442514024,11463
487669009,2023-08-03,Cefadroxil,Cefadroxil,367039032,11464
269336171,2023-04-07,Chloroquine phosphate,Chloroquine phosphate,221469783,11465
79654592,2023-10-17,Amoxicillin,Amoxicillin,984167189,11466
800131858,2022-12-11,clonidine,Clonidine,787798578,11467
488254904,2023-06-08,Warfarin Sodium,Jantoven,142845775,11468
642084229,2022-11-30,Green Pea,Green Pea,821563403,11469
516232803,2023-09-14,Octinoxate and Titanium dioxide,PURE SHEER,113428938,11470
793995263,2022-12-06,nifedipine,Nifedipine,278052903,11471
862893865,2023-10-19,Povidone Iodine,Povidone-Iodine Prep,27219464,11472
996342014,2023-07-20,Carvedilol,Carvedilol,629539270,11473
73898366,2023-10-02,benzphetamine hydrochloride,BENZPHETAMINE HYDROCHLORIDE,522766694,11474
100343690,2023-01-02,ALCOHOL,Germ Bullet,704278225,11475
310620720,2023-01-04,Lisinopril,Lisinopril,809434019,11476
216575810,2023-11-01,Acetaminophen,Childrens Acetaminophen,285355146,11477
120964955,2023-03-29,BENZETHONIUM CHLORIDE,Magnolia Blossom Scented Hand Sanitizer Anti-Bacterial,448795592,11478
405261428,2023-02-27,CHIONANTHUS VIRGINICUS BARK,Headache,330412646,11479
845764435,2022-11-21,Cetirizine Hydrochloride,Childrens,936759440,11480
912563003,2023-09-27,BENZALKONIUM CHLORIDE,first depHense Alcohol-Free Antiseptic Foam Hand Sanitizer,617333642,11481
838041939,2022-12-13,Benzoyl Peroxide,Oxy Face Wash,149020403,11482
363412328,2023-08-31,zolmitriptan,Zolmitriptan,589910221,11483
398899008,2023-05-13,Antipyrine and Benzocaine,Antipyrine and Benzocaine,518193599,11484
821111009,2022-11-18,Piperacillin and Tazobactam,Piperacillin and Tazobactam,242159553,11485
545745411,2023-02-06,Mexican Tea,CHENOPODIUM AMBROSIOIDES POLLEN,134715238,11486
247067306,2023-02-05,Diclofenac Potassium,CAMBIA,715650420,11487
146709245,2023-07-24,zaleplon,zaleplon,914591828,11488
306696701,2023-10-02,methotrexate sodium,METHOTREXATE,972153413,11489
211960980,2023-02-27,RIVASTIGMINE TARTRATE,RIVASTIGMINE TARTRATE,125269602,11490
79027243,2023-05-31,Escitalopram,Escitalopram,719924698,11491
695359939,2023-11-05,"Acetaminophen, Chlorpheniramine Maleate, Dextromethorphan HBr, Phenylephrine HCl",Topcare Cold,886564882,11492
869727766,2023-03-24,Zolmitriptan,Zolmitriptan,91001578,11493
476794509,2022-12-26,"OCTINOXATE, OXYBENZONE, TITANIUM DIOXIDE",DIORSNOW BB Creme 010 White Reveal UV Protection Sunscreen Broad Spectrum SPF 50,772603404,11494
872684207,2023-08-03,Octinoxate and Oxybenzone,LBEL HYDRATESS,877066317,11495
240714408,2022-12-24,Titanium Dioxide and Zinc Oxide,Amazonian Clay 12-Hour Full Coverage Foundation Broad Spectrum SPF 15 Sunscreen,898517197,11496
667905186,2023-11-04,AIR,MEDICAL AIR,753891596,11497
936759554,2022-11-17,Loratadine,Allergy Relief,62856092,11498
179049531,2023-08-22,OXYGEN,OXYGEN,986432212,11499
929495993,2023-01-24,Quetiapine fumarate,SEROQUEL,525470834,11500
131226744,2023-02-23,Tacrolimus,Tacrolimus,700240328,11501
355684843,2022-11-26,Phendimetrazine Tartrate,Phendimetrazine Tartrate,320432402,11502
446766303,2023-05-31,Levofloxacin,Levofloxacin,837749245,11503
162619125,2023-04-29,"AVOBENZONE, OCTISALATE, OCTINOXATE, OXYBENZONE",Total Suncare Sunscreen SPF 15,559388733,11504
430090804,2023-07-28,"Dextromethorphan Hydrobromide, Guaifenesin, Phenylephrine Hydrochloride",Wal Tussin,231392472,11505
929852202,2023-04-03,"Apis 30c, Anacardium 30c, Belladonna 30c, Borax 30c, Calc Phos 30c, Chamomilla 30c, Cina 30c, Ipecac 30c, Kali Carb, Lac Can 30c, Stramoniumn 30c",Kicking and Screaming,821884164,11506
259414321,2023-09-19,"Avobenzone, Homosalate,Octisalate, Octocrylene, Oxybenzone",Ships Ahoy Seashore Sunscreen Broad Spectrum SPF 30,264174687,11507
612353430,2022-12-16,"Avobenzone, Homosalate, Octisalate, and Oxybenzone",Coppertone Sport AccuSpray,84704238,11508
683718115,2023-06-22,Milrinone Lactate,Milrinone Lactate,666716175,11509
492633903,2023-04-25,Homeopathic Liquid,Metal-Chord,779941389,11510
524144042,2023-10-05,American Beech,American Beech,316875241,11511
413048255,2023-01-28,Simvastatin,Simvastatin,145036888,11512
83064117,2023-02-13,TRICLOSAN,DG BODY,86604517,11513
923435345,2023-10-30,DOCUSATE SODIUM -SENNOSIDES,SENEXON-S,848344783,11514
425070747,2023-01-17,"Benzocaine, Menthol",Double Prawn Brand Herbal Oil,565377768,11515
889020261,2023-06-27,White petrolatum,Creamy Petroleum,816548704,11516
684268227,2023-08-16,Octocrylene and Octinoxate,Urban Defense,227010807,11517
606810008,2022-12-04,Triamcinolone Acetonide,Triamcinolone Acetonide,742041410,11518
426460444,2023-07-08,Octinoxate and Titanium dioxide,SHISEIDO THE MAKEUP PERFECT SMOOTHING COMPACT FOUNDATION (Refill),354636790,11519
280721554,2023-01-12,meloxicam,Meloxicam,364779149,11520
541280529,2023-02-18,Alcohol,Avant Foaming Hand Sanitizer,967051114,11521
954171943,2022-12-31,Rosuvastatin calcium,CRESTOR,739531310,11522
977546713,2022-12-06,OXYBUTYNIN CHLORIDE,Oxybutynin Chloride,231170029,11523
45579951,2022-12-17,Paroxetine Hydrochloride,Paroxetine,415092686,11524
407376071,2023-03-11,Paroxetine Hydrochloride,Paroxetine,685766483,11525
332573127,2023-07-30,LIDOCAINE HYDROCHLORIDE,Rite Aid Burn Relief,892466058,11526
890567543,2023-02-16,nafcillin sodium,Nafcillin,667805562,11527
574562559,2023-08-02,Furosemide,Furosemide,345421752,11528
181179485,2023-08-17,"hypromellose, tetrahydrozoline HCl, zinc sulfate",Rohto Relief,197677169,11529
269342070,2023-03-29,"Acetaminophen, Dextromethorphan Hydrobromide, Phenylephrine Hydrochloride",equate daytime,530103186,11530
771339834,2023-07-01,Multi Vitamin with Fluoride,Multi Vitamin with Fluoride,844561658,11531
680925510,2023-06-13,salicylic acid,G.M. Collin Complex Acne,316841341,11532
754915735,2023-08-30,Chlorpheniramine Maleate,Allergy,322114020,11533
670374437,2022-12-25,Homeopathic Liquid,Dental-Chord,631285783,11534
316045058,2023-04-02,OCTINOXATE,flormar REBORN DOUBLE RADIANCE PRIMER HIGHLIGHTER SUNSCREEN BROAD SPECTRUM SPF 10,747193545,11535
349413147,2023-09-27,Ibrutinib,IMBRUVICA,857842158,11536
493458121,2023-09-01,Aspirin,Pain Relief Aspirin,847421326,11537
459877212,2023-02-04,Esomeprazole magnesium,NEXIUM,422046345,11538
199982835,2023-08-11,"DEXTRAN 70, POLYETHYLENE GLYCOL 400, POVIDONE, TETRAHYDROZOLINE HCL",OPTICAL ADVANCED EYE,62674061,11539
417958880,2023-10-07,Loratadine,Claritin,601918930,11540
295523732,2023-06-02,"Formicum acidum, Gambogia, Natrum bicarbonicum, Natrum nitricum, Natrum Nitrosum, Natrum sulphuricum, Nux vomica, Phosphoricum acidum, Phytolacca decandra, Rosa canina, Saccharinum",Aller-Detox Food Additives and Preservatives,173607718,11541
781111203,2023-02-19,atorvastatin calcium,Atorvastatin Calcium,785973041,11542
299287501,2023-06-12,Phenazopyridine Hydrochloride,Phenazopyridine Hydrochloride,291078712,11543
372645975,2023-08-07,"Absinthium, Adenosinum cyclophosphoricum, Adrenalinum, Adrenocorticotrophin, Allium cepa, Ambrosia artemissfolia, Caulophyllum thalictroides, Conium maculatum, Cortisone aceticum, Euphrasia officinalis, Fagopyrum esculentum, Galphimia glauca, Histaminum hydrochloricum, Kali muriaticum, Melilotus officinalis, Mucosa nasalis suis, Natrum muriaticum, RNA, Rumex crispus, Sabadilla, Secale cornutum",AllergyEase Plains,425269856,11544
695761727,2023-10-23,"Aletris farinosa, Apis mellifica, Arnica montana, Belladonna, Caulophyllum thalictroides, Chamomilla, Cimicifuga racemosa, Ferrum metallicum, Kali carbonicum, Sabina, Secale cornutum, Viburnum opulus",Birth Ease,226934857,11545
903522810,2023-02-14,Sodium Fluoride,Rembrandt Canker Sore,120223760,11546
64649834,2023-01-17,ETHYL ALCOHOL,ORCHID BY H E B,448283482,11547
286813280,2023-11-13,"Fucus vesiculosus, Lycopodium clavatum, Natrum muriaticum, Spongia tosta, Thyroidinum",Homeopathic Thyroid Formula,170598357,11548
622007997,2022-12-08,Vasopressin,Vasopressin,421045209,11549
794956730,2022-12-31,Simvastatin,Simvastatin,607681595,11550
501887693,2023-06-28,"Baptisia tinctoria, Echinacea, Hydrastis canadensis, Lym D Nosode, Arsenicum album, Bryonia, Chelidonium majus, Colchicum autumnale, Kalmia latifolia, Ledum palustre, Lycopodium clavatum, Phosphorus, Rhus toxicodendron,",Lyme,889722477,11551
842039415,2023-01-21,TOPIRAMATE,TOPIRAMATE,203000145,11302
3656310,2023-07-28,House Dust,House Dust,62505395,11303
122892748,2023-09-12,Acetaminophen,childrens fever reducer and pain reliever,814755149,11304
540737015,2023-02-04,not applicable,Acne,981089876,11305
837517493,2023-03-13,Simvastatin,Simvastatin,333845615,11306
246977070,2023-06-09,Felbamate,Felbamate,553237679,11307
963696580,2023-03-27,Dimethicone,Kendall Moisture Barrier,204913870,11308
681378859,2022-12-02,ALCOHOL,Fast,206636350,11309
371971711,2023-06-01,Caffeine,Stay Awake,790878684,11310
312559297,2022-11-21,haloperidol,Haloperidol,975972568,11311
989089405,2022-12-28,"SODIUM PHOSPHATE, MONOBASIC, MONOHYDRATE, AND SODIUM PHOSPHATE, DIBASIC ANHYDROUS",Visicol,225299968,11312
444582180,2022-12-09,Clonidine Hydrochloride,Clonidine Hydrochloride,290533830,11313
13895437,2023-06-18,Acetaminophen,Extra Strength Acetaminophen,426101339,11314
736170966,2023-05-31,Naproxen Sodium,rx act all day pain relief,399388732,11315
964754686,2023-02-16,Hydroxyzine Hydrochloride,Hydroxyzine Hydrochloride,450658408,11316
560727429,2023-09-02,Levetiracetam,Levetiracetam,225825384,11317
79888423,2022-12-29,Benzethonium chloride,Lysol,88420477,11318
647038014,2023-07-05,methylphenidate hydrochloride,METHYLIN,915669969,11319
570869097,2023-07-11,ondansetron hydrochloride,ondansetron hydrochloride,298778071,11320
397618396,2023-02-25,Octinoxate and Titanium Dioxide,No7 Beautifully Matte Foundation Sunscreen Broad Spectrum SPF 15 Wheat,296897508,11321
378029901,2023-10-25,Doxycycline,Doxycycline,669017571,11322
242634818,2023-09-15,ALETRIS FARINOSA ROOT - ALDESLEUKIN - ALPHA LIPOIC ACID - ATOSIBAN - CHASTE TREE - COBALAMIN - COPPER - CORTICOTROPIN - COTTON - CYCLAMEN PURPURASCENS TUBER - DOPAMINE - FOLIC ACID - FOLLICLE STIMULAT,GUNA-VENUS,641421685,11323
616854067,2023-09-14,Crab,CRAB,952728246,11324
691093364,2023-10-08,ENALAPRIL MALEATE,ENALAPRIL MALEATE,73649927,11325
641951885,2023-08-25,Etodolac,Etodolac,671507928,11326
442323821,2022-12-29,Argentum Bryophyllum,Argentum Bryophyllum,286025845,11327
180107638,2023-03-30,FOSAPREPITANT DIMEGLUMINE,EMEND,304922871,11328
160863979,2023-02-02,Carvedilol,Carvedilol,582980783,11329
789795825,2023-01-29,Fentanyl Citrate,Fentanyl Citrate,288518803,11330
981240503,2023-03-10,"BENZOCAINE, ISOPROPYL ALCOHOL",MK Sting Relief Pads,484167075,11331
834924429,2023-03-03,ESCITALOPRAM OXALATE,Lexapro,772005956,11332
842438631,2023-07-12,White Oak,White Oak,264582659,11333
367060004,2023-05-13,Gabapentin,Gabapentin,592112447,11334
175439459,2023-04-16,Calendula officinalis,Calendula,894373636,11335
227729402,2023-08-30,Salt Grass,DISTICHLIS SPICATA POLLEN,497715155,11336
25416013,2023-07-03,Sulfamethoxazole and Trimethoprim,Bactrim,438624573,11337
102289362,2023-03-27,Mercurialis Calendula Healing,Mercurialis Calendula Healing,345715688,11338
161635100,2023-03-04,TITANIUM DIOXIDE,SHISEIDO THE MAKEUP FOUNDATION,132559883,11339
846513872,2023-02-20,Hydrocortisone Acetate Pramoxine Hcl,Hydrocortisone Acetate Pramoxine Hcl,967079673,11340
328911711,2023-06-11,ESLICARBAZEPINE ACETATE,Aptiom,477166121,11341
489527006,2023-09-27,False Ragweed Bur,AMBROSIA ACANTHICARPA POLLEN,182844422,11342
270526393,2023-01-21,GABAPENTIN,GABAPENTIN,547880674,11343
120571533,2023-10-12,"Zinc Oxide, Titanium Dioxide",Josie Maran Argan Daily Moisturizer SPF47 Protect and Perfect,995701962,11344
508805346,2023-07-21,Isopropyl Alcohol,Alcohol Prep Pad,741359872,11345
154448411,2023-10-17,Sennosides,Laxative pills,20314008,11346
238702139,2023-01-23,Aspirin,Low Dose Aspirin,646819878,11347
610113393,2023-02-24,Salicylic Acid,Salicylic Acid,886992264,11348
872161015,2023-03-23,captopril and hydrochlorothiazide,Captopril and Hydrochlorothiazide,798580686,11349
242980924,2023-06-24,Loratadine,kirkland signature allerclear,137845579,11350
532120877,2023-01-13,HYDROGEN PEROXIDE,Hydrogen Peroxide,844857052,11351
32655613,2023-09-03,"EUCALYPTOL, MENTHOL, METHYL SALICYLATE, THYMOL",Royal Mouthwash Fresh and Clean Original Mint,561739729,11352
404040600,2022-11-15,Hydrocodone Bitartrate and Acetaminophen,Hydrocodone Bitartrate and Acetaminophen,589802751,11353
463972829,2023-02-19,Aurum 6,Aurum 6,938341356,11354
812284032,2023-11-08,Torsemide,Torsemide,412252964,11355
696316096,2022-11-17,Acetaminophen and DIPHENHYDRAMINE HYDROCHLORIDE,Acetaminophen PM Rapid Release,688954037,11356
639734238,2023-07-14,Glycerin,Aqua Rush Cover Cushion,195133202,11357
986623950,2023-04-27,Methylphenidate hydrochloride,Concerta,993194584,11358
583157990,2023-06-03,light mineral oil and mineral oil,Soothe XP,751677696,11359
632221002,2023-09-16,Ibuprofen,ibuprofen,629097045,11360
736175321,2023-05-28,Brome Grass,Brome Grass,734762728,11361
287976736,2023-08-18,Morphine Sulfate,Morphine Sulfate,184662655,11362
597236130,2023-11-10,Titanium Dioxide,ESIKA,636811037,11363
775433990,2022-11-29,Diltiazem Hydrochloride,Diltiazem Hydrochloride,633502640,11364
654347166,2023-01-06,"Polyvinyl Alcohol, Povidone",REFRESH Classic,539492226,11365
747024555,2022-11-23,Bismuth subsalicylate,Stomach Relief,359353686,11366
734621422,2023-04-13,Pantoprazole Sodium,Pantoprazole Sodium,804688279,11367
708816922,2023-08-01,Hydrogen Peroxide,Hydrogen Peroxide,510708767,11368
725594002,2023-02-03,Allopurinol,Allopurinol,667148888,11369
260885583,2023-01-12,ALUMINUM CHLOROHYDRATE,Roll On Anti Perspirant,439725005,11370
374775741,2023-03-21,Guaifenesin,up and up childrens mucus relief,366580016,11371
716329104,2023-03-09,OCTINOXATE and TITANIUM DIOXIDE,Ceramide Lift and Firm Makeup Broad Spectrum Sunscreen SPF 15 Vanilla Shell,832436540,11372
577558059,2023-10-03,Doxazosin,Doxazosin,118189821,11373
327235437,2023-07-01,TECHNETIUM TC-99M SODIUM PERTECHNETATE,Technetium Tc99m Generator,142386290,11374
96173480,2023-11-03,Methylergonovine Maleate,Methylergonovine Maleate,10890207,11375
174487443,2022-11-15,Glycerin,Lubriderm Intense Skin Repair,364075393,11376
26871029,2023-04-19,"Acetaminophen, Diphenhydramine HCl, Phenylephrine HCl",Wal-Dryl Severe Allergy and Sinus Headache,841358317,11377
444896358,2023-02-04,Pseudoephedrine hydrochloride,Childrens Uniphed,830073825,11378
376740955,2023-10-04,Penicillin V Potassium,Penicillin V Potassium,616964315,11379
332319080,2023-07-25,"OCTINOXATE, ZINC OXIDE",Tropical Vanilla Body Sunscreen Broad Spectrum SPF 32,289140264,11380
295580481,2023-01-07,NOT APPLICABLE,Female Stimulant,564585080,11381
224576452,2023-02-16,"Aesculus, Cina, Croton, Fagopyrum, Kali sulph, Sulphur",Anal Itch Assist,425903349,11382
907269136,2023-10-28,Polyethylene Glycol 3350,Polyethylene Glycol 3350,79773476,11383
597593580,2023-02-23,Nicotine Polacrilex,Good Neighbor Pharmacy Nicotine,177646991,11384
677859883,2023-08-07,"Acetaminophen, Dextromethorphan Hydrobromide, Phenylephrine Hydrochloride",wal flu severe cold and cough,846745304,11385
701400803,2023-08-15,ETHYL ALCOHOL,Instant Hand Sanitizer Fresh Aloe,988770075,11386
846134136,2023-05-17,PROMETHAZINE HYDROCHLORIDE,PROMETHAZINE HYDROCHLORIDE,791742898,11387
973849613,2022-11-27,Sodium Fluoride,Burkhart,529288405,11388
647170996,2023-01-26,Estradiol,Estradiol,314273459,11389
18327677,2023-02-10,Ethyl Alcohol,Appeal Alcohol Foaming Hand Sanitizer,797445830,11390
849381731,2023-03-05,venlafaxine hydrochloride,Effexor,453787601,11391
44235147,2022-11-16,Enalapril Maleate,Vasotec,388503082,11392
913309351,2023-03-03,Ibuprofen,Ibuprofen,640029536,11393
387659324,2023-08-15,Risperidone,Risperidone,735342884,11394
865110024,2023-03-31,sumatriptan succinate,sumatriptan succinate,585713445,11395
506675805,2023-06-10,Hepatitis B Immune Globulin (Human),HepaGam B,393558923,11396
416321767,2023-02-13,phenobarbital elixir,Donnatal,757255325,11397
974913807,2023-03-09,hydrocortisone,Duane Reade,308646340,11398
603332554,2023-03-17,Venlafaxine Hydrochloride,Venlafaxine Hydrochloride,687945795,11399
939763697,2023-02-02,"ECHINACEA ANGUSTIFOLIA, ECHINACEA PURPUREA, ACONITUM NAPELLUS, ARNICA MONTANA, CALENDULA OFFICIANALIS, HAMAMELIS VIRGINIANA, BELLADONNA, BELLIS PERENNIS, CHAMOMILLIA, MILLEFOLIUM, HYPERICUM PERFORATUM, SYMPHYTUM OFFICINALE, COLCHICINUM",TRANZGEL,623031103,11400
72651913,2023-02-01,Titanium Dioxide,bareMinerals bareSkin Pure Brightening Serum Foundation Broad Spectrum SPF 20,876250646,11401
774258852,2023-03-24,Titanium Dioxide,Golden Medium Foundation SPF 15,344454710,11402
65579292,2023-03-15,"OCTINOXATE, TITANIUM DIOXIDE",CD DIORSKIN NUDE SKIN-GLOWING MAKEUP SUNSCREEN BROAD SPECTRUM SPF 15 063 Amber,995352285,11403
949299187,2023-06-30,Oxygen,Oxygen,973927366,11404
368679711,2023-04-21,nitroglycerin,NITROGLYCERIN,218742481,11405
827092263,2023-01-18,Octinoxate,No7 Lift and Luminate Foundation Sunscreen Broad Spectrum SPF 15 Deeply Beige,517790823,11406
519586999,2023-01-07,MIDAZOLAM HYDROCHLORIDE,Midazolam,964797340,11407
687807620,2023-08-22,simvastatin,simvastatin,575157065,11408
528039841,2023-01-28,ranitidine hydrochloride,ZANTAC,468469624,11409
534937297,2023-03-03,Wheat Smut,Wheat Smut,883643157,11410
663092903,2023-05-26,simvastatin,simvastatin,704435054,11411
979498836,2023-05-03,BENZALKONIUM CHLORIDE,CLEANpHIRST Alcohol Free Antiseptic Hand Sanitizer,948301490,11412
560724164,2023-10-11,DOXYCYCLINE,Doxy 100,992901019,11413
609005333,2023-10-11,oxybutynin,Oxytrol For Women,462510418,11414
483430600,2023-08-04,ATROPINE SULFATE,Atropine Sulfate,386514075,11415
659181148,2023-02-20,Mirtazapine,Mirtazapine,1590456,11416
910626098,2023-08-25,"OCTISALATE, TITANIUM DIOXIDE",FLAWLESS FINISH FOUNDATION,54935676,11417
311171704,2023-08-06,"Kali phos, Nat phos, Nat sulph",Triple Complex Mood Tonic,161105413,11418
86342595,2023-08-28,N-ACETYLGLUCOSAMINE,Cheon Shim Bo Yun,146106230,11419
366056535,2023-03-07,Loratadine,Loratadine,681225657,11420
408516699,2023-04-19,"Acetaminophen, Diphenhydramine HCl",Non-Aspirin PM,390007509,11421
493848503,2023-01-27,"Acetaminophen, Dextromethorphan Hydrobromide, and Phenylephrine Hydrochloride",DayQuil,648341355,11422
68782544,2023-01-28,"OCTISALATE, AVOBENZONE, HOMOSALATE",DAYWEAR,179766140,11423
545936628,2023-05-09,TITANIUM DIOXIDE and ZINC OXIDE,Mustela SPF 50,143586442,11424
106773189,2023-02-21,Aspirin,Safety Coated Enteric Aspirin,976032998,11425
758178489,2023-10-02,OCTINOXATE and TITANIUM DIOXIDE,SHISEIDO UV PROTECTIVE FOUNDATION,118190694,11426
599973552,2023-06-06,"Piperonyl Butoxide, Pyrethrum Extract",Lice Complete Kit,576286948,11427
346236492,2022-11-24,OCTINOXATE,flormar PERFECT COVERAGE FOUNDATION SUNSCREEN BROAD SPECTRUM SPF 15 106 Classic Ivory,235592819,11428
379288612,2023-10-23,Escitalopram,Escitalopram,190580163,11429
798785822,2023-01-17,Ethyl Alcohol,Waterless Anti-Bacterial Hand Cleanser,595786856,11430
494412744,2023-01-24,sulfacetamide sodium and sulfur,Sumadan,604700309,11431
713269179,2023-07-23,Valproate Sodium,Valproate Sodium,902219821,11432
588324427,2023-02-01,Oxymorphone Hydrochloride,OPANA,188976169,11433
147682400,2022-12-02,Prednisone,Prednisone,369442227,11434
227407039,2023-09-11,Salicylic Acid,Spot Repairing Serum,18906918,11435
668387637,2023-01-21,Cephalexin,Cephalexin,35693825,11436
459483348,2023-09-01,Guaifenesin and Dextromethorphan Hydrobromide,Siltussin DM,362364938,11437
251204737,2023-05-01,STANNOUS FLUORIDE,GINGIMED,973178479,11438
935632193,2023-08-09,Rho(D) Immune Globulin (Human),HyperRHO S/D Full Dose,421353640,11439
908093611,2023-04-01,"Chlorpheniramine maleate, Phenylephrine HCl",Sinus and Allergy Releif PE,665583477,11440
406551038,2023-04-23,"OCTINOXATE, TITANIUM DIOXIDE, OXYBENZONE",DiorSnow Light Veil 021 Linen SPF 20,672042085,11441
976199213,2023-01-10,Homeopathic Liquid,Colo-Chord,208512165,11442
352785434,2023-03-08,Hydromorphone Hydrochloride,EXALGO,696254421,11443
83621353,2023-07-14,Berberis Urtica,Berberis Urtica,785024059,11444
510688990,2023-10-27,Allantoin,Perfect Calming BB Remover,104852602,11445
540453638,2022-12-19,ciprofloxacin,ciprofloxacin,169056437,11446
704418072,2023-01-13,Chloroxylenol,Antimicrobial Hand Wash,353612846,11447
355668781,2023-09-20,Diclofenac Sodium,Diclofenac Sodium,623874543,11448
991648299,2023-03-02,"Zinc Oxide, Titanium Dioxide",supernatural airbrushed canvas broad spectrum spf 15 sunscreen,174674776,11449
829497834,2022-11-16,Naproxen,Naproxen,207832878,11450
763226793,2022-11-26,Alprazolam,Alprazolam,248029357,11451
971742313,2023-09-29,Acetaminophen and Diphenhydramine Citrate,Headache Relief PM,358243418,11452
725290432,2022-11-29,Citalopram Hydrobromide,Citalopram Hydrobromide,90632849,11453
84579475,2022-12-06,glipizide,Glipizide,998686365,11454
907570501,2023-07-15,Protriptyline Hydrochloride,Protriptyline Hydrochloride,819078814,11455
164150420,2023-06-04,PANTOPRAZOLE SODIUM,Pantoprazole Sodium Delayed-Release Delayed-Release,412893753,11456
247549439,2022-12-14,rizatriptan benzoate,rizatriptan benzoate,32778867,11457
546490937,2023-09-20,Isopropyl Alcohol,Isopropyl Rubbing Alcohol,930710192,11458
384384733,2023-04-29,"OCTINOXATE, OXYBENZONE, TITANIUM DIOXIDE, ZINC OXIDE",Surfers Skin Sunscreen,645199470,11459
561560932,2023-01-13,"AVOBENZONE, HOMOSALATE, OCTISALATE, OCTOCRYLENE, OXYBENZONE",BANANA BOAT,396282953,11460
609184778,2023-10-23,DIMETHICONE,By Pharmicell Lab Luxury Cell Performance,537457424,11461
98866391,2023-09-24,Aluminum Chlorohydrate,Suave,202267689,11462
899685884,2023-08-12,Venlafaxine,Venlafaxine,696593451,11463
361146666,2023-01-30,Nasal Throat Spray,Cold and Infection Defense,173354845,11464
83035294,2023-03-08,Voriconazole,Voriconazole,195955527,11465
408988146,2023-01-23,olanzapine,Olanzapine,467823139,11466
884749817,2023-03-12,Amiloride Hydrochloride and Hydrochlorothiazide,Amiloride Hydrochloride and Hydrochlorothiazide,446009214,11467
681421065,2023-01-29,"Butalbital, Acetaminophen, and Caffeine","Butalbital, Acetaminophen and Caffeine",404831768,11468
569494558,2022-12-27,Tetracaine Hydrochloride,TetraVisc,582248667,11469
134747644,2023-06-25,Diethylpropion Hydrochloride,Diethylpropion Hydrochloride,362633029,11470
326564666,2023-05-15,Zinc Oxide Dimethicone,Rash Relief,260717309,11471
608782820,2023-09-27,"Alfalfa, Laminaria digitata, Symphytum officinale, Ascorbic acid, Melatonin, Calcarea carbonica, Cuprum metallicum, Ferrum metallicum, Iodium,",EMF Protect and Balance,630281586,11472
623117164,2023-08-10,Miconazole Nitrate,Ting,895975590,11473
697819283,2023-01-20,VENLAFAXINE HYDROCHLORIDE,VENLAFAXINE HYDROCHLORIDE,816280609,11474
981872599,2022-12-26,Potassium Nitrate and Sodium Fluoride,Up and UP Sensitive Toothpaste Enamel Strengthening formula,239527640,11475
824071025,2023-03-03,ASPIRIN,ASPIRIN,362959196,11476
759409774,2023-04-18,Pancrelipase,Creon,524081774,11477
719084784,2023-01-17,Glycerin,Lemon Glycerin,982501745,11478
416517840,2023-02-03,Felodipine,Felodipine,786322265,11479
88469060,2023-05-21,meclizine hydrochloride,Meclizine Hydrochloride,469585889,11480
20251192,2023-09-01,nicotine polacrilex,NICORETTE,787573949,11481
912250234,2023-03-31,Ranitidine,Acid Reducer,346855516,11482
648637190,2023-07-30,calcium carbonate,Medi First Antacid,313267691,11483
627295430,2023-07-11,Olanzapine,Olanzapine,621609609,11484
574250864,2023-03-22,Fluconazole,Fluconazole,650036716,11485
954409582,2023-04-24,"Tolnafate, Triclosan",Nail MD,85032150,11486
637930041,2022-12-03,"SAMBUCUS NIGRA FLOWER, CALENDULA OFFICINALIS FLOWER, ECHINACEA ANGUSTIFOLIA",ORIGINAL HEALING,749112003,11487
67726324,2023-08-24,milnacipran hydrochloride,Savella,667496237,11488
886519362,2023-06-28,"BROMPHENIRAMINE MALEATE, DEXTROMETHORPHAN HYDROBROMIDE, PHENYLEPHRINE HYDROCHLORIDE",Altipres-B,498148613,11489
683599713,2023-10-27,Morphine Sulfate,Morphine Sulfate,648972547,11490
905133870,2023-10-06,Treatment Set TS344592,Treatment Set TS344592,804337980,11491
54807809,2023-07-05,DIMETHICONE,SNAYTOX ESSENCE BOOSTER,509309578,11492
918802160,2023-04-25,diltiazem hydrochloride,Diltiazem Hydrochloride,235463303,11493
326381769,2023-06-15,"brimonidine tartrate, timolol maleate",COMBIGAN,27255569,11494
629803972,2023-07-11,Haloperidol lactate,Haloperidol,532706040,11495
882643866,2023-08-02,standardized senna concentrate and docusate sodium,Senokot-S,692001184,11496
118409202,2022-11-25,Betamethasone Valerate,Betamethasone Valerate,142758365,11497
133660443,2023-05-21,Titanium Dioxide,Wet n Wild Fergie BB Cream SPF 15,82048598,11498
684964320,2023-08-24,ISOPROTERENOL HYDROCHLORIDE,Isuprel,174628396,11499
610564100,2023-10-01,Levocetirizine Dihydrochloride,Levocetirizine Dihydrochloride,560384589,11500
504987079,2023-06-29,Meprobamate,Meprobamate,624936117,11501
512286269,2023-10-01,Prednisone,Prednisone,398885724,11502
673495404,2023-08-15,bicalutamide,Bicalutamide,54328749,11503
931340413,2023-06-05,"Calc phos, Kali sulph, Nat sulphuricum",Triple Complex Diabetonic,992634308,11504
868337415,2023-02-02,WITCH HAZEL,MEDICATED-PADS Hemorrhoidal Pads with Witch Hazel,793003815,11505
185397112,2023-11-08,Carvedilol,Carvedilol,495787877,11506
227666653,2023-01-15,"OCTINOXATE, OCTOCRYLENE, OCTISALATE, and Avobenzone",Kinesys Broad Spectrum SPF 30 Alcohol-Free Performance Sunscreen - Fragrance Free,267743189,11507
701419932,2023-07-05,Salicylic Acid,Clearasil Ultra,55659397,11508
382541939,2023-10-23,Aspirin,Medi First Plus Aspirin,122404338,11509
11465808,2023-03-15,desipramine hydrochloride,Norpramin,77165315,11510
973249224,2023-06-27,Dextromethorphan,Delsym,275412918,11511
565773684,2023-02-23,Dextroamphetamine Sulfate,Dextroamphetamine Sulfate,828460468,11512
373457762,2023-02-15,Tolterodine Tartrate,Tolterodine Tartrate,556879037,11513
946066686,2023-05-13,SODIUM ACETATE,Sodium Acetate,514125439,11514
915915359,2023-03-28,Naproxen,Naproxen,727065332,11515
841220295,2023-01-18,Benzalkonium Chloride,First Aid Antiseptic,422709967,11516
891740419,2023-01-04,Aluminum Zirconium Tetrachlorohydrex GLY,Degree,355411103,11517
78096869,2023-07-04,Tetrahydrozoline hydrochloride,CVS Redness Relief Original,722061898,11518
10058585,2023-06-03,ACETAMINOPHEN,NON-ASPIRIN,834934164,11519
927826504,2023-08-11,"Measles, Mumps, Rubella and Varicella Virus Vaccine Live",ProQuad,399411276,11520
82201640,2022-12-22,siltuximab,SYLVANT,711641592,11521
679040922,2023-03-15,Lorazepam,Lorazepam,828018247,11522
8214143,2023-03-03,Titanium dioxide,CLE DE PEAU BEAUTE CREAM COMPACT FOUNDATION,220892804,11523
783014871,2023-08-29,CITALOPRAM,CITALOPRAM HYDROBROMIDE,927887398,11524
312694714,2023-01-31,Aspirin,Regular Strength Tri-Buffered Aspirin,196667880,11525
698528279,2022-12-13,"Camphor, Menthol, Methyl Salicylate",Yu Long You Pain Relieving,606450439,11526
365868447,2023-02-28,OCTINOXATE and TITANIUM DIOXIDE,PERFECTION LUMIERE VELVET,425822956,11527
514002217,2023-07-15,Donepezil Hydrochloride,Donepezil Hydrochloride,204069482,11528
377203045,2023-05-19,"ARBUTIN, ETHYLHEXYL METHOXYCINNAMATE",Dr Young 2p Brightening UV Sun Block SPF50 PA,783006925,11529
864680049,2023-07-01,Gabapentin,Gabapentin,663380934,11530
141844428,2022-11-22,isosorbide mononitrate,isosorbide mononitrate,370327248,11531
993787413,2022-12-17,Serotonin (Hydrochloride),Serotonin,751139588,11532
370116206,2023-03-16,Triclosan,Passion Flower Antibacterial Foaming Hand Wash,71234680,11533
881854347,2023-05-15,"norethindrone acetate, ethinyl estradiol and ferrous fumarate",GILDESS FE 1/20,158221518,11534
64369548,2023-04-19,Naproxen Sodium,All Day Pain Relief,610043626,11535
62065555,2023-08-25,Mango,Mango,302026565,11536
309780922,2023-02-14,Levothyroxine,Levothyroxine,614049323,11537
611166744,2023-02-19,"ascorbic acid, cholecalciferol, .alpha.-tocopherol, dl-, folic acid, pyridoxine hydrochloride, cyanocobalamin, calcium formate, ferrous asparto glycinate, magnesium oxide and doconexent",PRENATE DHA,146173247,11538
840874677,2023-09-08,Hydromorphone Hydrochloride,Hydromorphone Hydrochloride,447848844,11539
152363534,2023-08-29,Lidocaine Hydrochloride,Lidocaine Hydrochloride,962204244,11540
908799167,2023-10-19,SALICYLIC ACID,EQUALINE,58847187,11541
410720609,2023-01-23,ciprofloxacin hydrochloride,Ciprofloxacin,727571485,11542
599411168,2023-11-11,Povidone-iodine,Aplicare Povidone-iodine Scrub,387562934,11543
563841750,2023-02-16,Octreotide Acetate,Octreotide Acetate,578778803,11544
604208557,2023-08-05,Treatment Set TS346791,Treatment Set TS346791,852057075,11545
568849533,2022-11-24,baclofen,Lioresal,841305837,11546
994502402,2023-08-05,Octinoxate and Titanium Dioxide,LBEL NATURAL FINISH MOISTURIZING FOUNDATION SPF 25,163440809,11547
337884490,2023-09-01,Isosorbide mononitrate,Isosorbide Mononitrate,234840191,11548
379401887,2022-11-29,Lisinopril,Lisinopril,628295878,11549
37547453,2023-03-29,imipramine pamoate,TOFRANIL-PM,293277773,11550
445693930,2023-10-12,Pyrethrum Extract and Piperonyl Butoxide,LiceMD,380391051,11551
439203399,2023-07-27,GUAIFENESIN DEXTROMETHORPHAN,GUAIFENESIN DM,822119060,11302
375113928,2023-05-18,Cephalosporium,Cephalosporium,216341589,11303
316810608,2023-04-02,CEFPROZIL,CEFPROZIL,341005835,11304
248766555,2023-06-16,Pentoxifylline,Pentoxifylline,723143458,11305
254932529,2023-07-27,Tramadol Hydrochloride and Acetaminophen,Tramadol Hydrochloride and Acetaminophen,871416790,11306
116605209,2023-06-18,Tramadol Hydrochloride and Acetaminophen,Tramadol Hydrochloride and Acetaminophen,975198286,11307
291401558,2023-05-12,Naproxen,Naproxen,180585272,11308
33823587,2023-05-05,buprenorphine,Butrans,552127421,11309
207759652,2023-03-29,TRICLOSAN,ANTIBACTERIAL FOAMING,53267561,11310
852230860,2023-02-12,BENZETHONIUM CHLORIDE,Insti-Foam Sanitizer,488000191,11311
606552784,2022-11-18,Moexipril Hydrochloride and Hydrochlorothiazide,Moexipril Hydrochloride and Hydrochlorothiazide,172196320,11312
662580237,2023-11-12,clonidine hydrochloride,Clonidine Hydrochloride,394991105,11313
623742180,2023-10-12,Glycerin,Lemon Glycerin,673388522,11314
17838729,2023-08-05,Titanium Dioxide and Octinoxate,Eve Lom Radiance Perfected Tinted Moisturiser Broad Spectrum SPF 15 Sunscreen,524560183,11315
757496180,2023-07-16,Lisinopril,Lisinopril,454773624,11316
228275309,2023-03-01,Tobramycin,Tobramycin,237338496,11317
465157569,2023-05-05,Oxygen,Oxygen,558371102,11318
12770105,2022-12-22,Trandolapril,Trandolapril,174952221,11319
121688913,2023-02-14,"BACITRACIN ZINC, NEOMYCIN SULFATE, POLYMYXIN-B SULFATE",SHOPKO TRIPLE ANTIBIOTIC,958673895,11320
712985292,2023-08-15,Treatment Set TS348283,Treatment Set TS348283,15872130,11321
787869255,2023-05-27,BENZALKONIUM CHLORIDE,Anti-Bacterial Wipes,100833952,11322
664303690,2023-01-29,pomalidomide,Pomalyst,443049773,11323
342140108,2023-02-03,Docusate sodium and sennosides,Laxacin,373128023,11324
85930588,2023-08-15,Dipyridamole,Dipyridamole,583820076,11325
129986089,2022-11-15,Lycopodium Clavatum,Lycopodium Clavatum,16645202,11326
295784076,2023-09-18,"Acetaminophen, Chlorpheniramine Maleate and Phenylephrine HCl",Allergy Mutli-Symptom,358659356,11327
580911384,2023-06-09,ETHYL ALCOHOL,Spa Originals Instant Hand Sanitizer,767925392,11328
113919077,2023-09-13,"Arnica, Apis, Hepar Sulph, Hypericum, Ledum, Silicea",Infected Cuts and Punctures,442239244,11329
672934120,2023-03-11,"Acetaminophen, Dextromethorphan HBr, Doxylamine succinate, Phenylephrine HCl",Up and Up Cold Flu Relief Day Night,360962395,11330
384550996,2023-07-12,Promethazine Hydrochloride and Dextromethorphan Hydrobromide,Promethazine Hydrochloride and Dextromethorphan Hydrobromide,969926022,11331
388886075,2023-07-25,Triclosan,Olive Oil Antibacterial Foaming Hand Wash,760783680,11332
602030742,2023-09-01,PHOSPHORUS,Phosphorus,426150282,11333
94029214,2023-06-06,Clindamycin Hydrochloride,Clindamycin Hydrochloride,245156077,11334
990159038,2023-07-05,"Octinoxate, Titanium Dioxide",Neova DNA Damage Control - Silc Sheer,845135006,11335
77082600,2022-11-25,PYRITHIONE ZINC,Satinique Dandruff Control Hair Cleanser,95439846,11336
733500779,2022-12-25,Diethylpropion hydrochloride,Diethylpropion HCl Controlled-Release,491504279,11337
539046325,2023-08-14,Sodium Monofluorophosphate,Colgate Anticavity,561522838,11338
671063286,2023-05-04,Trandolapril,Trandolapril,63383900,11339
483721096,2023-08-25,ETHYL ALCOHOL,Antibactierial Hand Sanitizer,726967084,11340
168767817,2023-04-21,Divalproex Sodium,Divalproex Sodium,951806645,11341
499843032,2022-11-25,"Antihemophilic Factor, Human Recombinant",ADVATE,56796787,11342
228873423,2023-05-21,"Acetaminophen, Phenylephrine HCl, Dextromethorphan HBr, Chlorpheniramine maleate",Cold Multi-Symptom,592008114,11343
49711208,2023-02-10,Erythromycin,Erythromycin Base,737894934,11344
195543056,2022-12-29,Labetalol Hydrochloride,Labetalol Hydrochloride,642803844,11345
968529204,2023-10-24,Ciprofloxacin Hydrochloride,Ciprofloxacin,750433834,11346
71449088,2023-06-28,"Acetaminophen, Dextromethorphan Hydrobromide, Doxylamine Succinate",Good Sense night time,627864350,11347
976913668,2023-03-11,Cetirizine HCl,24-Hour All Day Allergy,222715264,11348
581110891,2023-01-14,Buspirone Hydrochloride,Buspirone Hydrochloride,649394034,11349
532807356,2023-08-05,Epicoccum nigrum,Epicoccum nigrum,591904943,11350
151394823,2023-03-19,Menthol,Flexall Pain Relieving,810238921,11351
126447834,2023-01-08,White Ash,White Ash,666059384,11352
760616210,2023-06-12,Diltiazem Hydrochloride,Diltiazem Hydrochloride,381282331,11353
622904785,2023-01-05,Paricalcitol,Paricalcitol,924528870,11354
785393695,2022-12-19,"Aconitum napellus, Arsenicum album, Baptisia tinctoria, Belladonna, Bryonia, Causticum, Echinacea, Eupatorium perfoliatum, Ferrum phosphoricum, Gelsemium sempervirens, Hydrastis canadensis,",Infect Rescue,86059531,11355
18935872,2023-03-07,Minocycline Hydrochloride,Minocycline Hydrochloride,407769727,11356
577828562,2023-09-05,BENZALKONIUM CHLORIDE,Hy5 Alcohol Free Fragrance Free Foaming Hand Sanitizer,282326788,11357
476799766,2023-04-09,"Homosalate, Octinoxate, Avobenzone and Octocrylene",LIPSTICK QUEEN ENDLESS SUMMER Broad Spectrum SPF 15 Sunscreen,186918018,11358
526461806,2023-09-23,Cetirizine Hydrochloride,Zyrtec,890414331,11359
781193254,2023-05-31,Escitalopram,Escitalopram,708402744,11360
776478100,2023-03-07,Sodium fluoride,ACT Anticavity Fluoride Kids Bubblegum,447124052,11361
120811548,2023-08-25,Cetylpyridinium chloride,Crest Pro-Health Multi-Protection,418087409,11362
718747937,2023-07-21,Risperidone,Risperidone,196178628,11363
760784565,2023-04-23,Tobacco Leaf,Tobacco Leaf,627492498,11364
976829706,2023-09-03,Quetiapine Fumarate,Quetiapine Fumarate,134474461,11365
733336987,2023-07-01,betamethasone valerate,Betamethasone Valerate,853201296,11366
265004036,2022-12-15,Metformin hydrochloride,Metformin hydrochloride,474252687,11367
860844044,2023-09-26,Loratadine,Childrens Loratadine,137137630,11368
426570652,2023-06-22,"AVOBENZONE, OCTINOXATE, and OCTISALATE",LAB SERIES SKINCARE FOR MEN DAILY MOISTURE DEFENSE BROAD SPECTRUM SPF 15,661910972,11369
397341561,2023-03-17,Morphine Sulfate,Morphine Sulfate,536786017,11370
704939453,2023-03-17,"Dihydrocodeine Bitartrate, Phenylephrine Hydrochloride, Guaifenesin",Donatuss,778253730,11371
964254321,2023-09-24,Aspirin,Flanax Aspirin Pain Reliever,518505968,11372
768531715,2023-05-16,peginterferon alfa-2b,PEGINTRON,707411426,11373
79849873,2023-09-09,Olanzapine,ZYPREXA,249741020,11374
112050774,2023-11-03,Glycerin,BEEVENOM EMULSION,783018434,11375
640655792,2022-12-03,"Calc sil, Echinacea, Hepar sulph, Silica mar, Sulfur iod",Boil-Rx,349597755,11376
819781736,2023-05-14,"acetaminophen, caffeine, dihydrocodeine bitartrate",Trezix,582503638,11377
937583169,2023-04-13,Bayberry Wax Myrtle,MORELLA CERIFERA POLLEN,759950584,11378
651954870,2023-08-15,Hydrocortisone,hydrocortisone,625735054,11379
957193537,2023-01-20,Alcohol,Harris Teeter,570818174,11380
622668493,2023-03-01,Hydrogen Peroxide,Hydrogen Peroxide,902124954,11381
827208536,2023-03-05,Ampicillin Sodium,Ampicillin,245274251,11382
629714906,2023-08-17,amitriptyline hydrochloride,Amitriptyline Hydrochloride,478632290,11383
198503727,2023-07-04,topiramate,Trokendi XR,500039825,11384
842240643,2023-07-20,phenylephrine hydrochloride and witch hazel,Leader,338587764,11385
92418185,2023-03-05,MEPROBAMATE,MEPROBAMATE,751396983,11386
171027756,2023-08-18,Minoxidil,Minoxidil,50742910,11387
992482953,2023-03-01,Omeprazole,leader omeprazole,165462262,11388
442485769,2022-12-10,Ibuprofen,Green Guard Ibupro Relief,863180058,11389
833206616,2023-09-23,Raspberry,Raspberry,102052438,11390
998381945,2023-06-14,TRICLOSAN,dalan OCEAN BREEZE antibacterial deodorant,871619181,11391
501687521,2023-05-16,Lidocaine,Premjact Male Desensitizer,423531147,11392
380160113,2022-12-17,Theophylline,Theophylline,187843865,11393
145283606,2023-10-16,Ovarium 6 Special Order,Ovarium 6 Special Order,667342061,11394
667838248,2022-12-10,Isoniazid,Isoniazid,140472123,11395
745642011,2023-05-19,Guaifenesin,MUCUS RELIEF,966654090,11396
391371243,2023-02-07,Sodium Fluoride,Ludent,196472497,11397
325851640,2022-11-15,"Acetaminophen, Aspirin, and Caffeine",Bayer Migraine Formula,353386211,11398
519352015,2023-10-16,PROPRANOLOL HYDROCHLORIDE,PROPRANOLOL HYDROCHLORIDE,980884320,11399
958079043,2023-04-19,"Acetaminophen, dextromethorphan HBr, doxylamine succinate, phenylephrine HCl",Topcare Nite Time Day Time,846986230,11400
194462625,2023-06-17,Salicylic Acid,salicylic acid,376436306,11401
435417071,2023-04-17,Bupropion Hydrochloride,Bupropion Hydrochloride,942341893,11402
150123663,2023-09-28,Fenofibric Acid,FIBRICOR,521982124,11403
486892455,2023-08-07,TRICLOSAN,Dial Pomeganate and Tangerine Antibacterial Soap,927918713,11404
904768403,2023-09-26,"Serotonin,",Serotonin,781909731,11405
446995489,2023-03-31,Ethyl Alcohol,Instant Hand Sanitizer,547279741,11406
541972642,2023-11-09,CASTOR OIL,LEADER Castor,215793399,11407
600736399,2023-05-07,Naproxen,Naproxen,486924060,11408
48241537,2023-08-06,montelukast sodium,Montelukast Sodium,148654152,11409
968470230,2023-01-22,SODIUM FLUORIDE,Anticavity Fluoride Rinse,197898918,11410
817682976,2023-11-03,"Avobenzone, Homosalate, Octinoxate, Octisalate, Oxybenzone",Tahitian Noni,160534729,11411
576160026,2023-09-09,Homeopathic Liquid,ReHydration,653097176,11412
600458655,2023-06-07,Clonazepam,Clonazepam,121001453,11413
14729337,2023-07-24,Ropinirole Hydrochloride,Ropinirole Hydrochloride,606965170,11414
826824829,2023-04-08,Botrytis cinerea,Botrytis cinerea,637796172,11415
745382784,2023-05-10,Sisal,Sisal,435260700,11416
339404484,2023-03-23,Meloxicam,Meloxicam,706180084,11417
858722699,2023-03-31,simvastatin,Simvastatin,623294770,11418
928172777,2022-12-03,"Acetaminophen, dextromethorphan HBr, doxylamine succinate, phenylephrine HCl",Day Night Cold and Flu,660125232,11419
993616157,2023-02-02,Dimethicone,Kendall Moisturizing,768934003,11420
356077440,2023-05-12,SIMVASTATIN,ZOCOR,350104204,11421
391391735,2023-04-29,"OCTINOXATE, TITANIUM DIOXIDE, and ZINC OXIDE",IOPE RETIGEN MOISTURE TWIN CAKE NO.23,484172695,11422
433534460,2022-12-04,Hydrocortisone,Family Wellness Maximum Strength Hydrocortisone,883839913,11423
545446823,2023-05-02,Amoxicillin,Amoxicillin,488400609,11424
716542496,2023-09-15,methimazole,Methimazole,625023306,11425
328967704,2023-08-25,ranolazine,Ranexa,829378323,11426
995873062,2023-07-29,Ranitidine,cool mint acid reducer,738299771,11427
384101798,2023-10-08,doxycycline hyclate,Morgidox,76270626,11428
205906209,2023-03-22,Trazodone Hydrochloride,Trazodone Hydrochloride,881194918,11429
302805846,2023-07-15,POVIDONE-IODINE,Povidone Iodine,890556032,11430
210624318,2023-03-08,Hydrocortisone Acetate,Gadaderm Hydrocortisone,655152320,11431
501053955,2023-04-16,Naproxen sodium,health mart naproxen sodium,734169746,11432
390953777,2023-10-20,Calcium carbonate,Sunmark smooth antacid,37776151,11433
297815792,2023-04-25,Neostigmine Methylsulfate,Neostigmine Methylsulfate,929970592,11434
54714811,2023-08-18,sertraline hydrochloride,Sertraline Hydrochloride,946192834,11435
690645100,2023-08-04,THIAMINE HYDROCHLORIDE,Thiamine,880451231,11436
219232192,2023-01-19,Chlordiazepoxide Hydrochloride,Chlordiazepoxide Hydrochloride,415234328,11437
136451256,2023-01-13,Ferrous Sulfate,Ferrous Sulfate,666654684,11438
944985595,2023-08-08,Ibuprofen,Childrens Ibuprofen,583467087,11439
901957228,2023-07-31,diphenoxylate hydrochloride and atropine sulfate,Diphenoxylate Hydrochloride and Atropine Sulfate,527249909,11440
386849291,2023-01-31,Nitrous Oxide,Nitrous Oxide,14394039,11441
930662332,2023-06-20,Levothyroxine sodium,Levothyroxine sodium,218900712,11442
603403273,2023-08-10,Oxytocin,Oxytocin,300141645,11443
775537436,2022-12-15,Bismuth subsalicylate,Leader Stomach Relief,630381666,11444
66019639,2023-04-02,"OCTINOXATE, TITANIUM DIOXIDE, ZINC OXIDE",SnowSkin Sunscreen Zinc,786152038,11445
230633368,2023-09-08,Metronidazole,Metronidazole,858357322,11446
604607254,2023-07-03,"phenylephrine hcl, brompheniramine maleate",dg health cold and allergy,22415356,11447
663015605,2023-04-11,Atropine Sulfate,Atropine Sulfate,366151155,11448
802501974,2023-09-14,Flumazenil,Flumazenil,954313360,11449
237566859,2023-03-06,ALCOHOL,Instant Hand Sanitizer With Aloe and Vitamin E,386026887,11450
585745370,2022-12-30,magnesium hydroxide,SUNMARK MILK OF MAGNESIA MINT,324923515,11451
3232695,2023-05-29,Rat Epithelium,Rat Epithelium,943575883,11452
497968230,2023-09-14,Simethicone,Extra Strength Gas Relief,883167311,11453
951162148,2023-01-10,Aluminum Zirconium Tetrachlorohydrex GLY,Suave,731826895,11454
218822694,2023-04-27,Octinoxate and Oxybenzone,LBEL COULEUR LUXE AMPLIFIER XP,703959081,11455
216038628,2023-01-03,Aluminum Zirconium Tetrachlorohydrex GLY,Degree,744223687,11456
408581588,2023-01-25,TITANIUM DIOXIDE and ZINC OXIDE,ZO SKIN HEALTH,612258223,11457
830589708,2023-10-27,Sodium Monofluorophosphate,Morning Fresh,709888692,11458
244843522,2023-11-12,TECHNETIUM TC-99M SODIUM PERTECHNETATE,Technetium Tc99m Generator,669229183,11459
83956336,2023-11-06,Eszopiclone,Eszopiclone,858823891,11460
667292344,2022-12-22,baclofen,Gablofen,654723307,11461
313315230,2023-06-21,Fluoxetine Hydrochloride,Fluoxetine,63960445,11462
290694386,2023-03-23,Dicloxacillin Sodium,Dicloxacillin Sodium,42843440,11463
551641634,2023-08-01,Octinoxate and Titanium Dioxide,NARS ALL DAY LUMINOUS FOUNDATION,819407643,11464
578227703,2023-03-02,Penicillin V Potassium,Penicillin V Potassium,25927147,11465
609288834,2023-09-22,Lorazepam,Lorazepam,353202695,11466
415094585,2023-03-28,KETOROLAC TROMETHAMINE,KETOROLAC TROMETHAMINE,747592361,11467
826593984,2023-09-18,"OCTINOXATE, TITANIUM DIOXIDE",Rimmel London,627415781,11468
212119027,2023-09-25,Cisplatin,Cisplatin,18573610,11469
230991545,2023-04-18,Lamivudine and Zidovudine,Lamivudine and Zidovudine,39917989,11470
438271467,2023-08-14,Beef Bovine spp.,"Food - Animal Products and Poultry Products, Beef Bovine spp.",878378933,11471
990556088,2022-11-25,VENLAFAXINE HYDROCHLORIDE,VENLAFAXINE HYDROCHLORIDE,879106274,11472
11062866,2023-04-28,EPICOCCUM NIGRUM,EPICOCCUM NIGRUM,454491716,11473
889647053,2023-09-02,ESZOPICLONE,Lunesta,483478758,11474
630004724,2023-08-15,"Acetaminophen, Chlorpheniramine maleate, Dextromethorphan HBr, Phenylephrine HCl",cold relief,572319515,11475
872337423,2023-04-22,Cayenne Pepper,Cayenne Pepper,366575206,11476
222165261,2023-04-15,Methocarbamol,Methocarbamol,846657317,11477
243591285,2023-08-15,triamterene and hydrochlorothiazide,Triamterene and Hydrochlorothiazide,25021711,11478
763490710,2023-05-08,Pioglitazone,Pioglitazone,74695298,11479
820113207,2023-05-06,Ciprofloxacin,Ciprofloxacin,147212329,11480
970860805,2023-03-10,Chloroxylenol,VioNex,811639771,11481
916822126,2023-01-21,Acyclovir Sodium,Acyclovir Sodium,331010101,11482
846094085,2023-02-04,bisacodyl,Bisacodyl,2297959,11483
403107675,2022-12-22,"Beta vulgaris, Carduus marianus, Taraxacum officinale, Cholesterinum, Fel tauri, Chelidonium majus, Lycopodium clavatum,",Hepastat,934262350,11484
357515682,2023-10-23,TITANIUM DIOXIDE,PHYTOGENIC INFINITE MAKEUP BASE,290461967,11485
920818614,2023-10-05,Doxazosin,Doxazosin,900240510,11486
289381070,2023-05-18,Aluminum Zirconium Pentachlorohydrex Gly,RG TD5 Inv.Solid Antiperspirant Deodorant Cooling,973387827,11487
787922866,2023-08-08,Risperidone,Risperidone,681948800,11488
278002978,2023-04-02,febuxostat,ULORIC,178145847,11489
887948857,2023-07-11,"BENZALKONIUM CHLORIDE, POVIDONE-IODINE, ACETAMINOPHEN, ASPIRIN, DIPHENHYDRAMINE HYDROCHLORIDE, IBUPROFEN, BACITRACIN ZINC, NEOMYCIN SULFATE, POLYMYXIN B SULFATE",Mountain Series Weekender Medical,187208422,11490
945715198,2022-12-05,Duck Feathers,Duck Feathers,341300963,11491
657859842,2023-06-04,Clonidine,Nexiclon XR,56390042,11492
151626072,2023-03-02,"OCTINOXATE, ZINC OXIDE",Vanilla Latte Tinted Moisturizer Broad Spectrum SPF 25 Sunscreen Light,590508251,11493
719293060,2023-04-01,Diaper Rash Treatment,Bye Bye Diaper Rash,935388170,11494
117357365,2023-07-03,Cyclobenzaprine Hydrochloride,Cyclobenzaprine Hydrochloride,969405591,11495
833102407,2023-04-06,Oxygen,Oxygen,381131738,11496
362852210,2023-05-27,Mometasone Furoate,Mometasone Furoate,592055135,11497
740899269,2022-11-16,PredniSONE,PredniSONE,599939092,11498
394438088,2023-09-23,Alcohol,HAND SANITIZER,207667394,11499
889044800,2023-05-06,Salicylic Acid,Neutrogena Oil Free Moisture,447750689,11500
497106257,2023-06-13,"Dextromethorphan Hydrobromide, Guaifenesin",Good Sense Childrens Mucus Relief Cough,429411258,11501
408577266,2023-04-08,Galantamine,Galantamine,797862327,11502
2409334,2023-01-07,"ZINC OXIDE, OCTINOXATE, TITANIUM DIOXIDE",NOEVIR N5,479407967,11503
353677209,2023-07-04,Fluoxetine hydrochloride,Prozac,210876543,11504
343965990,2023-03-19,"AVOBENZONE, OCTOCRYLENE, OXYBENZONE",HAWAIIAN Tropic,604515794,11505
242936040,2022-11-27,Trichophyton Mentagrophytes,TRICHOPHYTON MENTAGROPHYTES,989879335,11506
756298882,2023-09-22,Nicotine Polacrilex,nicotine,220735964,11507
171657244,2023-06-01,Ruta Graveolens,Pain Relief,808413564,11508
613968411,2023-11-02,"acetaminophen, dextromethorphan hydrobromide, guaifenesin, and phenylephrine hydrochloride",Childrens Delsym,829467866,11509
271806562,2023-02-09,Ampicillin Sodium,Ampicillin,188513616,11510
235147950,2023-03-17,Cimetidine,Cimetidine,901854803,11511
478426857,2023-09-07,Glimepiride,Glimepiride,491919538,11512
295919907,2023-01-19,Mucor plumbeus,Mucor plumbeus,659724148,11513
657399829,2023-05-03,Nicotine Polacrilex,nicotine,145389062,11514
565819314,2023-10-02,Primaquine Phosphate,Primaquine Phosphate,776243688,11515
423615432,2022-11-25,spironolactone,Spironolactone,184592138,11516
427381682,2023-01-28,Sword Fish,Sword Fish,621004408,11517
425004667,2023-02-06,ARSENIC TRIOXIDE,ARSENICUM ALBUM,252815187,11518
325144382,2023-08-30,nifedipine,Nifedipine,545455312,11519
226273392,2023-09-06,Metoclopramide,Metoclopramide,523320726,11520
38951085,2023-08-13,Aspirin,Aspirin,598563519,11521
725681819,2023-02-14,Alendronate Sodium,Alendronate Sodium,937545077,11522
455155097,2023-04-14,Peanut,Peanut,99096823,11523
538183510,2023-10-20,Diltiazem Hydrochloride Extended-Release Tablets,Diltiazem Hydrochloride,436995951,11524
284049780,2023-03-14,Amoxicillin,Amoxicillin,42423535,11525
422653031,2022-11-29,hydrocodone bitartrate,Zohydro,806821599,11526
427415199,2023-04-02,Ibuprofen,Ibuprofen,428044745,11527
139233221,2022-12-14,prazosin hydrochloride,Prazosin Hydrochloride,585156219,11528
250835853,2023-08-17,"Acetaminophen, Chlorpheniramine Maleate, Dextromethorphan HBr, Phenylephrine HCl",multi symptom cold relief,960806565,11529
876500628,2023-05-21,".Alpha.-Tocopherol Acetate, DL-, Ascorbic Acid, Cyanocobalamin, Sodium Fluoride, Folic Acid, Niacin, Pyridoxine, Riboflavin, Thiamine, Vitamin A, and Vitamin D",Multivitamin with fluoride,376111879,11530
863409933,2023-09-13,Not applicable,Enviroclenz,246164908,11531
606061785,2023-07-01,Yellow Dock,Yellow Dock,208177476,11532
415866127,2023-08-18,Oxygen,Oxygen,35575624,11533
924676133,2023-03-10,NAJA NAJA VENOM,NYLOXIN,255011495,11534
707648784,2023-08-14,PSYLLIUM HUSK,equate Sugar Free Fiber Therapy Smooth Texture Orange Flavor,204613429,11535
805635015,2023-10-05,Pyrithione Zinc,LBEL,3920046,11536
485089362,2023-11-11,Hydrocortisone,healthy accents cortisone,730244038,11537
448756554,2023-03-09,diphenhydramine citrate and ibuprofen,sunmark ibuprofen pm,907809267,11538
669697225,2023-03-08,Acetaminophen,Pain and Fever,328484013,11539
345173546,2023-07-29,Aluminum Sesquichlorohydrate,CYZONE,154597673,11540
364544781,2023-01-23,"Calc phos, Kali sulph, Nat sulphuricum",Triple Complex Glucose Control,697094684,11541
517422240,2023-01-14,"Octinoxate, Octisalate, and Oxybenzone",Neutrogena OIl Free Moisture,929063617,11542
636681870,2023-01-26,APIOLUM,APIOLUM,603095791,11543
29988551,2023-01-03,adenosine,Adenosine,333820060,11544
497638317,2023-03-04,Ondansetron HCL,Ondansetron HCL,682607507,11545
450682005,2023-04-15,Fexofenadine HCl,Allergy Relief,994855858,11546
954218805,2022-11-21,Miconazole Nitrate,Monistat 1 Combination Pack,592374001,11547
685575616,2023-07-08,Fluoxetine,Fluoxetine,273416192,11548
510585577,2022-12-03,Treatment Set TS346620,Treatment Set TS346620,364249880,11549
306897816,2023-05-16,"TRIBASIC CALCIUM PHOSPHATE, MATRICARIA RECUTITA, ARABICA COFFEE BEAN, ATROPA BELLADONNA, MAGNESIUM PHOSPHATE, DIBASIC TRIHYDRATE, SILICON DIOXIDE, and RHEUM OFFICINALE ROOT",NIGHTTIME TEETHING,273661298,11550
68767149,2023-05-01,Levothyroxine sodium,Levothyroxine sodium,65371072,11551
425210336,2023-09-05,Oxymetazoline HCl,nasal,180138867,11302
916490281,2023-02-26,Dermatophagoides pteronyssinus,STANDARDIZED MITE D PTERONYSSINUS,155537626,11303
87184498,2023-09-30,Aluminum Zirconium Tetrachlorohydrex GLY,Degree Women UltraClear Pure Rain,506688784,11304
852133997,2023-04-30,Hydrocortisone,Scalpicin,71090443,11305
787929590,2023-04-28,CAULOPHYLLUM THALICTROIDES,CAULOPHYLLUM THALICTROIDES,394352457,11306
803450269,2023-02-26,Benzocaine,Lollicaine Pina Colada,581906070,11307
695175759,2023-03-17,flurazepam hydrochloride,Flurazepam Hydrochloride,719019779,11308
221760789,2023-09-06,Ibuprofen,sunmark ibuprofen,649261849,11309
53633777,2023-09-23,tetrahydrozoline HCl,Redness reliever,333221560,11310
834169277,2023-09-07,TRETINOIN,TRETIN.X,372813190,11311
301507928,2023-08-27,Phenazopyridine,Phenazopyridine Hydrochloride,85007457,11312
873371236,2023-10-08,Beractant,Survanta,388072192,11313
513036315,2023-10-25,Benzalkonium Chloride,Kleenex Foam Antibacterial Skin Cleanser,502880069,11314
27187572,2023-10-16,Donepezil Hydrochloride,Donepezil Hydrochloride,403168081,11315
398663336,2022-12-12,Menthol,Cryogel Island Rain Natural Pain Relieving,444020272,11316
194328808,2022-12-11,Acetaminophen,Extra Strength Acetaminophen,643925198,11317
277780574,2023-07-07,TOPIRAMATE,TOPIRAMATE,395843428,11318
842915162,2023-11-05,Tuna Fish,Tuna Fish,567334355,11319
987839155,2023-08-22,Earwax Removal Kit,Earwax Removal Kit,388051628,11320
546736957,2022-12-05,naproxen,Naprosyn,390924633,11321
954165628,2023-10-18,TITANIUM DIOXIDE,CLARINS Broad Spectrum SPF 15 Sunscreen Extra-Firming Foundation Tint 108,416720452,11322
119537419,2023-04-07,TITANIUM DIOXIDE,CLARINS Ever Matte Broad Spectrum SPF 15 Tint 107,797659316,11323
586744017,2023-06-27,PRIMIDONE,PRIMIDONE,752517319,11324
298509707,2023-04-02,Progesterone Injection,Progesterone Injection,47866943,11325
42648016,2023-08-01,Salicylic Acid,Acne and Blemish Target,877265404,11326
947156628,2023-05-29,Fluoxetine Hydrochloride,Fluoxetine,228493718,11327
308786299,2023-06-02,Venlafaxine Hydrochloride,Venlafaxine Hydrochloride,806283022,11328
454383847,2023-09-23,QUETIAPINE FUMARATE,QUETIAPINE FUMARATE,939205933,11329
982052424,2023-08-09,"Acetaminophen, Aspirin, Caffeine",Smart Sense migraine relief,257708969,11330
952085204,2023-07-26,"Acetaminophen, Dextromethorphan HBr, Phenylephrine HCl",Cold Head Congestion Daytime Non-Drowsy,883510909,11331
881267372,2023-07-24,nifedipine,nifedipine,472481729,11332
271259766,2023-02-21,fluconazole,Diflucan,780975441,11333
505521120,2023-05-01,povidone-iodine,Povidone Iodine,873684294,11334
159206232,2023-09-12,"Arnica, Apis, Hepar Sulph, Hypericum, Ledum, Silicea",Infected Cuts and Punctures,318485506,11335
451205447,2022-11-21,light mineral oil and mineral oil,Soothe XP,970283344,11336
357454314,2022-12-08,Fenofibric Acid,Trilipix,813290433,11337
388634783,2022-11-29,Ibuprofen,Ibuprofen,684321934,11338
140081176,2023-02-23,Antihemophilic Factor Recombinant,Recombinate,396824525,11339
844721343,2022-11-26,Miconazole nitrate,Baza Antifungal,747195788,11340
491192690,2023-01-01,MALATHION,OVIDE,738184994,11341
510936819,2022-11-29,Ibuprofen,Ibuprofen,306449774,11342
603527018,2023-01-18,Benzalkonium Chloride,Antibacterial Foaming Hand,31093536,11343
693435088,2023-05-18,Quetiapine fumarate,Quetiapine fumarate,443159557,11344
668350701,2023-06-05,"Dextromethorphan Hydrobromide, Guaifenesin",Good Neighbor Pharmacy Tussin dm,505834958,11345
615674929,2022-12-20,ciprofloxacin,Ciprofloxacin,732127954,11346
44038450,2023-05-18,Labetalol hydrochloride,Labetalol hydrochloride,203291276,11347
294791092,2023-01-29,CLOSTRIDIUM TETANI TOXOID ANTIGEN (FORMALDEHYDE INACTIVATED),TETANUS TOXOID ADSORBED,699496459,11348
201274492,2023-03-13,Bismuth Subsalicylate,Bismuth Subsalicylate,384857728,11349
791480689,2023-01-12,Homeopathic Sublingual Immunotherapy,Allergena,820763212,11350
670291414,2023-05-15,Petrolatum,Care One Medicated Lip Balm in a Pot,632031678,11351
936577767,2022-11-15,"Elaps corallinus, Aconitum nap.,Aur. met., Baryta carb., Belladonna, Crotalus horridus, Gelsemium, Hamamelis, Lachesis, Merc. viv.,Phosphorus, Picricum ac., Plumbum met., Pulsatilla,Rhus toxicodendron, Stramonium, Theridion, Euphrasia",Macular Degeneration,45145366,11352
946920632,2023-05-29,"Naproxen sodium, Pseudoephedrine HCl",Good Neighbor Pharmacy Sinus and Cold D,404231713,11353
659685884,2022-12-27,Theraflu Nighttime,Flu Relief Therapy Night Time,769193118,11354
394723032,2023-08-25,Nitrogen,Nitrogen,858031186,11355
307784313,2023-10-03,"DEXTROMETHORPHAN HYDROBROMIDE, GUAIFENESIN",Tussin DM,666404959,11356
417615488,2022-12-23,pioglitazone and glimepiride,Duetact,995167361,11357
836163506,2023-10-18,Oxymetazoline HCl,nasal mist,969806601,11358
147722291,2022-12-21,Magnesium citrate,Magnesium Citrate,161179524,11359
921386868,2023-05-11,Poverty Weed,Poverty Weed,587742970,11360
290666718,2023-10-21,Lovastatin,Lovastatin,312156718,11361
540036846,2023-02-16,Ibuprofen,Ibuprofen,800183744,11362
588424005,2023-02-25,Wheat Smut,Wheat Smut,582841888,11363
259670692,2023-03-13,lorazepam,Lorazepam,5567131,11364
606783373,2023-07-11,simethicone,gas relief,505693890,11365
439951387,2023-06-18,Irbesartan,Irbesartan,791250786,11366
672276676,2023-05-13,Titanium Dioxide and Zinc Oxide,Purminerals 4-in-1 Mineral Tinted Moisturizer Broad Spectrum SPF 20 (LIGHT),130571109,11367
677794415,2023-02-10,Oxygen,Oxygen,875417523,11368
814671755,2023-02-26,Norethindrone,Norethindrone,842734890,11369
231613109,2023-03-23,SODIUM BICARBONATE,Neut Sodium Bicarbonate,533119949,11370
355010798,2022-12-10,Nabumetone,Nabumetone,240344681,11371
328792628,2023-05-09,amlodipine besylate and olmesartan medoxomil,Azor,966324907,11372
97042407,2023-09-13,"Acetaminophen, Dextromethorphan HBr, Phenylephrine HCl, Doxylamine succinate",Cold and Flu,267175698,11373
308865076,2022-12-20,"polyethylene glycol, propylene glycol",Eye Lubricant,789751037,11374
449718899,2023-05-24,SODIUM FLUORIDE and TRICLOSAN,Colgate,864220310,11375
482471694,2023-05-09,"acetaminophen, dextromethorphan hydrobromide and doxylamine succinate",McKesson Nite Time,734341774,11376
446170938,2023-08-03,"hyoscyamine sulfate, methenamine, methylene blue, phenyl salicylate, and sodium phosphate, monobasic, monohydrate",Urelle,864719756,11377
521030252,2023-09-13,"Octinoxate, Octisalate, and Titanium Dioxide",09 Balancing Foundation,697049992,11378
203840163,2023-05-12,Neomycin Sulfate,Antibiotic,187125560,11379
798337305,2023-08-19,"Butalbital, Aspirin, Caffeine, and Codeine Phosphate",Fiorinal with Codeine,28045487,11380
119101680,2023-03-28,"Acetaminophen, Dextromethorphan HBr, Doxylamine succinate",Nighttime,558447165,11381
409650745,2023-07-04,"Acetaminophen, Phenylephrine HCl",equate sinus,908185378,11382
234430210,2023-09-05,"Octocrylene, Avobenzone",SPF-15 Sunscreen,495424841,11383
142809365,2023-02-25,Dicloxacillin Sodium,Dicloxacillin Sodium,752047936,11384
899760267,2023-04-03,Fragaria Vitis Liver Support,Fragaria Vitis Liver Support,313519494,11385
503497595,2023-10-15,Calcitriol,Calcitriol,520593545,11386
832651281,2023-09-20,"Boldo, Carduus Marianus, Curcuma Longa, Echinacea, Taraxacum Officinale, Magnesia Phosphorica, Gallbladder",Liver Tonic II,110191095,11387
659391801,2023-06-14,icatibant acetate,Firazyr,676935066,11388
377100876,2023-08-30,paroxetine hydrochloride,PAXIL,61612635,11389
685139579,2023-05-13,alcohol,Clear Defense,760052236,11390
881690775,2023-07-21,"Calcium citrate, Iron pentacarbonyl, Cholecalciferol, .Alpha.-Tocopherol, Dl-, Pyridoxine hydrochloride, Folic Acid, Docusate Sodium, and Doconexent",CitraNatal Harmony 3.0,758646284,11391
430431981,2023-08-06,Citalopram hydrobromide,Citalopram hydrobromide,223365582,11392
351818361,2023-04-29,"Acetylcholine chloride, Dopamine, GABA, Octopamine, Serotonin, Taurine, Adenosinum cyclophosphoricum, Cerebrum (suis), Diencephalon (suis), Pineal gland (suis), Thalamus opticus (suis),",Brain Blance Core Formula,715222613,11393
894651423,2023-08-02,Diltiazem HCl,Diltiazem HCl,974261172,11394
338046042,2022-12-24,Treatment Set TS128811,Treatment Set TS128811,455378373,11395
245452192,2023-07-24,GABAPENTIN,GABAPENTIN,993573279,11396
667105932,2023-07-21,Bismuth subsalicylate,stomach relief,429524030,11397
826729846,2023-04-10,"Acetaminophen, dextromethorphan HBr, guaifenesin, Phenylephrine HCl",HealthMart Mucus Relief FM,503292829,11398
995457920,2023-04-11,Polyethylene Glycol 400,CVS Long Lasting Lubricant Eye,526234604,11399
282618318,2023-09-25,"Norethindrone Acetate and Ethinyl Estradiol, and Ferrous Fumarate",Tilia Fe,389263482,11400
596043592,2023-05-24,Stannous Fluoride,Home Care Fluoride,423750746,11401
448387542,2023-09-15,ZOLPIDEM TARTRATE,ZOLPIDEM TARTRATE,167149706,11402
182767711,2023-02-16,Allantoin,Whitening Repairing Cover Cushion,725148885,11403
46721888,2023-01-05,"Triticum aestivum, Chelidonium majus, Taraxacum officinale, Glutathione, Hepar suis, Thyroidinum (suis), Lycopodium clavatum, Nux vomica, Phosphoricum acidum,",Hepatatox,271367290,11404
590664994,2023-07-12,Calcium carbonate,Antacid,360920760,11405
945848506,2023-01-08,Sepia,Sepia,351155334,11406
399412928,2023-03-27,Gerbil Epithelium,Gerbil Epithelium,398053484,11407
553565185,2023-01-25,DIPHENDYDRAMINE HYDROCHLORIDE,DIPHENDYDRAMINE HYDROCHLORIDE,446219873,11408
826901275,2023-01-20,"OCTINOXATE, TITANIUM DIOXIDE",CD DIORSKIN NUDE SKIN-GLOWING MAKEUP SUNSCREEN BROAD SPECTRUM SPF 15 050 Dark Beige,610671700,11409
405292649,2022-11-26,warfarin sodium,COUMADIN,62402667,11410
580323134,2023-11-10,Acetaminophen,pain relief,476321216,11411
178689303,2023-02-04,"Pancreas, Stomach, Arsenicum album, Graphites, Lycopodium clavatum, Nux vomica, Phosphorus, Syzygium jambolanum,",Gastropanpar,680145556,11412
545628771,2023-08-03,Terazosin,Terazosin,636520697,11413
648039486,2023-02-01,Lenscale,Lenscale,829420116,11414
91474288,2022-12-03,Titanium Dioxide,ck one 3-in-1 face makeup,505455481,11415
409812249,2023-08-16,morphine sulfate,Kadian,348420494,11416
260588416,2023-06-13,"Dihydrocodeine Bitartrate, Phenylephrine Hydrochloride, Pyrilamine Maleate",POLY HIST,677253395,11417
283110160,2023-06-10,Loratadine,Loratadine ODT,835227317,11418
769121426,2022-11-21,Metoprolol Tartrate,Metoprolol Tartrate,338410930,11419
87265262,2023-06-19,SAW PALMETTO and CALCIUM SULFIDE,Sabal Homaccord,82516801,11420
970369248,2022-12-22,Amitriptyline Hydrochloride,Amitriptyline Hydrochloride,490636288,11421
126869490,2023-09-12,Diclofenac Sodium,Diclofenac Sodium,830911448,11422
716944080,2023-02-04,Paroxetine,Paroxetine,307020250,11423
942208866,2023-10-27,"Loratadine, Pseudoephedrine",wal itin d,653344568,11424
45482183,2023-09-13,Desloratadine,Desloratadine,803974891,11425
997042991,2023-09-17,Dimethicone,XtraCare with cooling action Oatmeal Skin Relief Calmin,319052571,11426
702325671,2023-03-27,LEMON CHINESE QUINCE EXTRACT BERBERIS VULGARIS FRUIT SILICON DIOXIDE,Lemon Quince Allergy Relief,456625759,11427
563371964,2023-01-15,CAPSAICIN,GOOD NEIGHBOR PHARMACY CAPSAICIN,286802785,11428
793820462,2023-02-28,Octocrylene and Octinoxate,No7 CC,160595895,11429
932143186,2023-11-11,"Codeine Phosphate, Dexchorpheniramine Maleate, Phenylephrine Hydrochloride",PRO-RED,394950834,11430
438478845,2023-03-31,ALCOHOL,FRESH SPLASH SCENTED HAND SANITIZER,664878310,11431
990078370,2023-10-31,"Adenosinum cyclophosphoricum, Adrenalinum, Adrenocorticotrophin, Allium cepa, Alnus serrulata, Carduus benedictus, Cichorium intybus, Cortisone aceticum, Dolichos pruriens, Euphrasia officinalis, Galphimia glauca, Histaminum hydrochloricum, Juglans cinerea, Kali muriaticum, Mucosa nasalis suis, Nasturtium, Natrum muriaticum, Rhus tox, RNA, Sabadilla, Sassafras officinale",AllergyEase Southern,411640905,11432
740074642,2023-02-13,Methimazole,Methimazole,766949552,11433
863564595,2022-11-15,Triclosan,Citrus Basil Antibacterial Foaming Hand Wash,136525515,11434
690509795,2023-05-20,Anastrozole,Anastrozole,629360169,11435
400674037,2023-03-19,GOSSYPIUM HERBACEUM ROOT BARK,Nausea,978079253,11436
375173414,2022-12-25,CETIRIZINE HYDROCHLORIDE,CETIRIZINE HYDROCHLORIDE,740012748,11437
90641352,2023-07-17,"Coccus cacti, Drosera (Rotundifolia), Scilla maritima, Stica pulmonaria, Arsenicum iodatum, Causticum, Cuprum aceticum, Carbo vegetabilis, Kali carbonicum, Lachesis mutus,",Bronchial Cough,634565899,11438
462439265,2023-10-11,BENZOYL PEROXIDE,ACNE TREATMENT SERUM,170169666,11439
163342584,2022-11-30,Phentermine Hydrochloride,Phentermine Hydrochloride,575653879,11440
220801958,2023-08-26,Phentermine Hydrochloride,Phentermine Hydrochloride,613797911,11441
385811128,2023-03-25,Benzoyl Peroxide,Acne Treatment Kit,805570965,11442
334196513,2023-04-06,SALICYLIC ACID,ACNE CLEANSING PADS,533980153,11443
141620302,2023-06-12,SODIUM MONOFLUOROPHOSPHATE,Dental plus Baking Soda,410895481,11444
583219003,2023-04-27,Mugwort,Mugwort,172199378,11445
82969947,2023-03-06,Benztropine Mesylate,Benztropine Mesylate,42603162,11446
687295094,2023-02-10,NIACIN,NIACIN,457685546,11447
290340026,2023-02-28,Salicylic Acid,Santalia Clinical Acne,737188999,11448
613853292,2023-03-27,Dimethicone,Remedy Skin Repair,941996225,11449
118448974,2023-05-07,Cetirizine,Cetirizine Hydrochloride,334830018,11450
933801659,2023-06-19,minoxidil,MINOXIDIL,827834808,11451
338336417,2023-08-31,fluticasone propionate and salmeterol,ADVAIR,82428620,11452
478546078,2023-03-01,Homosalate and Octinoxate and Octisalate and Oxybenzone and Avobenzone and Octocrylene,Banana Boat Ultra Defense SPF 30 Canada,920397895,11453
955072259,2023-06-03,Phentermine Hydrochloride,Phentermine Hydrochloride,598094261,11454
398293507,2023-07-28,methyldopa,Methyldopa,710298268,11455
99149250,2023-03-11,"Acetaminophen, Dextromethorphan HBr, Guaifenesin, Phenylephrine HCl",Severe Cold and Congestion Maximum Strength,544336421,11456
994939009,2023-03-24,Live Oak,Live Oak,701693862,11457
139790977,2023-11-10,certolizumab pegol,Cimzia,617236500,11458
340338147,2022-12-18,BENZALKONIUM CHLORIDE,SANITACK SANITIZING WIPES PLUS,426606480,11459
153244944,2023-06-15,Cyclobenzaprine Hydrochloride,Cyclobenzaprine Hydrochloride,954134662,11460
550963175,2023-04-27,OCTINOXATE and TITANIUM DIOXIDE,SHISEIDO RADIANT LIFTING FOUNDATION,970865766,11461
954317746,2023-10-06,Simvastatin,Simvastatin,483638406,11462
792485043,2023-05-14,Diphenhydramine HCl,sleep time,705580317,11463
597910298,2022-12-18,Oxygen,Oxygen,799059055,11464
517999398,2022-12-16,Triclosan,Pomegranate Antibacterial Foaming Hand Wash,17338453,11465
425448195,2023-07-20,"Acetaminophen, Dextromethorphan HBr, Chlorpheniramine maleate",Maximum Strength Flu HBP,377306027,11466
200356955,2023-11-03,Octreotide acetate,Octreotide acetate,588625438,11467
224932690,2023-05-06,Ranitidine,Good Neighbor Pharmacy Acid Control 150,858545236,11468
87702350,2023-07-08,Azithromycin,Azithromycin,207627194,11469
31905340,2023-08-15,Sodium Monofluorophosphate,United Airlines Business Class Kit,886836391,11470
35090995,2023-07-25,OXYBUTYNIN CHLORIDE,OXYBUTYNIN CHLORIDE,357098270,11471
140758241,2023-03-25,Hydrocortisone,Apres Peel Soothing Balm,749114152,11472
689750741,2023-09-20,GABAPENTIN,GABAPENTIN,642128006,11473
875579948,2023-06-12,aluminum chlorohydrate,Fresh Sugar Roll-On Deodorant Antiperspirant,54104016,11474
43208299,2023-05-10,Amoxicillin and Clavulanate Potassium,Amoxicillin and Clavulanate Potassium,65340054,11475
287101098,2023-07-05,BISMUTH SUBSALICYLATE,Peptic Relief,127514732,11476
733900,2023-08-04,Sodium Fluoride,Walgreen Anticavity Whitening,603227507,11477
891925600,2022-12-21,Methyl Salicylate and Menthol,Noble Lion Medicated Balm,793312476,11478
135100904,2023-04-19,ACARBOSE,Acarbose,926837897,11479
839849900,2022-12-30,TITANIUM DIOXIDE,SHISEIDO THE MAKEUP FOUNDATION,651066349,11480
534266192,2023-10-02,Octinoxate,Purminerals 4-in-1 14-Hour Wear Foundation Broad Spectrum SPF 15 (BLUSH MEDIUM),738850041,11481
934481359,2023-06-20,Diphenhydramine HCl,Sleep Aid,905531458,11482
482491371,2023-04-30,Fluocinolone Acetonide,Retisert,202945400,11483
22442498,2023-09-14,Queen Palm,Queen Palm,948692529,11484
218291623,2023-03-25,OCTINOXATE and TITANIUM DIOXIDE,NARS FOUNDATION,954112687,11485
304866080,2023-10-18,Oxycodone,Oxycodone Hydrochloride,353318290,11486
788181635,2023-10-13,Carisoprodol,Carisoprodol,38612144,11487
802324303,2023-04-20,"Octinoxate, Titanium Dioxide",Sheer Defense Tinted Moisturizer SPF 15 ML 40,878198207,11488
662077738,2023-08-23,Sodium Acetate,Sodium Acetate,30260222,11489
408703234,2023-10-17,GLYCERIN,MIRU Oriental Whitening Ampoule,416034690,11490
429121311,2023-01-19,JATROPHA CURCAS SEED,STOMACH CRAMPS,865213684,11491
412788829,2022-12-31,Carvedilol,Carvedilol,693441454,11492
925538491,2023-07-27,SODIUM MONOFLUOROPHOSPHATE,Dental guardian,595184482,11493
503086699,2023-09-29,Timolol Maleate,Timolol Maleate,36541113,11494
852873389,2023-06-13,POTASSIUM CHLORIDE,POTASSIUM CHLORIDE,267413981,11495
511120621,2023-08-19,Nefazodone Hydrochloride,Nefazodone Hydrochloride,118145479,11496
357651368,2023-07-30,Glycerin,Infant Glycerin Laxative,56538788,11497
870431441,2023-07-30,Pyrithione Zinc,Clear,631870869,11498
873840672,2023-07-04,Niacinamide,A.H.C. C-SERUM,627832947,11499
13308260,2023-10-22,"glycerin, phenylephrine HCl, pramoxine HCl, white petrolatum",hemorrhoidal,963998441,11500
621031025,2022-11-14,SALICYLIC ACID,ACNE,783858327,11501
840453275,2023-08-12,Nicotine Polacrilex,nicorelief,787822005,11502
4890573,2023-06-12,fentanyl,DURAGESIC,751031194,11503
996167606,2023-02-25,Guaifenesin,Shopko Chest Congestion Relief,655100135,11504
759978817,2023-03-12,Benzethonium Chloride,Vanilla Bean Anti-bacterial foaming Hand Wash,668110119,11505
913923318,2023-06-18,Adenosine,Adenosine,686409607,11506
341385643,2023-05-27,Sucralfate,Sucralfate,759161476,11507
608179847,2023-01-20,Ofloxaxin,Ofloxacin,569000498,11508
916772277,2023-07-07,Hand Sanitizer Wipes,Tough Guy Hand Sanitizer Wipes,53392125,11509
541117079,2023-02-28,methylprednisolone,Methylprednisolone,355821067,11510
233286180,2023-09-02,Desloratadine,Desloratadine,190058585,11511
459133712,2023-10-31,Sodium Fluoride,CLOSE UP,795916875,11512
213791608,2023-01-26,Omeprazole,leader omeprazole,904946044,11513
766444189,2023-06-26,Benzalkonium chloride,Hand Wash,750457543,11514
665389352,2023-05-25,Aspirin,Aspirin,911206717,11515
808510805,2023-01-16,Acetaminophen,TYLENOL,978085718,11516
627721778,2023-09-22,"VITAMIN A PALMITATE, ASCORBIC ACID, CHOLECALCIFEROL, .ALPHA.-TOCOPHEROL ACETATE, D-, THIAMINE HYDROCHLORIDE, RIBOFLAVIN, NIACIN, PYRIDOXINE HYDROCHLORIDE, CYANOCOBALAMIN, FERRIC PYROPHOSPHATE, FERROUS CYSTEINE GLYCINATE, and SODIUM FLUORIDE",ESCAVITE LQ,772647129,11517
772568374,2023-01-20,LISINOPRIL,Lisinopril,644204092,11518
62572268,2023-03-28,Amlodipine Besylate,Amlodipine Besylate,927165195,11519
539240740,2023-01-15,Ranitidine,good sense acid reducer,418668646,11520
22610471,2023-06-25,Ondansetron,Ondansetron,400366873,11521
873927051,2023-05-30,"Berberis Vulgaris, Cantharis, Clematis Erecta, Lac Caninum, Lycopodium Clavatum, Pulsatilla, Sarsaparilla",Cystoges HP,604383105,11522
115247276,2022-11-15,"Hydroxyamphetamine hydrobromide, tropicamide",Paremyd,786646728,11523
403929380,2023-01-19,ARNICA MONTANA,Arnica,747988027,11524
780055903,2023-05-10,Ibuprofen,Ibuprofen,515946802,11525
106368338,2023-06-24,Morphine Sulfate,Morphine Sulfate,421660732,11526
226837777,2023-11-03,venlafaxine hydrochloride,venlafaxine,123224346,11527
283629364,2022-12-13,ATORVASTATIN CALCIUM,ATORVASTATIN CALCIUM,298641329,11528
689990914,2023-11-12,Mirtazapine,MIRTAZAPINE,544608506,11529
217145466,2023-07-18,"Phenylephrine HCl, Witch hazel",Equaline hemorrhoidal cooling,305845556,11530
456053693,2023-08-09,"OCTISALATE, OCTINOXATE, ZINC OXIDE",SOLAR SENSE CLEAR ZINC SUNSCREEN FACE and BODY SPORT BROAD SPECTRUM SPF 50 Plus,635180616,11531
735964542,2023-02-16,coagulation factor ix (recombinant),BeneFIX,254289496,11532
510784768,2022-12-10,"Titanium Dioxide, Ethylhexyl Methoxycinnamate, Ethylhexyl Salicylate",IQueen CCC Light,744132499,11533
122417593,2023-10-11,indocyanine green,IC-Green,838486941,11534
655807151,2023-05-27,Ciprofloxacin,Ciprofloxacin,14003406,11535
203800247,2023-03-03,oxymetazoline hydrochloride,care one nasal,2232128,11536
249314599,2023-06-03,Trazodone Hydrochloride,Trazodone Hydrochloride,937385430,11537
746678791,2023-10-29,Midazolam hydrochloride,Midazolam hydrochloride,568706422,11538
233185944,2023-07-30,Dextromethorphan Hydrobromide and Promethazine Hydrochloride,Dextromethorphan Hydrobromide and Promethazine Hydrochloride,872187881,11539
409138671,2023-08-26,Cetirizine Hydrochloride,Cetirizine Hydrochloride,216523313,11540
911909673,2022-12-11,Ethyl Alcohol,Antibacterial Hand Towelettes,84624609,11541
514328790,2023-04-30,Atenolol,Atenolol,335106388,11542
750198281,2023-03-30,Fludrocortisone Acetate,Fludrocortisone Acetate,878716595,11543
321897426,2022-12-06,galantamine hydrobromide,Galantamine,666832461,11544
502127591,2023-05-07,Oxygen,Oxygen,710642619,11545
476376747,2023-02-16,Trace Elements 4,Multitrace-4,831776062,11546
129561187,2022-11-21,Promethazinehydrochloride and phenylephrine hydrochloride,Promethazine VC,786222900,11547
222332977,2023-11-12,Venlafaxine,Venlafaxine,515400834,11548
140534956,2023-02-06,Salicylic Acid,Clearasil Ultra,952690846,11549
142156147,2023-11-10,Rabbit Hair,Rabbit Hair,841533027,11550
257129064,2023-04-29,amlodipine besylate and valsartan,Exforge,654504908,11551
